compound name,II_SC_1_Tcells,II_SC_2_Tcells,II_SC_3_Tcells,II_SC_4_Tcells,II_SC_6_Tfhcells,II_SC_7_Tfhcells,II_SC_8_Tfhcells,II_SC_9_Th1cells,II_SC_10_Th1cells,II_SC_11_Th1cells,II_SC_12_Th1cells,II_SC_13_Th17cells,II_SC_14_Th17cells,II_SC_15_Th17cells,II_SC_16_Th17cells
Hypotaurine,2674803.192,2964776.712,2754450.093,2469321.432,2565920.892,2356552.854,2444683.002,1449081.363,1723699.479,1605814.368,1517914.353,2131567.713,2125348.221,1986520.926,1992926.919
Taurine,1929885233,2120106722,1798183382,1784008702,1693858996,1609340686,1634454119,1329024596,1596267504,1431920814,1357356944,2048033305,2052520782,1959363792,2005084064
Glycerol 3-phosphate,33966897.16,37529021.2,38775926.78,34283398.01,21936435.99,22992334.33,25032198.56,23888354.44,30127332.1,32423479.94,30242355.07,31044440.38,38005749.79,33188759.68,34077700.29
L-erythrulose,4334233.152,4095879.495,3772027.77,4084871.016,3369244.557,4664181.201,2531894.805,2727410.028,1732715.574,1138225.464,1777138.278,672702.801,598641.168,475708.797,502953.555
L-threonate,199200525.7,207902576.1,184810700,181016555.3,251066996.8,289065698.7,224025181.2,208014148.4,165523949.5,143859370.9,151476045,91089096.94,90752774.13,90458892.3,93052920.78
D-Erythrose 4-phosphate,2965253.553,3165656.511,2570281.782,1842863.412,2720405.274,1878640.53,2968029.039,1275309.18,1401278.088,1513118.487,1361359.788,247768.497,159838.968,94028.502,194779.431
N-phosphocreatinate,27615716.93,28384527.05,24574066.57,24385092.27,48439749.35,26215198.42,23374292.9,30628470.4,40447149.29,42400594.41,36929856.05,28351400.69,25789870.96,33248748.45,24360620.56
3-methyl-2-oxobutanoate,12096979.79,13020058.12,11054905.85,11841512.06,8603093.172,8157830.277,8992047.564,8235254.283,9078623.919,8532005.502,8490508.713,9245261.739,8923724.184,8149212.189,8718867.168
beta-hydroxy-beta-methylbutyrate,7138782.549,8139422.868,6383644.878,6154363.374,5337970.701,5959942.881,4934064.567,4874105.352,5639226.906,4467586.527,4428778.053,2945034.894,3034609.767,2646840.843,2795468.097
Xanthine,62227503.74,60454626.08,53396729.52,50543891.89,35683580.99,46053665.52,29685353.82,27373328.61,17430125.58,18040131.62,19912559.1,2054909.838,1752347.889,2017765.161,1818346.089
(S)-dihydroorotate,1215964.959,1229477.199,858830.343,664787.304,1000,388792.209,162598.746,4306250.616,1812086.169,1840205.721,1941558.201,598488.024,676699.485,98011.536,510565.947
N-Carbamoyl-L-aspartate,1864886.427,2042504.826,2068984.533,1604688.186,611324.445,587755.647,671769.615,25965738.16,27953409.02,26781713.43,25783337.98,17583499.03,19572977.06,18811199.58,17927723.13
5-Phospho-beta-D-ribosylamine,426127.332,514400.094,517354.224,563219.715,346655.634,394825.98,400298.097,211629.273,120052.485,114800.547,182014.257,794107.101,801415.434,606522.624,752371.107
(R)-2-hydroxy-4-methylpentanoate,1788954.135,1369671.216,1504217.562,1180871.856,842541.987,953950.251,838463.367,690576.834,1114744.47,700059.108,591444.747,390893.988,474417.405,454985.061,424171.659
4-nitrophenolate,2017704.957,1381906.92,2776668.927,1307755.383,1452494.634,1368489.873,2559280.338,1363633.032,1673178.42,2161690.929,1250520.603,1397354.502,1406211.711,1270756.905,1233787.05
2-methylglutaconic acid,7587462.864,6968049.534,6798511.374,6714430.932,5681853.135,8221904.652,4325698.287,5661585.48,3092240.229,1890341.625,3235518.186,307477.974,430689.096,392794.005,338732.832
adipic acid,8325033.864,6992323.215,8761546.557,6843762.24,5689113.087,5078779.419,6823866.369,4359500.559,7473177.945,4593338.622,4211733.198,3575186.151,4667271.036,3814566.006,3122528.19
lysine,71605885.38,278839.269,73289427.49,63714101.84,48101822.49,60851232.84,46854706.37,36320288.79,26783248.09,18465174.7,25953518.25,42527493.71,42631114.22,37416427.24,49212802.01
2-aminomuconate,222001.188,156193.713,264431.781,157364.532,953468.802,822327.297,603962.343,278948.07,389406.138,243462.831,255546.117,159415.989,175780.314,435283.404,137569.266
2-oxoadipate,139168.368,173716.611,168152.979,90969.159,534742.596,583115.376,568271.982,332931.753,457740.483,412830.18,404925.855,215090.532,154562.79,206839.239,178844.13
erythro-5-hydroxy-L-lysinium,274373.505,174676.956,330434.811,290706.555,174870.564,226930.326,187842.99,139587.213,83518.674,49294.998,110186.604,149504.901,188573.385,153616.281,219101.793
arginine,262551311.8,38541863.85,264198350.7,227397959.1,164103821,213647524.6,172847502.7,174569470.7,131010413.6,91324175.67,128212174.3,183945342.9,179800780.9,156620458.2,207563280.5
L-Fucose 1-phosphate,1030073.679,1413849.582,1277321.898,1095098.061,2094673.482,1770008.622,1443993.357,924086.778,1030403.682,1050994.566,1108321.551,777501.117,759169.212,856955.547,780244.278
D-Glucosamine 6-phosphate,5908339.587,6216653.991,5075038.047,2896822.047,6581971.923,5283510.975,6768504.942,4975453.29,5264520.648,5248279.074,4356905.337,2593209.978,2636616.201,2249426.874,2408722.29
6-Phosphogluconic acid,8569000.581,8188476.207,4399597.224,9652230.078,2013969.462,9764267.013,3601338.084,2344511.703,1989661.242,2959287.411,3162605.628,938753.457,725046.918,955754.739,743440.434
4-hydroxybenzoate/Gentisate aldehyde,2989412.355,2190085.725,3151065.45,2469064.374,2241099.723,1962815.934,7395918.528,2106462.843,2424075.108,1998548.019,2223839.46,1977548.574,1743820.56,2345006.433,1711245.003
3-hydroxyanthranilate,482282.277,539749.527,584186.022,313624.914,427611.699,454689.813,534009.06,352515.504,415622.487,389387.271,299928.807,802522.236,857517.663,735425.556,780768.3
quinolinate,632411.763,577468.896,496161.294,554543.13,584925.909,685526.349,437586.255,639857.925,584013.588,517666.773,585390.144,528661.293,541067.265,566659.632,486892.653
2-acetamido-5-oxopentanoate,1440231.537,1204499.223,1433343.618,1014384.045,1828163.058,2185831.806,1049382.594,1258914.456,655045.98,442929.555,703338.267,79966.737,50473.215,61940.526,58705.5
N-acetyl-L-glutamate,19938203.07,19344449.18,21296105.91,18104121.96,20991640.63,22647277.14,18312369.76,19175163.65,13895369.33,11742471.5,14993926.52,9009154.98,8649777.459,8650511.742,8192098.593
L-cystathionine,741829.398,812380.209,696647.583,701105.508,206842.218,286945.938,172183.506,171421.608,154581.957,123817.092,159929.676,209733.33,201162.891,217676.706,207920.409
N1-(5-Phospho-D-ribosyl)glycinamide,748224.885,784146.018,758243.448,284056.611,407299.743,302236.422,450811.818,333218.166,325436.85,332104.02,340791.234,226187.304,312238.593,264426.342,279791.073
Sedoheptulose 7-phosphate,29387472.21,31513679.44,28657625.14,26831191.61,28997900.45,32467472.27,34030885.54,14105477.76,17460075.23,18073517.82,15816270.72,7962506.379,9078513.723,8070181.869,8518206.057
"sedoheptulose 1,7-bisphosphate",3558485.205,3311563.53,1437598.674,3963704.604,3747130.557,4002736.812,1787696.34,1057006.395,660238.668,1282097.181,1838843.277,846891.291,393697.374,1279659.21,917996.802
4-pyridoxate,604802.823,947935.86,524754.447,848938.272,517585.539,818345.607,339542.364,712045.779,65541.06,212451.612,293470.488,127305.126,54072.537,21830.202,61130.967
fructoseglycine,54069153.77,50403353.09,51614934.26,41840189.2,42569528.51,55172804.47,33205642.69,22449370.88,7657437.774,6325366.047,12805299.27,273378.585,352615.134,299821.998,257141.115
N2-Formyl-N1-(5-phospho-D-ribosyl)glycinamide,3533810.499,3813956.121,4118657.892,4679291.4,2324154.528,2342139.282,1571313.534,332039.073,466216.425,553315.872,582409.626,1346070.435,1398727.248,1507331.175,1668692.37
nonanoate,44556266.72,49215144.35,48056306.41,43711552.58,49890195.22,44125957.49,48939869.48,45506855.96,50729732.55,45152795.34,44936758.21,49116717.78,44705487.35,42964478.31,46778847.77
(4-hydroxy-3-methoxyphenyl)acetaldehyde,553760.505,488347.593,442430.919,452050.689,278916.987,373480.734,307513.098,270127.413,219847.452,151703.97,223050.261,196646.16,160016.946,162252.048,155116.992
4-hydroperoxy-2-nonenal,5722872.954,5494352.556,6428348.925,4180731.138,5743718.658,5852789.091,8284549.758,4506778.617,17047188.68,11004914.05,7842876.264,8151971.34,9278538.582,6797730.279,6775772.97
Azelaic acid,1968826.137,1609848.531,1915303.779,1319191.992,1318458.711,1472682.837,1384708.377,1604608.104,2173365.183,1424760.864,1387201.56,1630317.3,1500429.726,1571990.073,1241607.159
(R)-Pantothenate,155006636.4,157145563.2,133211212.2,133623369.6,81380965.58,105594553.1,67755780.87,91763838.59,68960819.87,65912497.85,68504937.46,99337492.34,88866383.11,88574776.56,97717645.61
carnosine,6097511.844,6502850.805,5787515.52,6677508.039,5817747.951,8150349.645,5679135.171,4821907.044,3084552.774,2380541.97,3645362.016,1479215.544,1629613.599,1481438.382,1592924.718
gama-L-glutamyl-L-alpha-aminobutyrate,697246.77,537985.206,771494.937,587787.999,1005900.672,904040.031,1347713.919,321240.828,329675.028,156634.506,175595.751,421721.766,491840.262,359423.7,336237.24
Galactosylglycerol,304230.339,519262.482,600213.9,359376.384,549245.868,772087.149,747641.676,390807.663,1173035.403,548428.452,632311.575,538198.608,663590.097,752741.841,504709.8
S-[2-carboxy-1-(1 H-imidazol-4-yl)ethyl]-L-cysteine,703287.999,752839.116,839094.906,577691.553,572004.783,514901.928,746659.227,979469.142,935106.558,866804.307,783399.03,1533331.269,1583432.802,1223150.904,1610996.628
N-acetyl-seryl-aspartate,2582497.353,2415403.308,2402421.117,2491455.039,3270551.922,3175647.678,2191576.353,1261842.435,976717.869,979921.086,1212935.538,1270962.621,1223563.896,1409105.775,1467301.407
3-Deoxy-D-glycero-D-galacto-2-nonulosonic acid,4182379.68,4307903.295,4647028.083,4487870.469,7963041.651,8189629.482,7473432.063,4732029.732,6037386.102,5592897.198,6103605.516,4885692.78,5378520.729,5253484.401,5693093.91
Perillic acid,218460.645,567783.69,288401.064,417067.857,290568.201,330675.168,219358.206,308197.326,143341.308,161315.964,311579.763,265221.882,159511.092,143644.11,211419.171
"trans-4,5-epoxy-2(E)-decenal",242994.765,375268.203,180493.782,345221.199,370837.992,261566.628,206564.898,333401.904,89606.412,61521.537,265841.637,349073.553,205340.055,241104.111,264232.473
caprate,23313106.48,22324959.81,27206838.39,20175009.69,21907568.35,21856420.37,24855311.02,20814864.65,29254940.95,25923288.64,21180180.72,23104966.79,24377934.01,21648443.32,21733989.18
w-hydroxydecanoicacid,1142955.159,835036.128,1336922.274,796171.692,917390.55,854569.881,1276891.866,876630.882,2271765.903,1065538.659,1116001.959,819468.051,812521.023,760902.225,553091.328
kynurenate,622153.98,1277552.94,546404.553,502135.713,422874.705,572630.7,277329.027,373901.16,174110.595,125698.608,190255.899,107206.839,73923.78,110160.303,119501.937
N(omega)-(L-Arginino)succinate,46448365.11,47619979.18,45366170.89,43972426.95,11695711.85,12118243.9,10458586.23,7660191.501,7928954.853,8146001.034,8065902.897,6072483.744,6131643.333,5925538.101,6045110.427
dIMP,2120615.553,1840124.904,1867537.359,1373919.819,2191720.737,1080319.839,1982354.808,1468162.152,1362525.864,1429077.042,1620277.233,1521873.336,1389101.487,482379.261,1484341.044
L-tryptophan,140426257.4,134959225.5,130330151.6,126142925.3,130625453.6,137803884.4,115145700.4,87689313.63,77771676.29,70746909.08,73149866.89,78153064.58,77179859.29,75025624.04,80744584.99
5-Methoxyindoleacetate,1231959.711,1446367.368,1107899.427,1260606.12,662110.56,930971.934,396381.57,444680.661,102558.081,62437.494,199268.19,27866.754,16678.017,19327.74,16417.623
Glycyl-phenylalanine,79760.52,91448.268,77197.389,80263.68,188193.516,119987.64,92076.474,67396.059,23366.28,15884.307,48976.527,16646.79,10467.12,3058.518,22979.397
laurate,60429489.41,59634234.35,86721195.1,30091764.74,37944554.15,82392942.46,73259946.31,47387016.33,120792586.2,98713176.3,60319409.17,56911740.37,80998313.27,54205969.17,64267847.31
omega hydroxy dodecanoate (n-C12:0),1150862.268,698745.3,862115.913,753185.301,880759.863,894518.514,910804.464,633379.143,1710551.448,809592.57,867257.067,816544.164,822959.487,782853.801,681954.459
Dodecanedioic acid,3459013.542,3422202.543,2983123.704,2896888.497,2848988.61,2932045.932,2866562.928,2392266.015,5735145.93,3655401.219,2592485.646,906380.712,991814.745,752653.134,650854.431
fructosyllysine,12200282.69,223486.722,12347277.53,11280015.68,4504443.423,8106221.268,3877723.356,4694112.711,1673890.719,708462.543,2248789.584,1485035.202,1621371.819,1427724.222,2216152.998
tetradecenoate (n-C14:1),4075412.343,2425590.663,2960516.274,3482359.683,3814432.323,3350278.176,2082987.384,1837285.011,2422777.005,1947330.672,2085799.212,4872950.325,4532139.135,5805192.783,4910324.112
myristate,192385540.3,127794902.4,231680957.6,115796748.9,114714620.5,165126371.9,138688614.5,107513674.3,292873240.4,273863549.3,114113750.6,178686130.6,249190865.3,199227769.8,177541416.1
omega hydroxy tetradecanoate (n-C14:0),1902207.702,1075354.344,1485206.403,1252545.969,1662227.673,1885265.577,1435237.866,1093521.513,1862310.858,1310269.263,1331723.976,1461816.261,1208766.462,1115319.264,959887.134
3(S)6(R)-dihydroxy-tetradec-8Z-enoate/3(S)6(S)-dihydroxy-tetradec-8Z-enoate,48825762.92,50369813,42927495.4,45458846.68,26735582.4,29315588.6,19560963.27,19804946.88,12342129.93,12436872.08,14312330.74,2966950.785,2646326.88,2512385.499,2367895.176
pentadecanoate,38118978.62,30596825.9,50415877.74,27468031.41,28406573.37,34696482.05,42689893.55,27071084.72,55787265.07,56742451.6,26809808.46,35428287.34,43568427.65,35298898.52,32643066.82
palmitoleate,37156192.31,26699811.85,33294825.9,31789570.53,31410830.3,29808914.48,20372284.78,16832910.16,23885391.94,19879125.21,16057167.24,58704287.99,52102714.08,54234849.56,54566986.95
palmitate,1319235439,1017913874,2066917584,1020448964,898300401.6,1540691183,1350230063,969806144.2,1778143804,2263818418,1047248549,1341738183,1934986529,1621515287,1575571148
omega hydroxy hexadecanoate (n-C16:0),7166569.86,4611946.965,5548660.863,3835499.688,5559931.947,5851241.73,5993712.408,5278667.115,7147743.255,6554051.25,5298265.815,11294167.54,10767345.21,10988795.24,10445794.46
11'-Carboxy-alpha-chromanol,10145349.84,1341221.145,20842567.28,1395247.383,1590356.925,4771800.63,10630721.39,1181040.831,9300714.588,8622746.322,2152692.492,1235925.363,3677962.248,1931210.658,1173745.008
Hexadecanedioic acid,1394599.41,811478.688,1090024.542,651735.867,811176.24,884371.821,1590402.693,935755.431,1652216.226,933809.307,932992.935,913159.299,854396.652,565644.843,480436.932
margarate,39509329.82,38070281.48,47109104.76,34031303.66,31509822.46,39055711.22,38449231.3,30496336.72,45051867.48,55004702.13,31173733.92,36782336.27,45071297.74,38838287.85,38652225.53
stearate,615038623.4,595210074.2,831240640.7,611638194.3,454026291.4,798539127.3,654199559.2,511430182.1,538863850.1,1030387333,581265618.5,589732887.8,880079374.4,768992287.9,797520512
"8,11,14-Eicosatrienoic acid (DGLA)",4315223.499,3825507.807,3440008.788,3456194.64,5321318.367,4690096.767,2772432.933,1792625.892,811921.893,963600.402,1464926.25,2709079.458,1691646.678,2648265.27,2592037.251
Eicosenoic acid,8564157.777,8745644.532,9016995.27,7842969.714,12403242.38,11147905.66,9057460.824,4221794.037,4253285.736,4623793.29,4406307.966,9134202.528,8512366.524,9345426.033,9671255.727
15(S)-Hydroxyeicosatrienoic acid,298385.739,399568.419,362242.419,357877.734,590241.189,343105.821,258020.748,275052.237,90911.808,89745.279,210718.767,720906.114,371314.749,391148.394,635275.137
N-Acetylneuraminate 9-phosphate,183124.62,367504.605,208140.327,163409.961,139109.763,78522.375,337639.896,141111.765,177947.358,174198.081,158334.324,434653.944,522777.897,228010.425,490724.793
(R)-S-lactoylglutathionate,7971282.171,2909473.731,4478763.909,973022.541,13654709.02,8145058.875,2681319.102,693014.586,4653162.366,3207719.457,2098040.859,1000,38579.346,765979.197,19757.226
UDP-alpha-D-xylose,2545472.436,2269345.236,1351824.276,2214843.402,2229874.143,2241124.254,1050065.586,935041.044,1682201.79,1841271.489,1310453.982,747446.655,671692.839,1176055.605,765948.105
ADP-ribose,1013471.415,3158009.217,2991332.952,4011916.905,160890.576,524161.779,2663791.29,2236009.722,921487.596,865326.399,2483478.453,1471143.705,1281307.194,562161.285,1532940.528
UDP-D-glucuronate,8741695.404,4791883.791,1511757.639,5744807.718,6576838.683,6470555.034,890405.421,2308363.059,2288101.119,4647668.379,4069628.79,1467214.266,485487.99,4711906.431,852372.666
GDP-D-mannose,11835823.82,9202503.57,4790162.289,9299853.531,14473209.13,15437423.11,7017699.375,2601169.386,2450920.257,3238938.435,3803662.11,585299.913,353800.668,914103.39,580877.751
NADH,26524137.92,13466968.63,12929906.51,9311133.228,70121095.2,7872293.178,3870657.579,697055.706,3578089.368,5332204.683,1369416.816,670747.119,1892187.006,1582281.285,552934.839
NADPH,4530543.108,2242503.429,1032790.737,1030828.647,1000,262618.308,309132.774,132330.918,609725.262,1128288.237,227449.854,1000,1000,1000,1000
glycochenodeoxycholate,2096929.926,2372765.007,2024331.222,2226887.922,1661170.164,2084839.353,1322931.675,1022747.943,393795.912,476086.071,583235.082,3691.08,7878.507,3179.55,1000
taurolithocholate,439021.488,456241.245,428837.601,460789.26,426640.095,360523.089,233686.071,240269.019,1000,105916.395,132790.53,1000,1000,10058.259,5741.919
cholesterol sulfate,1031116.728,739900.191,432949.335,626493.267,814755.999,397430.175,297700.329,327391.71,1000,57917.034,274779.663,214740.294,202368.852,261340.644,323842.452
C4H6O3(3),14176329.97,13825348.81,14304424.1,11916918.74,9146898.75,11785036.04,9691170.474,9482224.05,9621528.975,7971677.529,7713862.287,5047187.796,4260393.117,3588308.631,4769796.783
C4H8O3(3),19478319.46,18945031.06,18378570.82,17291521.6,11920293.26,12689196.26,11308661.41,12363941.2,12731892.66,11489808.86,10755676.18,10299723.59,10824327.17,9751372.005,9610953.996
5-oxoproline/L-1-Pyrroline-3-hydroxy-5-carboxylate,5196332425,5141607717,4901625559,4869070762,4677649580,5097624590,3843807633,3871509463,1322850174,848874662.8,1196935557,1309516125,1228061773,1191035959,1577328247
itaconate/Mesaconate,22781305.94,21419124.96,20233058.53,20158523.4,26222963.3,27048979.74,24016320.71,17206329.07,17653990.83,17218016.73,16716426.38,12927403.1,13166270.61,13446651.58,12591386.01
L-4-hydroxyglutamate semialdehyde,1556267410,1616781767,1597390103,1505340736,1577267015,1626750270,1511754312,1057003716,1108265850,1113273637,1118875239,1098396307,1140560085,1106796157,1113979409
C5H10O5(6),1716714.255,1717372.263,1352346.831,1428117.696,1545600.018,1808287.575,1065498.177,782567.304,629537.766,376944.087,460403.637,264430.353,372200.43,377744.754,287084.85
L-arabinitol/xylitol/D-ribitol,13504586.43,12854238.19,12290857.77,11819210.25,18134821.72,19367989.63,16266046.61,12555667.93,11319769.95,10881082.22,11932833.94,6129056.091,6563240.868,6208593.837,6489219.912
L-xylonate/L-lyxonate,28958072.52,31797361.26,29352982.42,28837562,38461007.4,41830974.85,35240519.19,26534803,25506140.32,22780772.15,23920716.39,13921766.36,13682336.86,14863349.14,12967801.25
2-deoxy-D-ribose 5-phosphate/2-Deoxy-D-ribose 1-phosphate,3212457.645,2322744.825,2470849.905,2592834.234,2828685.489,2609824.968,1657818.795,1005231.834,1571365.761,1224654.372,988737.489,214996.488,264527.541,291115.149,202529.457
ribose-phosphate,10277996.16,11991218.99,11827960,11507514.71,9328620.12,10888997.87,10632464.06,5732449.269,6848829.093,6139956.759,6472719.855,12205049.76,12596957.67,9121039.209,16007309.5
3-methyl-2-oxopentanoate/4-methyl-2-oxopentanoate(ketoleucine),87462673.85,97448895.11,77638455.26,85372690.59,33095164.36,35939557.58,30702667.29,32401378.95,21637153.25,22814802.43,21977587.19,32414539.54,26009168.6,22473059.14,29512327.08
L-fucose/L-Fuculose,1073108.907,1002041.403,811379.613,755562.714,865001.631,939237.153,774099.42,897754.722,928313.937,608663.034,672537.855,2242382.202,873675.558,751938.543,724317.666
N-Formimidoyl-L-glutamate,9689618.844,9725572.149,8313404.679,7811865.753,8504653.431,10155126,7004265.945,6888877.137,7472251.698,7636663.464,6979619.328,13754263.5,13563089.35,12868986.69,13293029.21
N-acetyl-L-aspartate/2-Amino-3-oxoadipate,11466499.76,10875755.21,11941699.83,9698220.288,92709649.05,94628808.76,80377105.19,29709544.82,20698815.19,18194982.84,21779210.85,16918578.88,17345509.49,16915382.06,16049718.73
3-Keto-beta-D-galactose/L-Gulonolactone,549208.752,842448.792,666506.928,709168.083,1341629.037,1325849.352,1065795.738,707942.73,936916.575,852567.807,960432.912,529709.151,626594.625,749210.244,588169.173
C6H12O6(5),405395042.9,398459208.3,376404259.8,351860541.4,564888428.9,612057537.3,544799731.1,297812646.8,282550527.4,286353421,285606882.7,247263533.7,253662681.8,250660958.5,249830112.7
L-Iditol/D-glucitol/galactitol,36657217.4,36213963.93,34917297.21,32550456.14,33456574.8,39752867.52,33172591.44,39758312.39,33658837.13,30205702.73,31426560.67,153335271.3,44800385.02,39120623.18,41674869.95
3-dehydro-L-gulonate/D-glucuronate/L-iduronate,2952403.083,2764574.169,2917376.73,2216912.442,2329425.216,2413828.08,2598318.747,2844788.019,2577922.551,2086435.221,2013902.598,2710769.478,3104089.836,2863538.472,2838759.672
gulonate,51391579.64,61624586.97,57164928.61,58758331.43,111737749.9,128723625.8,95404050.56,64144890.14,65043729.64,56864547.39,69813741.88,36553025.48,34856932.49,37245309.8,38062981.79
Methylisocitric acid/2-methylcitrate,4109838.591,4030351.857,3844381.833,3583845.276,2631960.654,3137963.397,2753846.742,2394165.231,2169095.718,2229789.033,2180408.526,1530814.803,1405130.979,1581222.231,1510134.384
phenylacetate/(4-hydroxyphenyl)acetaldehyde,14043153.56,12220538.83,11313099.65,11634849.81,10998315.65,10680583.35,30270396.32,10430081.15,10414052.39,9273313.974,9890301.042,11678117.44,10119639.77,9009213.609,10621622.29
"4-Hydroxyphenylacetate/2-Hydroxyphenylacetate/3,4-Dihydroxyphenylacetaldehyde",3441707.532,3202420.965,3843839.532,2541153.189,2884947.093,2589462.087,4217912.04,2400538.926,2316812.472,2567734.692,2850294.876,2547925.716,2266825.797,1985612.46,2465801.415
N-formylanthranilate/noradrenochrome,877445.433,383037.003,351727.575,359786.895,221284.74,448332.642,255292.116,375899.277,3194163.645,527813.508,897088.083,456714.063,585863.055,392288.526,392173.92
"4-hydroxy-2-nonenal/3,4-epoxynonanal",3222299.901,3839754.144,3111040.764,3439611.69,3733305.231,3163781.7,3386839.821,3494746.185,2646537.054,2869909.767,3387930.621,3462072.81,3027176.979,3246015.192,3689529.558
4(R)-hydroxy-dodec-6Z-enoate/4(S)-hydroxy-dodec-6Z-enoate,1501455.141,1299654.438,1606198.794,1194604.323,1390088.79,1093647.81,1529709.111,1397487.534,1638271.629,1139603.181,1404661.2,1645238.628,1319022.861,1203283.257,1149463.167
linoleic acid/linoelaidic acid (all trans C18:2)/octadecadienoate (n-C18:2),52119261.09,50488653.28,72987543.42,26133030.22,38771465.49,74145008.66,61551729.3,39198628.02,58664052.08,68595763.47,54513720.15,53523734.09,68653615.28,43875830.63,73453349.31
oleic acid/elaidate/trans-vaccenate,174636782.9,138230248.8,181958808.4,126298396.3,178189144.8,191680348.1,135502232.3,93467656.87,128198532.8,121597066.4,86249454.81,252792124.4,228345287.5,219335013.9,242179033.5
9(10)-EpOME/12(13)-EpOME,1311639.06,1213069.809,1685163.87,921739.215,971176.011,1674197.628,1197696.177,1186946.127,1670833.791,2008123.515,2499898.353,1948455.123,2278371.339,1676801.115,1969352.499
"9,10-hydroxyoctadec-12(Z)-enoate/12,13-hydroxyoctadec-9(Z)-enoate",1548550.308,1053091.473,1626590.205,921240.033,1141377.921,1393434.123,1818875.736,1416761.253,1987402.704,1989618.681,1677306.765,1260957.57,1380754.869,1177716.378,939766.722
pristanic acid,2169658.593,2015897.043,1971049.65,1971113.805,1992509.892,2777414.538,2027169.408,1787787.846,2333933.919,3284760.198,2002181.817,2455301.211,2732628.639,2848273.908,2667268.452
C20H30O2(4),2042510.967,1971048.195,2027708.862,1778043.726,2053544.766,2089242.465,1181627.385,1104739.131,1291919.523,1027790.553,1302063.651,1338889.476,807299.001,1223159.076,1368407.061
arachidonic acid,11177138.96,8861174.031,7543826.19,9877620.219,13184113.53,11656972.01,5446776.387,4879839.459,1579625.322,3000927.555,4370404.197,9408394.368,5512883.778,9827578.923,8552091.195
phytanic acid/arachidic acid,4172834.919,3635983.185,4680676.572,3955221.222,3775039.278,6245461.953,4998602.994,4050890.832,4615170.534,6575156.703,4587754.365,5074817.697,6696295.833,6710612.61,7553329.581
C20H32O3(12),289099.584,530048.409,372814.323,411401.322,543177.861,384414.828,388165.197,527479.986,88247.913,90365.565,364409.004,740397.603,386467.746,447952.98,723411.681
docosahexaenoate(DHA),7543633.164,7484756.214,6834021.489,7329495.141,8608579.812,8070896.031,4479214.842,4128785.346,1210917.936,2416322.694,3314524.221,6750698.124,3913401.489,6511503.564,6368894.028
"clupanodonic acid/docosa-4,7,10,13,16-pentaenoic acid",4284501.375,4363593.351,3834180.231,3790501.695,5390797.785,4688855.061,2610518.661,1971600.939,686349.732,1132072.989,1504294.089,3439212.306,2208633.462,3575141.979,3490256.82
UDP-D-glucose/UDP-D-galactose,53271123.02,45715087.93,33391051.99,47566182.24,82131878.66,84551755.72,45097417.82,32675210.88,43020012.99,47974507.34,40892226.26,28596714.28,23515797.89,38343340.88,26151453.73
ADP-mannose/GDP-L-fucose/ADP alpha-D-glucoside,7773178.338,5973714.348,3189130.377,6151564.749,6348384.807,6223802.013,2516070.729,1611843.948,1658639.859,2407257.711,2717063.397,2117018.661,1252183.725,3171355.356,1779406.416
UDP-N-acetyl-alpha-D-glucosamine/UDP-N-acetyl-alpha-D-galactosamine,223744947.4,233406652.5,197356164.4,209190698.3,305432961.2,282314983.8,234940414.7,111908166.7,123592513.6,133232581.9,125380058.1,185789186.5,171876027.9,200271304.7,171611042.2
Taurodeoxycholic acid/taurochenodeoxycholate,4969282.518,4983373.881,4910768.982,4910390.169,4842238.926,4183624.026,3463859.592,2464910.847,1616904.27,1162826.967,1954390.158,110685.78,5547.915,62283.741,17726.67
C27H46O4(3),208947.036,163603.77,408878.217,161353.578,304063.911,495803.871,425578.266,196135.203,311235.411,162348.21,218645.34,125833.716,338060.889,114446.817,19935.63
Ercalcitriol,213228.276,416595.618,113300.439,419231.976,1280429.505,1236069.951,771295.872,53799.324,1000,1000,24918.666,177411.444,30433.935,150588.264,196198.569
4alpha-5-epoxy-8alpha-hydroperoxytocopherone/7-8-epoxy-8alpha-hydroperoxytocopherone,149887.851,110547.159,143928.144,92003.532,131885.199,92271.168,89195.703,147137.49,210022.839,151548.084,105529.323,161888.211,201800.538,122355.984,178116.141
L-isoleucine/L-leucine,1702213848,1609630489,1534426463,1488342162,1345312839,1669395102,1147970661,1186834604,882467178.7,797697400.5,863462435,1041983984,997622890.1,970441860,1105070101
thiosulfate,8876669.883,4068888.633,4066051.836,4872417.969,1772018.577,7750842.993,1923511.332,3702265.983,10185313.88,7154001.12,6117677.286,4937163.471,7871871.147,12699078.39,3848846.373
Diphosphate,89470173.98,100985766,99783354.06,93259498.55,64436698.25,98194994.83,50456400.36,53340319.58,21050484,27719702.25,33027750.5,74330265.76,72574487.92,72694564.78,91226688.22
L-cysteate,493318.272,279386.394,379804.86,221170.662,264012.21,302630.28,228455.592,330609.618,383189.67,183310.335,230804.685,514221.69,391928.457,358091.523,457583.175
D-Glucuronate 1-phosphate,857261.391,949513.17,470209.935,692439.528,235740.693,335877.399,279112.635,345729.537,321767.448,175276.557,319164.561,462328.896,211595.904,620320.668,362485.296
dCTP,756035.682,409746.393,90199.188,579318.915,898306.569,961949.961,143058.846,377249.355,152617.689,364038.21,612686.643,131726.979,1412.844,341221.257,38649.135
L-glutamate,1536486328,1597289122,1580026571,1489900543,1559422784,1608943281,1494014979,1043321524,1095637581,1101975333,1108629162,1086937165,1128442348,1095186060,1103651488
myo-inositol,389693022.4,383650961.6,360803960,339748417.3,544947036,587426255.3,518101926,286140640,269568041.9,275111739.1,275897463.5,239634123.8,241819337.6,242313351.1,242203551.3
uracil,9967845.894,8752930.461,9794371.122,7526162.4,18849792.69,21313381.07,18918900.32,21807901.78,21498660.92,22049437.68,14287340.36,51906759.23,59909158.98,53304837.29,53298427.33
aspartate,452420829.7,482883090.7,480142971.8,432086569.1,729748557.9,742426555.3,769910406.1,609654522.3,705876058.8,676412712.2,652505130.7,1633958602,1754898942,1587215418,1592993873
 Hypoxanthine ,83039675.78,85341103.7,86470694.71,58589444.96,96435361.54,135131450.1,103298856.2,70311953.08,51720498.5,62206998.27,41604627.62,295278048.5,301785573.7,262241893.6,314166767.4
 5-Amino-1-(5-Phospho-D-ribosyl)imidazole-4-carboxamide ,2276739.807,2380742.121,2700425.583,1935244.026,2793700.224,3179095.767,2477519.871,967340.247,930362.178,1039685.844,925672.602,942779.46,963794.202,857850.498,1166414.379
 IMP ,17386195.18,16717829.79,20771715.44,14061857.47,14415465.48,23396676.44,23395862.59,7630723.854,7930845.06,8686397.403,7770794.985,44711448.01,49994950.88,46250323.83,48282216.84
 GMP ,30093346.56,49465345.81,60043193.08,35738013.85,22592398.71,25440001.33,36536790.98,34695180.02,30861440.37,33061644.66,28409830.07,58438733.71,71566062.97,55977255.79,68372119.43
 GDP,62345855.43,34054102.02,15431015.59,37783523.42,66773522.42,56112282.75,16626441.05,13659831.8,9237373.806,17173432.6,19115802.3,16121710.51,6403605.264,48362534.57,16089354.8
 GTP,58156004.75,23910906.81,9204749.625,27581656.65,67823170.62,36287234.56,10113399.52,11938355.26,7287959.709,11518610.48,17227848.69,9102175.422,3397088.154,25310723.39,6266377.395
AMP,252466702.1,254329707,318467167.4,207173421.3,142774931.8,191676143.1,182771799.6,151242844.8,155050902,181765005,138699917.6,304042232.9,392956286.8,309072915.1,365569185
ADP,516305385.7,359637972.9,211794687.1,380544037.4,539864831,560068208.2,228119759.7,161801810.2,116536854.7,181589223,228539085.2,190037356.6,83874080.09,365202630.5,186030297.1
ATP,539575304.9,334827223.3,149403599.9,356440133.2,687666464.1,454964770,175324868.6,156470159,87758643.66,153174533.8,233161488.8,124741936.6,43331661.64,236095630.7,89581821.67
 CMP ,10748953.6,15786678.62,16802019.65,13439697.12,14137438.84,12445116.39,14200455.74,10021284.44,10256217.61,10893775.85,10128609.76,15078165.88,16792385.79,14862434.67,16276594.11
 CDP,21192027.44,11200272.94,4938685.566,13968888.53,40285292.58,31782029.39,9378668.889,5959244.844,3722742.354,6052044.69,9203350.425,7294357.863,2396192.817,20110570.25,7359741.48
 CTP,24639598.45,12619574,4535660.904,14181922.79,39776577.3,25529932.18,7322896.788,7213017.294,4104752.331,6878216.346,10591113.65,6811151.412,2191988.31,13462385.69,5076979.635
 UMP,64913650.31,85625245.96,89023782.61,68580409.75,58545698.99,69364498.71,93243872.7,77062412.09,59795392.81,74796096.51,77950246.84,102509605.5,108047440.9,95377904.98,106834000.6
 UDP,81494063.32,47948564.1,25999028.48,54336550.48,140007989.3,119523774.1,40158699.94,28871896.18,19566097.08,30749410.93,43984672.28,36646135.25,12448272.33,88717329.07,35913938.79
 UTP,85277735.92,46052843.92,19937500.88,49858693.51,137480283.7,86928718.8,29551327.6,31624982.45,17929250.57,31032015.72,45561912.33,27149934.21,8931730.209,43704820.19,18905618.37
 dUDP,1628154.639,1233945.633,645158.802,1150324.071,1408035.759,1839649.704,588026.49,387647.955,365632.38,433802.964,509783.781,193853.016,100024.398,253970.262,91803.684
 guanosine ,8819069.7,7728042.348,8427759.666,6001711.746,17408265.74,18401134.55,18438033.45,6368069.442,10160532.6,6390269.379,4715219.463,29373403.42,33824295.6,30297558.54,36540228.43
 cytidine ,29490527.16,24079039.62,28766254.84,16474469.3,33645963.32,36748410.91,39442854.61,27959235.42,32354132.93,31260853.56,20967955.3,62272810.28,75816562.46,62173885.98,64829048.08
 uridine ,47599266.67,44394521.59,54978771.55,32349158.97,38736108.47,44803092.53,47517684.9,22715891.77,24057424.96,21732500.06,16926511.94,45214512.82,55360111.46,47195638.04,52684532.12
 Thymidine ,1908591.552,1813463.214,1733361.222,1513682.097,1038346.815,1088365.008,998347.41,629992.794,660204.498,686962.941,584356.068,261410.985,455809.431,268566.48,295737.087
 Deoxyinosine ,505441.401,525472.374,471179.991,385997.82,355879.812,492180.744,424521.549,327527.439,239473.932,297726.534,227042.289,155982.447,171662.994,160446.438,127048.737
 Deoxyuridine ,2190553.458,2133867.534,2183299.674,1882402.941,2085186.63,2069294.094,2358197.13,1496750.754,2421458.367,2492842.002,1973799.612,563646.21,621607.599,592905.144,541931.049
alpha-D-glucose,26173688.15,25700377.93,25749502.04,24485401.02,19953463.76,28368388.5,15501278.47,14271262.25,8424830.211,5008490.046,9034496.604,999116.913,967034.229,1056729.891,779469.162
G6P/F6P,162275260.8,171026859.9,159480616.9,94161658.1,137644618.8,95560146.32,152850274.8,74919607.48,78823612.26,80247307.45,71534295.15,12443197.21,12707588.43,12319141.67,12328483.03
"beta-D-Fructose 1,6-bisphosphate",35161871.49,35886984.96,13564296.56,57978357.91,13067309.9,42828146.06,12536455.47,9305586.582,6061413.192,11823481.75,18992606.12,4050818.997,2627571.411,5026195.371,4990023.096
Dihydroxyacetone phosphate,7148278.995,7066709.187,6723726.252,6406910.487,10916989.38,9151603.362,7285636.761,8021124.42,8124454.803,8828693.538,8208559.431,894293.256,655484.895,715998.438,834267.765
D-Glycerate 3-phosphate/D-Glycerate 2-phosphate,39333431.94,39929295.56,17058389.23,49244560.03,25000676.91,38469245.06,25849800.25,15647069.69,11296037.93,17774602.64,20284705.83,9177074.772,9311143.989,13431381.83,13797553.54
Phosphoenolpyruvate,10800197.48,7572266.265,4664114.4,12107063.54,15201377.45,14044534.72,5326407.342,4939848.468,4980592.71,6537315.132,5379686.418,2210072.025,3870766.698,5785203.855,3184054.122
pyruvate,14236104.23,12562167.04,12868529.62,9655514.298,37913726.67,15697418.57,14467374.58,14594644.25,23163375.34,20822675.56,14085781.4,6087761.901,4585933.728,4196670.366,5543354.157
lactate,11644914370,12670225470,10729352320,10240341132,8641582690,9395014901,8231957145,7047310869,6981815373,6394192378,6053921118,395701820,493976509.8,418420791.7,408282750.5
citrate/isocitrate,707341696.7,730680828.2,521231238.5,685649384.4,668879045.9,844378165,472998548.7,543177055.1,434643991.5,543615717.5,523908880.4,576653172.6,425520229,600858280.1,552630024.2
cis-aconitate,2866272.264,2919619.011,2283037.038,2230880.523,1358113.194,2343157.407,2506758.237,2767862.046,2853763.488,3174998.988,2603709.432,2329719.36,1992222.957,2464376.151,1793076.735
2-oxoglutarate(2-),25336976.66,23767224.9,24551022.94,18716574.24,9465276.012,11982176.24,14810871.78,13754515.75,20219161.98,17247382.94,12773962.37,10009751.77,7907463.477,5194599.582,9480628.764
succinate(2-),436823832.7,425794930.9,408262826.7,397132714.7,260447692.6,277848868.5,236802649,168420318.6,113989237.9,90127120.68,98756469.13,93099932.43,102274938.8,90726865.81,104049255.7
fumarate,170887117.4,174252932.8,162482078.9,160910070.7,97399954.06,101872813.5,92563624.47,68854160.13,69982821.89,71259750.83,73299302.96,73897240.72,75949610.19,70074136.66,75767693.7
malate(2-),1112980995,1162919264,1038272412,1093083984,603169496.8,658452279,534345039.7,389813553.5,388328419.8,402487785.4,427697811.7,291572017.8,258710201.4,274994661.3,307045017.2
acetoacetate,7253254.005,7069915.743,6807240.735,6597289.593,6965856.261,6271778.286,8445292.965,8921962.215,7866627.021,7883043.243,8174406.663,9855960.855,9260721.261,8726362.476,9019185.915
2-Hydroxyglutarate,39586386,38084073.17,41821140.57,39728266.16,54675755.82,57134562.64,50289752.86,30541358.32,33344597.24,32468383.64,32636213.74,21594956.39,22319179.77,22893369.25,21011743.83
dUMP,30745.869,57587.817,59443.419,145611.975,55621.635,24269.778,22055.166,47674.911,74773.677,122473.461,96553.005,60068.088,11584.2,45315.849,69727.686
dTTP,1831527.165,1276630.305,508180.194,1300856.016,1351288.377,1017900.432,394230.681,761772.684,421457.961,743485.383,1224159.357,474452.646,88186.86,488575.017,305186.727
2-aminoacrylic acid,36669679.13,37893911.07,37535325.26,36124913.05,47597630.45,49590620.85,50000567.77,44853277.32,48813095.3,51446322.96,48648156.3,107429795.7,116837873.4,110702505.8,112828604.6
N-Methylethanolamine phosphate,879451.536,784848.582,762141.399,765399.09,525744.09,508168.305,549206.865,2710132.017,2521625.25,2693205.666,2787588.711,5650023.087,5726086.74,5876887.32,6139967.604
creatinine,743043644.3,787775112.8,720833234.3,769270234.7,612980386.8,853749833.8,546846870.1,514475612,330257980.9,318829205.8,397214234.7,92940802.06,90658003.79,104102062.4,100432491.9
creatine,2330782246,2460684799,2480794077,2436442014,1851952095,2384238812,2511580490,2614411347,2651893170,2766600669,2795863596,2393532302,2599258424,2361687389,2472228102
Phosphodimethylethanolamine,12023135.86,12367146.53,11173349.25,10709956.36,9977757.666,10683365.46,8843938.26,12446515.1,10170322.14,11221216.5,11599414.15,11031388.42,10988756.54,10872429.8,10878777.77
"5,6-dihydrothymine",87667605.04,86309967.44,88470125.19,82170509.91,84781520.66,74770487.12,73139537.31,51712221.56,46061313.27,49911059.8,49865363.36,32859584.62,34734788.81,34474487.82,32856287.96
2-deoxy-D-ribose,935275.413,868531.32,878166.918,774643.122,827613.588,1071432.447,764585.016,959646.606,858454.401,1069945.494,912496.464,1566362.112,1467166.668,1582228.407,1597318.14
2-keto-4-methylthiobutyrate,1965731.019,1985659.059,1736235.495,1645355.349,1203463.413,1333560.03,1190835.189,1320601.179,997225.725,833259.576,882248.577,2265670.305,2069119.155,2149323.561,2310708.333
L-cysteinylglycine,8592744.741,3071714.076,5103768.444,1203350.868,10043160.91,9607696.284,3659739.33,1002285.096,6275298.81,3672566.799,2123093.775,1000,64550.655,1776228.144,1000
choline phosphate,4430528678,4483134598,3982208379,4038204461,3221842752,3409224052,2992737377,2381629610,2398153102,2457410190,2545775800,2397586927,2426741574,2481520399,2455096682
Nicotinamide,189430058.7,242190970.3,189127451.6,265376629.7,162142798,196211133.3,146202847.7,180413681.7,63313483.76,73992852.37,152810174.1,350548464.1,224779933.3,257563204.7,340782390.6
Urocanate,8599527.69,8468675.283,10875220.92,7198279.557,12101404.01,7670563.401,18157067.54,7067436.213,13506078.32,11869290.34,16498163.7,12777040.42,12211298.51,12761147.06,14568883.41
Methylimidazoleacetic acid,4076437.098,4149667.809,3729180.723,4198604.325,4603830.618,4304109.006,4147123.587,3656821.395,3564389.559,3255925.551,3263004.006,1880717.373,1518190.101,1543502.112,1482373.515
citr_L[e],13222018.38,12881384.11,12598787.33,11683451.45,4818671.475,5843716.593,4445686.491,14360972.41,11298348.04,13133166.32,12123098.44,10389637.69,10043695.87,10348444.31,10645299.08
D-Glucosamine,2825127.93,2574590.163,2145429.984,1507926.51,1794124.848,2190083.1,1216684.134,2300737.806,870790.944,677969.241,955503.9,9551.319,3423.798,7197.84,1000
benzoate,8824651.23,8774885.913,8431308.873,8225338.257,7562809.56,8716341.33,6274293.954,6116782.779,5493339.051,4931770.038,5056159.29,5438775.753,5364751.827,5378342.94,5448313.719
anthranilate,14369534.27,15344273.79,15139610.73,14311633.72,15420565.33,16683720.16,15836840.83,8740313.067,14747193.62,11993203.76,12924013.25,12351957.04,12425926.19,14445614.58,13443240.58
N(2)-acetyl-L-ornithine,2142691.347,2127417.786,2354688.45,2296453.689,2046043.155,2093680.731,1688511.369,1682176.161,1108719.21,1025998.065,1104297.864,626918.508,747389.652,885900.936,780783.378
dopaminochrome,12657188.24,11259110.93,11990151.92,10725901.49,7953882.471,9583427.997,6107843.985,3789316.797,3725991.792,4789900.911,3935106.228,2169206.376,2303141.856,2492433.066,2252901.948
Pyridoxal,9987377.349,8861461.134,9481730.928,8208891.954,6268268.31,7439019.804,4523092.167,3070468.629,2759981.037,3706061.757,3030603.342,1771883.697,1893211.32,2107117.263,1962322.656
sn-Glycero-3-phosphocholine,5296977950,5360779786,4641602917,4723324924,7374585363,7852628384,6593786003,4249358444,3527030692,4096989861,4209921850,4533010352,4408338338,4665669563,4453019291
5-amino-1-(5-phospho-D-ribosyl)imidazole,235925.631,2563276.413,3541634.487,2616730.548,2622033.021,5748174.879,7153742.964,4058518.971,4885936.584,5812488.873,5433921.162,4613552.808,6223159.773,2354619.234,5563778.172
coumarin,4387036.113,4560246.417,4105681.635,3605239.068,3686024.436,4048756.83,3227498.979,3161942.031,2591612.907,2422590.24,2414666.763,2708765.928,2418818.67,2578282.866,2867862.75
N6N6N6-Trimethyl-L-lysine,80181529.13,4746702.579,79649411.17,63997220.95,52711293.29,61926644.79,52989140.18,36385190.2,33461943.11,27564235.82,30617125.61,26051152.4,28267295.3,24602478.58,29618399.23
L-Alanyl-L-leucine,1219361.301,1348569.708,1220550,1397650.839,1267245.828,1571644.068,1083049.527,1416213.585,2007482.7,1114274.937,1366116.234,910961.661,973835.703,907812.171,921735.006
3-Hydroxy-N6N6N6-trimethyl-L-lysine,1670826.057,1189425.747,1557432.219,1384936.983,1024811.496,1077213.45,957130.497,623732.307,404715.612,353354.298,436304.697,293956.068,291402.252,278415.393,342801.897
C9H13N5O3(4),697912027.8,678399667.2,638057949.3,636644270,601791927.9,695045733.1,490793153.9,564534826.2,355754516.7,293952313,372687070.7,406833136.1,354604245.7,364285131.6,398475391.4
5-Hydroxyindoleacetate,699058.017,649011.18,596837.412,594596.937,588483.258,664578.75,448697.307,347985.489,248329.098,255885.339,288032.526,449377.971,464284.665,442311.225,573442.053
N-methyl-467-trihydroxy-1234-tetrahydroisoquinoline,179882.625,130714.617,211541.274,129256.8,82075.221,81395.118,174727.176,106290.942,152510.169,139700.085,105888.405,68887.656,118834.686,78535.473,61991.952
xanthosine,636014.79,695064.513,725457.861,747010.203,594882.657,486622.635,581032.734,384700.371,220094.418,327060.777,341374.779,118514.937,130141.068,105299.727,151737.168
glutathione,618203172,244329850.5,372173802,98234203.36,685331264.3,682105794.2,258020365.9,78471509.32,432669604.9,262083243.3,165417895.3,3394327.719,11880607.61,125965695.9,3998088.33
beta-carboline,595226.361,645170.019,779381.865,612879.543,571904.313,623629.422,509957.619,525718.377,474340.056,455564.475,439180.611,3565592.883,3588776.64,3552295.764,3571225.98
5-methoxytryptophol,743498.925,585428.076,434844.447,731934.765,913635.606,738604.38,537962.784,557135.34,579239.622,435387.126,653386.017,1766600.052,1247009.871,1643868.153,2134027.98
"N1,N12-diacetylspermidine",102546.405,204970.617,282199.44,212222.409,285863.781,390313.308,554279.367,351093.24,282011.151,191051.109,249311.769,689528.007,608383.725,476057.235,681002.829
5-Methylthioadenosine,37756010.72,51619357.9,37187071.52,41752420.18,18244580.07,21760514.42,21172143.59,25105590.74,13762627.19,11965452.09,21540252.11,33104689.97,25496507.18,29312091.57,38125685.04
N-acetylneuraminic acid,46112814.77,45830444.42,41045377.71,37099920.32,33848942.38,38166062.37,26842819.67,39309430.59,14467702.26,12045946.7,20559218.48,1222840.989,1296611.325,1279039.092,1190071.305
NeuNGc,1016378.355,1247513.415,1300357.227,1285691.16,695810.154,700704.642,765925.125,535313.202,423698.253,589456.026,548534.145,509368.356,525363.642,396253.137,486685.218
thiamine,24654694.82,19694630.51,19777227.86,23823655.4,17930224.71,25216603.7,12709651.15,17074391.64,7916919.993,6279704.046,10254646.08,1636475.265,3239497.596,6183388.554,2154060.198
S-(2-Methylpropanoyl)-dihydrolipoamide,47787866.58,43379944.69,40260445.36,35597586.32,32182132.87,36082706.82,21312785.77,14307603.75,5110907.031,4290952.206,7354839.414,409293.813,276054.021,320407.596,236735.922
CDP-ethanolamine,126975.138,49789.143,143736.048,93982.74,470840.076,435287.34,323754.633,811197.729,1075416.567,1293995.634,1038055.74,4517312.838,4268554.395,4753400.856,4340208.474
beta-1-4-mannose-N-acetylglucosamine,43511.634,165790.761,118934.97,112910.28,178486.215,58963.764,205150.134,191161.686,232246.023,236705.424,145419.513,666407.706,767450.187,449204.319,758458.086
CMP-N-trimethyl-2-aminoethylphosphonate,132197.022,93129.336,103978.122,55723.77,1000,62760.048,77423.442,215079.249,359385.243,274805.724,184358.733,294685.944,583109.673,277815.36,347866.275
CDPcholine,8937148.407,7898703.438,11557188.29,7136428.842,7388832.783,8025843.762,10231480.97,8330019.066,8398987.785,9313015.647,7221225.696,9417851.457,12911658.35,9592447.011,10120207.16
GSSG,110564954.1,198848531.6,180360094.8,206283454,83802385.97,79370381.97,168225055.4,119037097.2,74831958.66,121558383.7,117498571.9,149099176.2,155362106.7,151609313,155485960.9
CMP-N-acetyl-beta-neuraminate,11094606.33,19049963.39,17807365.79,20353934.25,8399519.964,7691276.511,16412537.69,12160105.81,7467896.211,11474730.64,10958876.02,15262211.62,15194115.52,14735821.65,15415490.41
NAD+,103619515.7,104801033.3,103654893.1,97425033.44,50280811.59,80335651.64,72362602.43,45796929.28,49643686.31,48859237.49,48961172.96,30419287.29,35984490.87,37374060.21,33107744.01
NADP+,6685051.863,4752416.784,2131384.737,5902810.602,5335863.57,5915721.33,1547622.06,1531043.496,781778.115,1927148.082,2308086.936,5800872.537,3883716.612,10879923.97,5645811.675
Flavin adenine dinucleotide oxidized,417208.776,374958.459,188438.211,330983.379,200923.749,370978.863,200576.73,198510.177,180759.12,254744.358,185315.664,224917.263,160020.48,299410.359,241934.382
13-carboxy-gama-tocopherol,9733746.093,7379541.876,12294731.83,7728962.94,8578686.951,9347745.639,8356051.755,6915179.523,14282815.88,12178910.08,7245488.037,7111918.68,7004667.375,7949946.81,6860579.496
bilirubin,25287.642,46137.234,38366.409,37126.461,49203.66,29757.552,22596.243,13999.455,1000,11528.901,8151.093,1000,1000,1000,2267.232
C4H9NO2(4),36791006.69,35647845.86,34652243.61,34293346.56,44990934.86,41806599.48,44193303.76,27287392.95,26286789.23,27182909.63,27069045.15,22673508.86,24103363.1,24477092.58,23977261.61
Ureidopropionic acid/Glycyl-glycine,211409719.4,211011275.6,196078041.5,183525043.2,187735199.6,212702351.7,172818754.7,202025305.4,191183075.1,193310746.9,194732043.3,287740902.6,294652191.6,285103970.1,287561591.6
histamine,21523180.3,29541792.12,35258874.02,29866916.86,14588546.72,20428230.5,27044742.27,36180505.17,22219514.35,14376470.09,22482175.11,37072699.73,39441755.33,26099300.93,43337088.89
acetamidopropanal,2953679139,3102514730,2952502389,2902459677,2757350358,2449677093,2578685034,984828754.3,1060506594,1071117403,1017032293,1572100478,1596843588,1575814676,1538490508
Ornithine,6329351.079,106759.911,6588920.922,5785193.301,4589090.508,4895300.259,5249164.665,5101481.991,4733640.678,3556896.498,4159062.948,4787317.059,4663364.931,4161836.661,5233848.183
3-Ureidoisobutyrate/Glycylsarcosine,1184593270,1114279826,1080322560,1039585827,766243858.4,1014970267,715156995.9,1345514814,1167896018,1196359830,1257683705,563776679.2,612053241.5,608609302.7,568434737.9
C6H11NO3(4),5533283.22,6129500.424,5847128.898,6362984.898,8913821.103,8050588.089,7045289.94,6113907.951,6494350.929,7096724.49,7137639.552,5169848.604,5381463.834,6253046.85,5683872.438
(R)-mevalonate,6087799.992,5544149.43,5928460.854,5564265.693,3758722.962,5491703.571,3737019.801,7414752.18,6351261.393,6562067.121,6682896.894,2770500.285,3311414.52,3042116.466,2976045.543
spermidine dialdehyde-2,4153027.971,3216679.515,4153154.46,3198267.189,2309372.529,2839768.401,2497447.551,2779579.335,5940404.535,3276167.238,3337490.874,2058988.083,2384979.348,4064974.344,2224621.437
acetylcholine/4-(trimethylammonio)butanoate,141445180.1,144971637.1,127767713.7,120573034.8,121896329.5,136014198,119033401.1,136738440.3,138773745.5,140921355.5,138307670.8,114564195.7,115478257.5,118607419.7,114103720
isoputreanine/putreanine,13023590.03,7741933.8,12326248.31,10927861.81,8051597.112,8606522.88,7713252.786,15597838.44,15223545.02,10984120.92,14122298.75,14715948.77,15078835,12969818.32,15169649.15
Glycylproline/L-Prolinylglycine,623746.701,1025681.901,936599.103,644079.072,642999.504,526231.572,506042.937,268875.114,297200.286,116340.42,343842.834,220462.299,150641.328,336967.863,355861.254
Pyridoxine/Norepinephrine-1,214807805.9,214003945.4,205937702.6,206678790.4,171596869.8,209194131.9,131907878.4,169748759.9,119822394.2,112642191.4,136760696.2,132057764.9,127662610.3,132393421.6,150973698.5
C9H8O3(3),15538288.13,15295315.45,13809740.13,12965809.93,11987656.45,13428133.46,10988223.34,10829335.55,9257533.161,7962458.955,8426846.268,9286444.338,8799909.144,8768679.186,9330958.842
pseudoecgonine/ecgonine,885563.823,906608.97,975859.44,672819.336,604241.835,728962.473,816782.493,851049.732,1149204.651,955650.528,932370.726,599294.694,779401.149,690244.11,731259.315
indole-3-acetate/(5-hydroxyindol-3-yl)acetaldehyde,36302905.53,27730239.24,34171952.75,50214632.06,18174444.96,30202477.01,13082235.96,18019704.66,15402032.26,6426159.048,8719762.629,2866552.737,2963777.844,3619014.513,3289029.687
(-)-Salsolinol/NN-dimethyldopaminequinone-1,2274129.54,2357058.678,2359409.622,2420759.556,2557704.3,2655970.626,2204575.446,1427600.592,1693850.598,1029421.188,1201117.191,834492.729,927213.588,887542.968,840693.498
L-kynurenine/Formyl-5-hydroxykynurenamine,2001608.475,2051639.811,1763031.48,1740271.251,1743082.218,2250113.085,1390352.355,1115723.208,884840.565,753287.568,879421.167,1387732.758,1393811.196,1295045.346,1564512.777
methyl indole-3-acetate,116781.861,167363.241,127290.867,133392.168,86889.768,175504.131,111435.414,60622.071,56803.623,33469.515,71900.886,38145.576,67192.254,74149.263,68510.973
sphingosine/(2S)-1-hydroxy-3-oxooctadecan-2-aminium,7510271.139,8455586.997,10423934.18,5384226.057,11237393.82,8035808.25,20328119.8,13234356.69,14143647.66,8356656.723,7901190.381,5950727.946,7739308.137,4104526.8,8726397.336
3-oxo-10(R)-hydroxy-octadeca-6E8E12Z-trienoate/3-oxo-10(S)-hydroxy-octadeca-6E8E12Z-trienoate,1282605.294,1245358.179,846141.618,1692472.608,1141647.36,915121.449,1304527.965,910144.308,1567962.123,1004595.018,1549452.102,1213179.894,1384527.618,1454267.82,1007942.61
C18H32O4(3),1337456.409,1462262.943,422530.476,1182135.222,950463.513,1318751.121,1361028.615,1098898.68,1206571.956,462169.095,2427172.164,958084.737,1185945.378,1558209.357,1116851.514
C20H28O(5),57575.871,67559.868,21248.013,84667.635,100401.813,34154.739,54447.759,196916.286,3412.758,33019.689,184191.294,337118.184,122971.365,418633.047,350867.607
C20H28O2(7),391058.493,563331.729,123143.967,511580.775,513163.911,499757.505,390899.439,666054.612,86835.129,244158.018,759949.35,1106440.794,714315.636,1144250.841,750613.758
C27H44O2(5),6531433.701,2327347.581,6493119.732,2377223.112,10330807.89,2354505.423,2952366.072,14952221.96,14353691.39,1943028.675,9257499.519,23939569.46,27996968,19432277.11,34389417.23
5-guanidino-2-oxopentanoic acid,21789110.2,29350901.91,32857940.45,27988579.73,15546414.46,22330845.17,24887934.17,26276644.93,17174835.65,13403657.36,19563454.71,26998200.54,27230953.86,22014418.15,33153265.35
L-serine,90387444.66,90275671.65,89040309.12,80066207.17,67863896.25,76254752.21,66666445.86,60439077.91,60789965.57,61814606.3,62632044.03,62920227.6,63494602.69,63391288.9,64716404.4
L-asparagine,207281957.8,207295003.5,192811812,179957127.6,183666512.5,208224119.2,168092602.5,196991912.5,187601699.5,188929779.2,190456542.7,284135685.4,289655602.6,281526344.1,284571970.8
choline,3790678710,3829521004,3686722548,3482298076,2915123429,3153129698,2898105698,1990453656,1917876442,1860587853,1848725314,4616639025,4816371060,4771388998,4769768576
L-methionine,73337965.58,73420223.44,66284090.2,63235395.39,56589751.01,72076801.95,49594226.57,51916534.77,38635580.8,33995391.55,39293219.86,46900796.82,44346648.87,45677413.45,48331576.89
L-histidine,2723598.639,2536207.212,2529705.801,2169494.787,2590885.641,3256966.953,2447089.227,1830790.185,1868454.714,1885856.328,1704690.582,885556.653,852039.228,263246.982,722618.013
L-phenylalanine,659681433.8,640267646.3,602041829,594300713.1,476620025.3,666609996.9,423452216.6,350628371.6,262457324,239133477.5,264224696.8,302952452.8,298261680.2,297908566,348051513.7
Biotin,3011535.474,2739488.07,3219667.737,2139554.469,3191950.158,4427100.501,4065361.185,3065511.975,2542544.022,2642554.938,1918837.641,5092243.398,6266011.281,5516409.258,5838481.104
S-Adenosyl-L-homocysteine,5354625.168,3965850.264,5267288.031,1725338.394,2662627.212,2810352.573,1871810.391,2163739.041,2482158.96,2844687.768,2548432.668,3303065.295,3036813.762,3763792.347,3491378.643
S-adenosyl-L-methionine,25476635.54,34297.209,23869742.77,25224375.59,9655300.329,11621300.93,10823521.09,9005244.501,6063728.334,3856119.285,7183389.417,13160935.21,10430053.9,9514697.046,14423977.94
Riboflavin,4623630.219,5103324.357,4228905.027,3936154.749,2325131.976,3821391.858,2680105.05,3293938.251,2295146.295,2015631.111,2374994.418,1991932.221,1854457.149,1433896.35,2070295.683
Folate,198222.651,117678.447,184014.09,135483.957,145058.769,195700.152,11155.716,103175.415,21409.68,27767.676,77843.064,29542.08,29954.118,47389.164,44593.2
Coenzyme A,1388071.557,175480.353,104553.237,28996.263,3102897.918,2115684.246,91270.881,11141.28,203324.217,201222.003,91188.24,1000,1000,180768.255,1000
L-threonine,52911195.23,50872669.78,52933402.75,48800017.45,42813859.45,52138282.39,42140893.23,39608632.65,34469390.06,34581893.6,38017448.18,64375368.95,68799051.17,67045676.89,68251390.59
glycine betaine,2269340394,2346439296,2136457592,2158076866,1786862883,1894546503,1697238939,1877729789,1784282105,1716587453,1787376207,1947640569,1872942663,1962856870,1977744853
L-glutamine,1171359005,1101237301,1068910130,1029130077,752604418,1004881401,705891715.5,1325016274,1151015231,1181780064,1247110406,557101265.1,603858207.1,601689287.8,562985991.9
L-tyrosine,61311381.59,61247208.39,56479680.52,52005665.76,48858480.19,55871059.99,42680587.77,42991831.47,36540536.78,31894506.65,33430115.7,37901283.02,35656059.24,34155627.47,36956597.86
L-alanine,127151358.6,130481673.8,131100752.7,124208470.7,127726099.8,130141446.6,138929273.7,94412140.95,98744061.01,103494533.1,100617700.9,77216243.68,83398415.09,78759593.4,79540501.3
L-proline,2953679139,3102514730,2952502389,2902459677,2757350358,2449677093,2578685034,984828754.3,1060506594,1071117403,1017032293,1572100478,1596843588,1575814676,1538490508
inosine,5329844.841,4665313.272,4216156.02,3934080.897,8728535.601,9020297.613,7915461.669,4480229.82,2313379.461,2241450.264,4764044.244,50405806.26,40829928.89,58884680.64,63893881.84
 adenosine ,1168895.805,2966064.249,14132289.59,2045557.647,2976968.46,1543198.428,12340748.17,21413088.46,330433910.5,65841504.02,17493144.26,92758462.9,263374702.1,7706750.442,125646289
2-deoxycytidine,1969564.854,2488089.393,1956966.459,2359979.679,1133450.664,1759681.671,1435020.636,1320337.593,985877.535,1285478.508,1116677.553,259915.551,252912.243,264284.844,263192.235
adenine,76122874.39,185366294.1,158576829.8,145669295.2,31479216.02,63014767.43,121007158.2,101199901.3,97986828,75481772.22,96310632.18,124225565.7,115594777.3,58292339.66,137643828
Guanine,67259838.06,65816991.53,71437382.28,52318345.77,78408680.75,105908771,101754200.6,54863927.88,44207323.01,61024150.79,38216447.12,101793332.2,104865785.5,92626408.86,107118491.7
cytosine,27338139.39,33220416.56,26463949.18,31914202.78,17979752.64,23937990.16,20450623.7,19467115.08,17039102.41,21673462.83,20190393.3,11442684.04,8858777.97,10772421.87,9862218.954
thymine/imidazol-4-ylacetate,23707926.52,23843280.67,19280517.56,20381846.2,13553907.71,13706784.03,9999288.345,8320468.14,6021748.689,6051264.453,6345177.978,2948991.462,4837122.438,2592025.131,3192269.934
(R)-carnitine,1043660334,1053093558,1022695755,1024801942,772062153.5,779382364.2,736902335.4,996853313.4,1054661946,1117322844,1107509781,642153072.9,654340445.2,678174862.6,642886295.6
O-acetylcarnitine,194618128.3,204748149.3,187055056.1,196207142.1,80359618.4,75572341.12,77788029.69,202256818.2,232608577.7,239640087.2,212479929.2,220806332.3,242773857.5,220087061.6,215289508.7
propionyl-carnitine,39295456.33,38319280.44,35718691,34637558.49,16911391.23,18947381.37,14374124.88,29379354.34,25811124.71,24933718.11,24166153.65,41569378.87,35972031.33,38850494.89,37514087
butyryl carnitine,206763854.5,212106125.2,184974724.5,189146600.5,93846324.3,105810094.7,89680780.63,96356314.85,93265577.54,94869171.89,96399826.86,21876561.77,22846306.9,23164647.7,22538043.04
3-Hydroxybutyrylcarnitine,9963946.539,10316154.99,9407045.874,9481254.885,3506148.675,3317377.863,3075634.905,5737880.031,5878031.313,5763370.605,5947202.643,5557372.035,5366402.511,5430899.823,5431376.385
succinyl carnitine,671123.46,1061078.4,1072513.809,934022.781,734531.391,780922.53,365154.813,1018704.768,571643.352,683539.428,783099.069,336253.917,488744.976,294808.029,417835.02
tiglyl carnitine,1660157.199,1924438.953,1752501.852,1993296.324,759101.469,944959.575,930948.105,1498850.613,1334140.731,1037097.453,1254315.519,1590038.277,1610934.036,1384058.337,1645002.918
3-hydroxy-isovaleryl carnitine,5292156.036,5561315.214,5011655.19,5074613.124,3468064.479,3192443.79,3224224.38,4310558.424,5100282.693,4864203.06,4802083.992,4968827.724,5065491.573,4946899.5,4733878.158
glutaryl carnitine,5260167.201,5210777.202,4961258.637,5066468.121,4132443.072,6579786.633,3073103.673,3675671.325,1445260.044,1672862.118,1942403.691,158731.293,318829.002,259929.612,286526.619
octenoyl carnitine,249283.572,274587.267,185350.101,296041.401,122060.34,89616.384,33155.637,249383.79,236565.738,272236.122,350607.951,258080.712,208083.573,226352.439,282465.411
octanoyl carnitine/L-Octanoylcarnitine,1255230.567,1270926.834,1186161.21,1233680.967,616871.307,610253.193,451518.915,1119818.967,1288161.753,1217955.027,1295714.796,2267953.518,2363298.423,2353523.886,2593603.761
decenoyl carnitine,18265.857,63830.586,24697.71,48321.645,7947.534,21790.5,8161.524,34752.432,10396.053,5508.594,26050.59,58999.569,22554.864,67731.609,53814.444
decanoyl carnitine,726536.823,809889.813,672672.291,707518.587,314210.352,277676.07,209429.889,620783.043,587201.334,579691.668,600902.121,1125227.832,809183.544,1088898.159,1140052.665
tetradecenoyl carnitine,7423834.725,2030471.679,7872698.547,1547745.912,1636934.304,4592413.257,6616381.782,1896937.086,8214407.115,7147019.427,4553323.794,3462821.241,5381077.005,3262047.999,4870428.15
pendtadenoyl carnitine,1570281.78,1722865.542,1378622.883,1487864.82,1079534.274,993668.88,802073.709,1931407.098,1730906.082,1607834.343,1517197.122,3496817.298,3230172.708,3165762.159,3590159.553
L-palmitoylcarnitine,50311368.27,59837770.85,55093645.73,44590773.43,42704891.88,44255631.02,33371968.99,82005608.67,76403239,69617906.85,62149657.4,161034730.6,152102956.1,148934607.1,178954214.5
3-hydroxyhexadecenoylcarnitine,13335408.09,4373469.381,15466158.96,3558392.415,3368233.785,9868266.678,11094837.96,4272741.732,16565724.78,15900178.37,9206155.728,9021840.63,11919222.24,7465632.084,10417463.41
3-hydroxyhexadecanoylcarnitine,1144206.714,1345531.806,1167345.054,1063277.937,255175.293,301512.288,216653.49,641860.425,511997.766,484779.096,505835.091,994094.73,826993.407,853912.818,935302.923
heptadecanoyl carnitine,1177739.841,1279575.567,1097617.923,1143700.656,1004495.184,1113754.821,798162.873,2010268.77,1800039.321,1664457.621,1682248.953,3368141.052,3080178.918,3141790.185,4018573.128
stearoylcarnitine,3216891.192,3827370.513,3430293.081,2968393.536,5142425.865,5585820.507,4513735.953,11502433.04,10193228.59,8905328.568,9051670.266,15982471.7,17768161.17,16740902,22065953.31
tetradecanoyl carnitine(myristoyl carnitine),23089504.83,27625911.99,23894549.86,21391811.84,14459026.96,14023091.36,10537022.54,29344751.11,27628494.61,25830976.47,23104688.9,39115227.81,34134510.89,34337581.1,41647036.8
trans-Hexadec-2-enoyl carnitine,15574792.72,18135245.45,16014111.38,14087718.28,8558715.6,8543158.596,6244973.775,15489933.35,13630670.2,13577378.98,11797929.64,21216889.02,17195940.59,17628450.81,21531186.16
alpha-linolenyl carnitine/gamma-linolenyl carnitine,60619.458,117830.451,69049.254,80327.103,47323.824,49719.021,37620.534,104763.864,73315.068,66122.88,75853.251,155715.015,101254.623,111819.534,186267.72
Linoleyl carnitine/Linoelaidyl carnitine,1006812.99,1239318.111,1018212.645,1032139.464,711390.39,709732.035,457395.813,1093309.758,1072188.618,1085904.111,858351.303,2495411.286,1903961.076,1993739.928,2670267.555
Elaidic carnitine/Vaccenyl carnitine,32357177.99,38693891.5,35486982.55,30299279.63,28547017.11,29356540.07,21727526.97,46778150.35,42290236.28,38710540.72,35079555.71,61334872.82,53435222.94,54287110.61,67620313.91
lauroyl carnitine,2572750.767,2993897.313,1814531.754,2504904.435,1384288.182,1092873.276,790633.629,2844783.939,2129893.512,2229129.771,2287972.56,4506546.858,1776048.36,3694929.471,4749357.888
1-methylpyrrolinium,16156987.83,638242.482,15846306.52,14141234.21,11452110.55,13569808.46,11194326.91,9317555.505,7556837.298,5652773.007,6900874.902,10659768.99,10460097.26,8954880.18,11221198.98
glycine,52917109.76,51953399.85,52596241.86,49740149.84,47865742.53,47353406.35,48192049.25,15382742.12,18564555.05,16186101.94,15733360.84,26581644.85,33566956.16,29284165.76,27215342.61
sarcosine,123203304,126391847.1,127575738.4,120841767.1,123280968.1,125504810.7,134361192.9,90321846.27,95912410.05,100402877.5,98070609.02,74942510.44,80839640.97,76907975.09,77591618.56