compound name,Group,Hypotaurine,Taurine,Glycerol 3-phosphate,L-erythrulose,L-threonate,D-Erythrose 4-phosphate,N-phosphocreatinate,3-methyl-2-oxobutanoate,beta-hydroxy-beta-methylbutyrate,Xanthine,(S)-dihydroorotate,N-Carbamoyl-L-aspartate,5-Phospho-beta-D-ribosylamine,(R)-2-hydroxy-4-methylpentanoate,4-nitrophenolate,2-methylglutaconic acid,adipic acid,lysine,2-aminomuconate,2-oxoadipate,erythro-5-hydroxy-L-lysinium,arginine,L-Fucose 1-phosphate,D-Glucosamine 6-phosphate,6-Phosphogluconic acid,4-hydroxybenzoate/Gentisate aldehyde,3-hydroxyanthranilate,quinolinate,2-acetamido-5-oxopentanoate,N-acetyl-L-glutamate,L-cystathionine,N1-(5-Phospho-D-ribosyl)glycinamide,Sedoheptulose 7-phosphate,"sedoheptulose 1,7-bisphosphate",4-pyridoxate,fructoseglycine,N2-Formyl-N1-(5-phospho-D-ribosyl)glycinamide,nonanoate,(4-hydroxy-3-methoxyphenyl)acetaldehyde,4-hydroperoxy-2-nonenal,Azelaic acid,(R)-Pantothenate,carnosine,gama-L-glutamyl-L-alpha-aminobutyrate,Galactosylglycerol,S-[2-carboxy-1-(1 H-imidazol-4-yl)ethyl]-L-cysteine,N-acetyl-seryl-aspartate,3-Deoxy-D-glycero-D-galacto-2-nonulosonic acid,Perillic acid,"trans-4,5-epoxy-2(E)-decenal",caprate,w-hydroxydecanoicacid,kynurenate,N(omega)-(L-Arginino)succinate,dIMP,L-tryptophan,5-Methoxyindoleacetate,Glycyl-phenylalanine,laurate,omega hydroxy dodecanoate (n-C12:0),Dodecanedioic acid,fructosyllysine,tetradecenoate (n-C14:1),myristate,omega hydroxy tetradecanoate (n-C14:0),3(S)6(R)-dihydroxy-tetradec-8Z-enoate/3(S)6(S)-dihydroxy-tetradec-8Z-enoate,pentadecanoate,palmitoleate,palmitate,omega hydroxy hexadecanoate (n-C16:0),11'-Carboxy-alpha-chromanol,Hexadecanedioic acid,margarate,stearate,"8,11,14-Eicosatrienoic acid (DGLA)",Eicosenoic acid,15(S)-Hydroxyeicosatrienoic acid,N-Acetylneuraminate 9-phosphate,(R)-S-lactoylglutathionate,UDP-alpha-D-xylose,ADP-ribose,UDP-D-glucuronate,GDP-D-mannose,NADH,NADPH,glycochenodeoxycholate,taurolithocholate,cholesterol sulfate,C4H6O3(3),C4H8O3(3),5-oxoproline/L-1-Pyrroline-3-hydroxy-5-carboxylate,itaconate/Mesaconate,L-4-hydroxyglutamate semialdehyde,C5H10O5(6),L-arabinitol/xylitol/D-ribitol,L-xylonate/L-lyxonate,2-deoxy-D-ribose 5-phosphate/2-Deoxy-D-ribose 1-phosphate,ribose-phosphate,3-methyl-2-oxopentanoate/4-methyl-2-oxopentanoate(ketoleucine),L-fucose/L-Fuculose,N-Formimidoyl-L-glutamate,N-acetyl-L-aspartate/2-Amino-3-oxoadipate,3-Keto-beta-D-galactose/L-Gulonolactone,C6H12O6(5),L-Iditol/D-glucitol/galactitol,3-dehydro-L-gulonate/D-glucuronate/L-iduronate,gulonate,Methylisocitric acid/2-methylcitrate,phenylacetate/(4-hydroxyphenyl)acetaldehyde,"4-Hydroxyphenylacetate/2-Hydroxyphenylacetate/3,4-Dihydroxyphenylacetaldehyde",N-formylanthranilate/noradrenochrome,"4-hydroxy-2-nonenal/3,4-epoxynonanal",4(R)-hydroxy-dodec-6Z-enoate/4(S)-hydroxy-dodec-6Z-enoate,linoleic acid/linoelaidic acid (all trans C18:2)/octadecadienoate (n-C18:2),oleic acid/elaidate/trans-vaccenate,9(10)-EpOME/12(13)-EpOME,"9,10-hydroxyoctadec-12(Z)-enoate/12,13-hydroxyoctadec-9(Z)-enoate",pristanic acid,C20H30O2(4),arachidonic acid,phytanic acid/arachidic acid,C20H32O3(12),docosahexaenoate(DHA),"clupanodonic acid/docosa-4,7,10,13,16-pentaenoic acid",UDP-D-glucose/UDP-D-galactose,ADP-mannose/GDP-L-fucose/ADP alpha-D-glucoside,UDP-N-acetyl-alpha-D-glucosamine/UDP-N-acetyl-alpha-D-galactosamine,Taurodeoxycholic acid/taurochenodeoxycholate,C27H46O4(3),Ercalcitriol,4alpha-5-epoxy-8alpha-hydroperoxytocopherone/7-8-epoxy-8alpha-hydroperoxytocopherone,L-isoleucine/L-leucine,thiosulfate,Diphosphate,L-cysteate,D-Glucuronate 1-phosphate,dCTP,L-glutamate,myo-inositol,uracil,aspartate, Hypoxanthine , 5-Amino-1-(5-Phospho-D-ribosyl)imidazole-4-carboxamide , IMP , GMP , GDP, GTP,AMP,ADP,ATP, CMP , CDP, CTP, UMP, UDP, UTP, dUDP, guanosine , cytidine , uridine , Thymidine , Deoxyinosine , Deoxyuridine ,alpha-D-glucose,G6P/F6P,"beta-D-Fructose 1,6-bisphosphate",Dihydroxyacetone phosphate,D-Glycerate 3-phosphate/D-Glycerate 2-phosphate,Phosphoenolpyruvate,pyruvate,lactate,citrate/isocitrate,cis-aconitate,2-oxoglutarate(2-),succinate(2-),fumarate,malate(2-),acetoacetate,2-Hydroxyglutarate,dUMP,dTTP,2-aminoacrylic acid,N-Methylethanolamine phosphate,creatinine,creatine,Phosphodimethylethanolamine,"5,6-dihydrothymine",2-deoxy-D-ribose,2-keto-4-methylthiobutyrate,L-cysteinylglycine,choline phosphate,Nicotinamide,Urocanate,Methylimidazoleacetic acid,citr_L[e],D-Glucosamine,benzoate,anthranilate,N(2)-acetyl-L-ornithine,dopaminochrome,Pyridoxal,sn-Glycero-3-phosphocholine,5-amino-1-(5-phospho-D-ribosyl)imidazole,coumarin,N6N6N6-Trimethyl-L-lysine,L-Alanyl-L-leucine,3-Hydroxy-N6N6N6-trimethyl-L-lysine,C9H13N5O3(4),5-Hydroxyindoleacetate,N-methyl-467-trihydroxy-1234-tetrahydroisoquinoline,xanthosine,glutathione,beta-carboline,5-methoxytryptophol,"N1,N12-diacetylspermidine",5-Methylthioadenosine,N-acetylneuraminic acid,NeuNGc,thiamine,S-(2-Methylpropanoyl)-dihydrolipoamide,CDP-ethanolamine,beta-1-4-mannose-N-acetylglucosamine,CMP-N-trimethyl-2-aminoethylphosphonate,CDPcholine,GSSG,CMP-N-acetyl-beta-neuraminate,NAD+,NADP+,Flavin adenine dinucleotide oxidized,13-carboxy-gama-tocopherol,bilirubin,C4H9NO2(4),Ureidopropionic acid/Glycyl-glycine,histamine,acetamidopropanal,Ornithine,3-Ureidoisobutyrate/Glycylsarcosine,C6H11NO3(4),(R)-mevalonate,spermidine dialdehyde-2,acetylcholine/4-(trimethylammonio)butanoate,isoputreanine/putreanine,Glycylproline/L-Prolinylglycine,Pyridoxine/Norepinephrine-1,C9H8O3(3),pseudoecgonine/ecgonine,indole-3-acetate/(5-hydroxyindol-3-yl)acetaldehyde,(-)-Salsolinol/NN-dimethyldopaminequinone-1,L-kynurenine/Formyl-5-hydroxykynurenamine,methyl indole-3-acetate,sphingosine/(2S)-1-hydroxy-3-oxooctadecan-2-aminium,3-oxo-10(R)-hydroxy-octadeca-6E8E12Z-trienoate/3-oxo-10(S)-hydroxy-octadeca-6E8E12Z-trienoate,C18H32O4(3),C20H28O(5),C20H28O2(7),C27H44O2(5),5-guanidino-2-oxopentanoic acid,L-serine,L-asparagine,choline,L-methionine,L-histidine,L-phenylalanine,Biotin,S-Adenosyl-L-homocysteine,S-adenosyl-L-methionine,Riboflavin,Folate,Coenzyme A,L-threonine,glycine betaine,L-glutamine,L-tyrosine,L-alanine,L-proline,inosine, adenosine ,2-deoxycytidine,adenine,Guanine,cytosine,thymine/imidazol-4-ylacetate,(R)-carnitine,O-acetylcarnitine,propionyl-carnitine,butyryl carnitine,3-Hydroxybutyrylcarnitine,succinyl carnitine,tiglyl carnitine,3-hydroxy-isovaleryl carnitine,glutaryl carnitine,octenoyl carnitine,octanoyl carnitine/L-Octanoylcarnitine,decenoyl carnitine,decanoyl carnitine,tetradecenoyl carnitine,pendtadenoyl carnitine,L-palmitoylcarnitine,3-hydroxyhexadecenoylcarnitine,3-hydroxyhexadecanoylcarnitine,heptadecanoyl carnitine,stearoylcarnitine,tetradecanoyl carnitine(myristoyl carnitine),trans-Hexadec-2-enoyl carnitine,alpha-linolenyl carnitine/gamma-linolenyl carnitine,Linoleyl carnitine/Linoelaidyl carnitine,Elaidic carnitine/Vaccenyl carnitine,lauroyl carnitine,1-methylpyrrolinium,glycine,sarcosine
II_SC_1_Tcells,Tact,2674803.192,1929885233,33966897.16,4334233.152,199200525.7,2965253.553,27615716.93,12096979.79,7138782.549,62227503.74,1215964.959,1864886.427,426127.332,1788954.135,2017704.957,7587462.864,8325033.864,71605885.38,222001.188,139168.368,274373.505,262551311.8,1030073.679,5908339.587,8569000.581,2989412.355,482282.277,632411.763,1440231.537,19938203.07,741829.398,748224.885,29387472.21,3558485.205,604802.823,54069153.77,3533810.499,44556266.72,553760.505,5722872.954,1968826.137,155006636.4,6097511.844,697246.77,304230.339,703287.999,2582497.353,4182379.68,218460.645,242994.765,23313106.48,1142955.159,622153.98,46448365.11,2120615.553,140426257.4,1231959.711,79760.52,60429489.41,1150862.268,3459013.542,12200282.69,4075412.343,192385540.3,1902207.702,48825762.92,38118978.62,37156192.31,1319235439,7166569.86,10145349.84,1394599.41,39509329.82,615038623.4,4315223.499,8564157.777,298385.739,183124.62,7971282.171,2545472.436,1013471.415,8741695.404,11835823.82,26524137.92,4530543.108,2096929.926,439021.488,1031116.728,14176329.97,19478319.46,5196332425,22781305.94,1556267410,1716714.255,13504586.43,28958072.52,3212457.645,10277996.16,87462673.85,1073108.907,9689618.844,11466499.76,549208.752,405395042.9,36657217.4,2952403.083,51391579.64,4109838.591,14043153.56,3441707.532,877445.433,3222299.901,1501455.141,52119261.09,174636782.9,1311639.06,1548550.308,2169658.593,2042510.967,11177138.96,4172834.919,289099.584,7543633.164,4284501.375,53271123.02,7773178.338,223744947.4,4969282.518,208947.036,213228.276,149887.851,1702213848,8876669.883,89470173.98,493318.272,857261.391,756035.682,1536486328,389693022.4,9967845.894,452420829.7,83039675.78,2276739.807,17386195.18,30093346.56,62345855.43,58156004.75,252466702.1,516305385.7,539575304.9,10748953.6,21192027.44,24639598.45,64913650.31,81494063.32,85277735.92,1628154.639,8819069.7,29490527.16,47599266.67,1908591.552,505441.401,2190553.458,26173688.15,162275260.8,35161871.49,7148278.995,39333431.94,10800197.48,14236104.23,11644914370,707341696.7,2866272.264,25336976.66,436823832.7,170887117.4,1112980995,7253254.005,39586386,30745.869,1831527.165,36669679.13,879451.536,743043644.3,2330782246,12023135.86,87667605.04,935275.413,1965731.019,8592744.741,4430528678,189430058.7,8599527.69,4076437.098,13222018.38,2825127.93,8824651.23,14369534.27,2142691.347,12657188.24,9987377.349,5296977950,235925.631,4387036.113,80181529.13,1219361.301,1670826.057,697912027.8,699058.017,179882.625,636014.79,618203172,595226.361,743498.925,102546.405,37756010.72,46112814.77,1016378.355,24654694.82,47787866.58,126975.138,43511.634,132197.022,8937148.407,110564954.1,11094606.33,103619515.7,6685051.863,417208.776,9733746.093,25287.642,36791006.69,211409719.4,21523180.3,2953679139,6329351.079,1184593270,5533283.22,6087799.992,4153027.971,141445180.1,13023590.03,623746.701,214807805.9,15538288.13,885563.823,36302905.53,2274129.54,2001608.475,116781.861,7510271.139,1282605.294,1337456.409,57575.871,391058.493,6531433.701,21789110.2,90387444.66,207281957.8,3790678710,73337965.58,2723598.639,659681433.8,3011535.474,5354625.168,25476635.54,4623630.219,198222.651,1388071.557,52911195.23,2269340394,1171359005,61311381.59,127151358.6,2953679139,5329844.841,1168895.805,1969564.854,76122874.39,67259838.06,27338139.39,23707926.52,1043660334,194618128.3,39295456.33,206763854.5,9963946.539,671123.46,1660157.199,5292156.036,5260167.201,249283.572,1255230.567,18265.857,726536.823,7423834.725,1570281.78,50311368.27,13335408.09,1144206.714,1177739.841,3216891.192,23089504.83,15574792.72,60619.458,1006812.99,32357177.99,2572750.767,16156987.83,52917109.76,123203304
II_SC_2_Tcells,Tact,2964776.712,2120106722,37529021.2,4095879.495,207902576.1,3165656.511,28384527.05,13020058.12,8139422.868,60454626.08,1229477.199,2042504.826,514400.094,1369671.216,1381906.92,6968049.534,6992323.215,278839.269,156193.713,173716.611,174676.956,38541863.85,1413849.582,6216653.991,8188476.207,2190085.725,539749.527,577468.896,1204499.223,19344449.18,812380.209,784146.018,31513679.44,3311563.53,947935.86,50403353.09,3813956.121,49215144.35,488347.593,5494352.556,1609848.531,157145563.2,6502850.805,537985.206,519262.482,752839.116,2415403.308,4307903.295,567783.69,375268.203,22324959.81,835036.128,1277552.94,47619979.18,1840124.904,134959225.5,1446367.368,91448.268,59634234.35,698745.3,3422202.543,223486.722,2425590.663,127794902.4,1075354.344,50369813,30596825.9,26699811.85,1017913874,4611946.965,1341221.145,811478.688,38070281.48,595210074.2,3825507.807,8745644.532,399568.419,367504.605,2909473.731,2269345.236,3158009.217,4791883.791,9202503.57,13466968.63,2242503.429,2372765.007,456241.245,739900.191,13825348.81,18945031.06,5141607717,21419124.96,1616781767,1717372.263,12854238.19,31797361.26,2322744.825,11991218.99,97448895.11,1002041.403,9725572.149,10875755.21,842448.792,398459208.3,36213963.93,2764574.169,61624586.97,4030351.857,12220538.83,3202420.965,383037.003,3839754.144,1299654.438,50488653.28,138230248.8,1213069.809,1053091.473,2015897.043,1971048.195,8861174.031,3635983.185,530048.409,7484756.214,4363593.351,45715087.93,5973714.348,233406652.5,4983373.881,163603.77,416595.618,110547.159,1609630489,4068888.633,100985766,279386.394,949513.17,409746.393,1597289122,383650961.6,8752930.461,482883090.7,85341103.7,2380742.121,16717829.79,49465345.81,34054102.02,23910906.81,254329707,359637972.9,334827223.3,15786678.62,11200272.94,12619574,85625245.96,47948564.1,46052843.92,1233945.633,7728042.348,24079039.62,44394521.59,1813463.214,525472.374,2133867.534,25700377.93,171026859.9,35886984.96,7066709.187,39929295.56,7572266.265,12562167.04,12670225470,730680828.2,2919619.011,23767224.9,425794930.9,174252932.8,1162919264,7069915.743,38084073.17,57587.817,1276630.305,37893911.07,784848.582,787775112.8,2460684799,12367146.53,86309967.44,868531.32,1985659.059,3071714.076,4483134598,242190970.3,8468675.283,4149667.809,12881384.11,2574590.163,8774885.913,15344273.79,2127417.786,11259110.93,8861461.134,5360779786,2563276.413,4560246.417,4746702.579,1348569.708,1189425.747,678399667.2,649011.18,130714.617,695064.513,244329850.5,645170.019,585428.076,204970.617,51619357.9,45830444.42,1247513.415,19694630.51,43379944.69,49789.143,165790.761,93129.336,7898703.438,198848531.6,19049963.39,104801033.3,4752416.784,374958.459,7379541.876,46137.234,35647845.86,211011275.6,29541792.12,3102514730,106759.911,1114279826,6129500.424,5544149.43,3216679.515,144971637.1,7741933.8,1025681.901,214003945.4,15295315.45,906608.97,27730239.24,2357058.678,2051639.811,167363.241,8455586.997,1245358.179,1462262.943,67559.868,563331.729,2327347.581,29350901.91,90275671.65,207295003.5,3829521004,73420223.44,2536207.212,640267646.3,2739488.07,3965850.264,34297.209,5103324.357,117678.447,175480.353,50872669.78,2346439296,1101237301,61247208.39,130481673.8,3102514730,4665313.272,2966064.249,2488089.393,185366294.1,65816991.53,33220416.56,23843280.67,1053093558,204748149.3,38319280.44,212106125.2,10316154.99,1061078.4,1924438.953,5561315.214,5210777.202,274587.267,1270926.834,63830.586,809889.813,2030471.679,1722865.542,59837770.85,4373469.381,1345531.806,1279575.567,3827370.513,27625911.99,18135245.45,117830.451,1239318.111,38693891.5,2993897.313,638242.482,51953399.85,126391847.1
II_SC_3_Tcells,Tact,2754450.093,1798183382,38775926.78,3772027.77,184810700,2570281.782,24574066.57,11054905.85,6383644.878,53396729.52,858830.343,2068984.533,517354.224,1504217.562,2776668.927,6798511.374,8761546.557,73289427.49,264431.781,168152.979,330434.811,264198350.7,1277321.898,5075038.047,4399597.224,3151065.45,584186.022,496161.294,1433343.618,21296105.91,696647.583,758243.448,28657625.14,1437598.674,524754.447,51614934.26,4118657.892,48056306.41,442430.919,6428348.925,1915303.779,133211212.2,5787515.52,771494.937,600213.9,839094.906,2402421.117,4647028.083,288401.064,180493.782,27206838.39,1336922.274,546404.553,45366170.89,1867537.359,130330151.6,1107899.427,77197.389,86721195.1,862115.913,2983123.704,12347277.53,2960516.274,231680957.6,1485206.403,42927495.4,50415877.74,33294825.9,2066917584,5548660.863,20842567.28,1090024.542,47109104.76,831240640.7,3440008.788,9016995.27,362242.419,208140.327,4478763.909,1351824.276,2991332.952,1511757.639,4790162.289,12929906.51,1032790.737,2024331.222,428837.601,432949.335,14304424.1,18378570.82,4901625559,20233058.53,1597390103,1352346.831,12290857.77,29352982.42,2470849.905,11827960,77638455.26,811379.613,8313404.679,11941699.83,666506.928,376404259.8,34917297.21,2917376.73,57164928.61,3844381.833,11313099.65,3843839.532,351727.575,3111040.764,1606198.794,72987543.42,181958808.4,1685163.87,1626590.205,1971049.65,2027708.862,7543826.19,4680676.572,372814.323,6834021.489,3834180.231,33391051.99,3189130.377,197356164.4,4910768.982,408878.217,113300.439,143928.144,1534426463,4066051.836,99783354.06,379804.86,470209.935,90199.188,1580026571,360803960,9794371.122,480142971.8,86470694.71,2700425.583,20771715.44,60043193.08,15431015.59,9204749.625,318467167.4,211794687.1,149403599.9,16802019.65,4938685.566,4535660.904,89023782.61,25999028.48,19937500.88,645158.802,8427759.666,28766254.84,54978771.55,1733361.222,471179.991,2183299.674,25749502.04,159480616.9,13564296.56,6723726.252,17058389.23,4664114.4,12868529.62,10729352320,521231238.5,2283037.038,24551022.94,408262826.7,162482078.9,1038272412,6807240.735,41821140.57,59443.419,508180.194,37535325.26,762141.399,720833234.3,2480794077,11173349.25,88470125.19,878166.918,1736235.495,5103768.444,3982208379,189127451.6,10875220.92,3729180.723,12598787.33,2145429.984,8431308.873,15139610.73,2354688.45,11990151.92,9481730.928,4641602917,3541634.487,4105681.635,79649411.17,1220550,1557432.219,638057949.3,596837.412,211541.274,725457.861,372173802,779381.865,434844.447,282199.44,37187071.52,41045377.71,1300357.227,19777227.86,40260445.36,143736.048,118934.97,103978.122,11557188.29,180360094.8,17807365.79,103654893.1,2131384.737,188438.211,12294731.83,38366.409,34652243.61,196078041.5,35258874.02,2952502389,6588920.922,1080322560,5847128.898,5928460.854,4153154.46,127767713.7,12326248.31,936599.103,205937702.6,13809740.13,975859.44,34171952.75,2359409.622,1763031.48,127290.867,10423934.18,846141.618,422530.476,21248.013,123143.967,6493119.732,32857940.45,89040309.12,192811812,3686722548,66284090.2,2529705.801,602041829,3219667.737,5267288.031,23869742.77,4228905.027,184014.09,104553.237,52933402.75,2136457592,1068910130,56479680.52,131100752.7,2952502389,4216156.02,14132289.59,1956966.459,158576829.8,71437382.28,26463949.18,19280517.56,1022695755,187055056.1,35718691,184974724.5,9407045.874,1072513.809,1752501.852,5011655.19,4961258.637,185350.101,1186161.21,24697.71,672672.291,7872698.547,1378622.883,55093645.73,15466158.96,1167345.054,1097617.923,3430293.081,23894549.86,16014111.38,69049.254,1018212.645,35486982.55,1814531.754,15846306.52,52596241.86,127575738.4
II_SC_4_Tcells,Tact,2469321.432,1784008702,34283398.01,4084871.016,181016555.3,1842863.412,24385092.27,11841512.06,6154363.374,50543891.89,664787.304,1604688.186,563219.715,1180871.856,1307755.383,6714430.932,6843762.24,63714101.84,157364.532,90969.159,290706.555,227397959.1,1095098.061,2896822.047,9652230.078,2469064.374,313624.914,554543.13,1014384.045,18104121.96,701105.508,284056.611,26831191.61,3963704.604,848938.272,41840189.2,4679291.4,43711552.58,452050.689,4180731.138,1319191.992,133623369.6,6677508.039,587787.999,359376.384,577691.553,2491455.039,4487870.469,417067.857,345221.199,20175009.69,796171.692,502135.713,43972426.95,1373919.819,126142925.3,1260606.12,80263.68,30091764.74,753185.301,2896888.497,11280015.68,3482359.683,115796748.9,1252545.969,45458846.68,27468031.41,31789570.53,1020448964,3835499.688,1395247.383,651735.867,34031303.66,611638194.3,3456194.64,7842969.714,357877.734,163409.961,973022.541,2214843.402,4011916.905,5744807.718,9299853.531,9311133.228,1030828.647,2226887.922,460789.26,626493.267,11916918.74,17291521.6,4869070762,20158523.4,1505340736,1428117.696,11819210.25,28837562,2592834.234,11507514.71,85372690.59,755562.714,7811865.753,9698220.288,709168.083,351860541.4,32550456.14,2216912.442,58758331.43,3583845.276,11634849.81,2541153.189,359786.895,3439611.69,1194604.323,26133030.22,126298396.3,921739.215,921240.033,1971113.805,1778043.726,9877620.219,3955221.222,411401.322,7329495.141,3790501.695,47566182.24,6151564.749,209190698.3,4910390.169,161353.578,419231.976,92003.532,1488342162,4872417.969,93259498.55,221170.662,692439.528,579318.915,1489900543,339748417.3,7526162.4,432086569.1,58589444.96,1935244.026,14061857.47,35738013.85,37783523.42,27581656.65,207173421.3,380544037.4,356440133.2,13439697.12,13968888.53,14181922.79,68580409.75,54336550.48,49858693.51,1150324.071,6001711.746,16474469.3,32349158.97,1513682.097,385997.82,1882402.941,24485401.02,94161658.1,57978357.91,6406910.487,49244560.03,12107063.54,9655514.298,10240341132,685649384.4,2230880.523,18716574.24,397132714.7,160910070.7,1093083984,6597289.593,39728266.16,145611.975,1300856.016,36124913.05,765399.09,769270234.7,2436442014,10709956.36,82170509.91,774643.122,1645355.349,1203350.868,4038204461,265376629.7,7198279.557,4198604.325,11683451.45,1507926.51,8225338.257,14311633.72,2296453.689,10725901.49,8208891.954,4723324924,2616730.548,3605239.068,63997220.95,1397650.839,1384936.983,636644270,594596.937,129256.8,747010.203,98234203.36,612879.543,731934.765,212222.409,41752420.18,37099920.32,1285691.16,23823655.4,35597586.32,93982.74,112910.28,55723.77,7136428.842,206283454,20353934.25,97425033.44,5902810.602,330983.379,7728962.94,37126.461,34293346.56,183525043.2,29866916.86,2902459677,5785193.301,1039585827,6362984.898,5564265.693,3198267.189,120573034.8,10927861.81,644079.072,206678790.4,12965809.93,672819.336,50214632.06,2420759.556,1740271.251,133392.168,5384226.057,1692472.608,1182135.222,84667.635,511580.775,2377223.112,27988579.73,80066207.17,179957127.6,3482298076,63235395.39,2169494.787,594300713.1,2139554.469,1725338.394,25224375.59,3936154.749,135483.957,28996.263,48800017.45,2158076866,1029130077,52005665.76,124208470.7,2902459677,3934080.897,2045557.647,2359979.679,145669295.2,52318345.77,31914202.78,20381846.2,1024801942,196207142.1,34637558.49,189146600.5,9481254.885,934022.781,1993296.324,5074613.124,5066468.121,296041.401,1233680.967,48321.645,707518.587,1547745.912,1487864.82,44590773.43,3558392.415,1063277.937,1143700.656,2968393.536,21391811.84,14087718.28,80327.103,1032139.464,30299279.63,2504904.435,14141234.21,49740149.84,120841767.1
II_SC_6_Tfhcells,Tfh,2565920.892,1693858996,21936435.99,3369244.557,251066996.8,2720405.274,48439749.35,8603093.172,5337970.701,35683580.99,1000,611324.445,346655.634,842541.987,1452494.634,5681853.135,5689113.087,48101822.49,953468.802,534742.596,174870.564,164103821,2094673.482,6581971.923,2013969.462,2241099.723,427611.699,584925.909,1828163.058,20991640.63,206842.218,407299.743,28997900.45,3747130.557,517585.539,42569528.51,2324154.528,49890195.22,278916.987,5743718.658,1318458.711,81380965.58,5817747.951,1005900.672,549245.868,572004.783,3270551.922,7963041.651,290568.201,370837.992,21907568.35,917390.55,422874.705,11695711.85,2191720.737,130625453.6,662110.56,188193.516,37944554.15,880759.863,2848988.61,4504443.423,3814432.323,114714620.5,1662227.673,26735582.4,28406573.37,31410830.3,898300401.6,5559931.947,1590356.925,811176.24,31509822.46,454026291.4,5321318.367,12403242.38,590241.189,139109.763,13654709.02,2229874.143,160890.576,6576838.683,14473209.13,70121095.2,1000,1661170.164,426640.095,814755.999,9146898.75,11920293.26,4677649580,26222963.3,1577267015,1545600.018,18134821.72,38461007.4,2828685.489,9328620.12,33095164.36,865001.631,8504653.431,92709649.05,1341629.037,564888428.9,33456574.8,2329425.216,111737749.9,2631960.654,10998315.65,2884947.093,221284.74,3733305.231,1390088.79,38771465.49,178189144.8,971176.011,1141377.921,1992509.892,2053544.766,13184113.53,3775039.278,543177.861,8608579.812,5390797.785,82131878.66,6348384.807,305432961.2,4842238.926,304063.911,1280429.505,131885.199,1345312839,1772018.577,64436698.25,264012.21,235740.693,898306.569,1559422784,544947036,18849792.69,729748557.9,96435361.54,2793700.224,14415465.48,22592398.71,66773522.42,67823170.62,142774931.8,539864831,687666464.1,14137438.84,40285292.58,39776577.3,58545698.99,140007989.3,137480283.7,1408035.759,17408265.74,33645963.32,38736108.47,1038346.815,355879.812,2085186.63,19953463.76,137644618.8,13067309.9,10916989.38,25000676.91,15201377.45,37913726.67,8641582690,668879045.9,1358113.194,9465276.012,260447692.6,97399954.06,603169496.8,6965856.261,54675755.82,55621.635,1351288.377,47597630.45,525744.09,612980386.8,1851952095,9977757.666,84781520.66,827613.588,1203463.413,10043160.91,3221842752,162142798,12101404.01,4603830.618,4818671.475,1794124.848,7562809.56,15420565.33,2046043.155,7953882.471,6268268.31,7374585363,2622033.021,3686024.436,52711293.29,1267245.828,1024811.496,601791927.9,588483.258,82075.221,594882.657,685331264.3,571904.313,913635.606,285863.781,18244580.07,33848942.38,695810.154,17930224.71,32182132.87,470840.076,178486.215,1000,7388832.783,83802385.97,8399519.964,50280811.59,5335863.57,200923.749,8578686.951,49203.66,44990934.86,187735199.6,14588546.72,2757350358,4589090.508,766243858.4,8913821.103,3758722.962,2309372.529,121896329.5,8051597.112,642999.504,171596869.8,11987656.45,604241.835,18174444.96,2557704.3,1743082.218,86889.768,11237393.82,1141647.36,950463.513,100401.813,513163.911,10330807.89,15546414.46,67863896.25,183666512.5,2915123429,56589751.01,2590885.641,476620025.3,3191950.158,2662627.212,9655300.329,2325131.976,145058.769,3102897.918,42813859.45,1786862883,752604418,48858480.19,127726099.8,2757350358,8728535.601,2976968.46,1133450.664,31479216.02,78408680.75,17979752.64,13553907.71,772062153.5,80359618.4,16911391.23,93846324.3,3506148.675,734531.391,759101.469,3468064.479,4132443.072,122060.34,616871.307,7947.534,314210.352,1636934.304,1079534.274,42704891.88,3368233.785,255175.293,1004495.184,5142425.865,14459026.96,8558715.6,47323.824,711390.39,28547017.11,1384288.182,11452110.55,47865742.53,123280968.1
II_SC_7_Tfhcells,Tfh,2356552.854,1609340686,22992334.33,4664181.201,289065698.7,1878640.53,26215198.42,8157830.277,5959942.881,46053665.52,388792.209,587755.647,394825.98,953950.251,1368489.873,8221904.652,5078779.419,60851232.84,822327.297,583115.376,226930.326,213647524.6,1770008.622,5283510.975,9764267.013,1962815.934,454689.813,685526.349,2185831.806,22647277.14,286945.938,302236.422,32467472.27,4002736.812,818345.607,55172804.47,2342139.282,44125957.49,373480.734,5852789.091,1472682.837,105594553.1,8150349.645,904040.031,772087.149,514901.928,3175647.678,8189629.482,330675.168,261566.628,21856420.37,854569.881,572630.7,12118243.9,1080319.839,137803884.4,930971.934,119987.64,82392942.46,894518.514,2932045.932,8106221.268,3350278.176,165126371.9,1885265.577,29315588.6,34696482.05,29808914.48,1540691183,5851241.73,4771800.63,884371.821,39055711.22,798539127.3,4690096.767,11147905.66,343105.821,78522.375,8145058.875,2241124.254,524161.779,6470555.034,15437423.11,7872293.178,262618.308,2084839.353,360523.089,397430.175,11785036.04,12689196.26,5097624590,27048979.74,1626750270,1808287.575,19367989.63,41830974.85,2609824.968,10888997.87,35939557.58,939237.153,10155126,94628808.76,1325849.352,612057537.3,39752867.52,2413828.08,128723625.8,3137963.397,10680583.35,2589462.087,448332.642,3163781.7,1093647.81,74145008.66,191680348.1,1674197.628,1393434.123,2777414.538,2089242.465,11656972.01,6245461.953,384414.828,8070896.031,4688855.061,84551755.72,6223802.013,282314983.8,4183624.026,495803.871,1236069.951,92271.168,1669395102,7750842.993,98194994.83,302630.28,335877.399,961949.961,1608943281,587426255.3,21313381.07,742426555.3,135131450.1,3179095.767,23396676.44,25440001.33,56112282.75,36287234.56,191676143.1,560068208.2,454964770,12445116.39,31782029.39,25529932.18,69364498.71,119523774.1,86928718.8,1839649.704,18401134.55,36748410.91,44803092.53,1088365.008,492180.744,2069294.094,28368388.5,95560146.32,42828146.06,9151603.362,38469245.06,14044534.72,15697418.57,9395014901,844378165,2343157.407,11982176.24,277848868.5,101872813.5,658452279,6271778.286,57134562.64,24269.778,1017900.432,49590620.85,508168.305,853749833.8,2384238812,10683365.46,74770487.12,1071432.447,1333560.03,9607696.284,3409224052,196211133.3,7670563.401,4304109.006,5843716.593,2190083.1,8716341.33,16683720.16,2093680.731,9583427.997,7439019.804,7852628384,5748174.879,4048756.83,61926644.79,1571644.068,1077213.45,695045733.1,664578.75,81395.118,486622.635,682105794.2,623629.422,738604.38,390313.308,21760514.42,38166062.37,700704.642,25216603.7,36082706.82,435287.34,58963.764,62760.048,8025843.762,79370381.97,7691276.511,80335651.64,5915721.33,370978.863,9347745.639,29757.552,41806599.48,212702351.7,20428230.5,2449677093,4895300.259,1014970267,8050588.089,5491703.571,2839768.401,136014198,8606522.88,526231.572,209194131.9,13428133.46,728962.473,30202477.01,2655970.626,2250113.085,175504.131,8035808.25,915121.449,1318751.121,34154.739,499757.505,2354505.423,22330845.17,76254752.21,208224119.2,3153129698,72076801.95,3256966.953,666609996.9,4427100.501,2810352.573,11621300.93,3821391.858,195700.152,2115684.246,52138282.39,1894546503,1004881401,55871059.99,130141446.6,2449677093,9020297.613,1543198.428,1759681.671,63014767.43,105908771,23937990.16,13706784.03,779382364.2,75572341.12,18947381.37,105810094.7,3317377.863,780922.53,944959.575,3192443.79,6579786.633,89616.384,610253.193,21790.5,277676.07,4592413.257,993668.88,44255631.02,9868266.678,301512.288,1113754.821,5585820.507,14023091.36,8543158.596,49719.021,709732.035,29356540.07,1092873.276,13569808.46,47353406.35,125504810.7
II_SC_8_Tfhcells,Tfh,2444683.002,1634454119,25032198.56,2531894.805,224025181.2,2968029.039,23374292.9,8992047.564,4934064.567,29685353.82,162598.746,671769.615,400298.097,838463.367,2559280.338,4325698.287,6823866.369,46854706.37,603962.343,568271.982,187842.99,172847502.7,1443993.357,6768504.942,3601338.084,7395918.528,534009.06,437586.255,1049382.594,18312369.76,172183.506,450811.818,34030885.54,1787696.34,339542.364,33205642.69,1571313.534,48939869.48,307513.098,8284549.758,1384708.377,67755780.87,5679135.171,1347713.919,747641.676,746659.227,2191576.353,7473432.063,219358.206,206564.898,24855311.02,1276891.866,277329.027,10458586.23,1982354.808,115145700.4,396381.57,92076.474,73259946.31,910804.464,2866562.928,3877723.356,2082987.384,138688614.5,1435237.866,19560963.27,42689893.55,20372284.78,1350230063,5993712.408,10630721.39,1590402.693,38449231.3,654199559.2,2772432.933,9057460.824,258020.748,337639.896,2681319.102,1050065.586,2663791.29,890405.421,7017699.375,3870657.579,309132.774,1322931.675,233686.071,297700.329,9691170.474,11308661.41,3843807633,24016320.71,1511754312,1065498.177,16266046.61,35240519.19,1657818.795,10632464.06,30702667.29,774099.42,7004265.945,80377105.19,1065795.738,544799731.1,33172591.44,2598318.747,95404050.56,2753846.742,30270396.32,4217912.04,255292.116,3386839.821,1529709.111,61551729.3,135502232.3,1197696.177,1818875.736,2027169.408,1181627.385,5446776.387,4998602.994,388165.197,4479214.842,2610518.661,45097417.82,2516070.729,234940414.7,3463859.592,425578.266,771295.872,89195.703,1147970661,1923511.332,50456400.36,228455.592,279112.635,143058.846,1494014979,518101926,18918900.32,769910406.1,103298856.2,2477519.871,23395862.59,36536790.98,16626441.05,10113399.52,182771799.6,228119759.7,175324868.6,14200455.74,9378668.889,7322896.788,93243872.7,40158699.94,29551327.6,588026.49,18438033.45,39442854.61,47517684.9,998347.41,424521.549,2358197.13,15501278.47,152850274.8,12536455.47,7285636.761,25849800.25,5326407.342,14467374.58,8231957145,472998548.7,2506758.237,14810871.78,236802649,92563624.47,534345039.7,8445292.965,50289752.86,22055.166,394230.681,50000567.77,549206.865,546846870.1,2511580490,8843938.26,73139537.31,764585.016,1190835.189,3659739.33,2992737377,146202847.7,18157067.54,4147123.587,4445686.491,1216684.134,6274293.954,15836840.83,1688511.369,6107843.985,4523092.167,6593786003,7153742.964,3227498.979,52989140.18,1083049.527,957130.497,490793153.9,448697.307,174727.176,581032.734,258020365.9,509957.619,537962.784,554279.367,21172143.59,26842819.67,765925.125,12709651.15,21312785.77,323754.633,205150.134,77423.442,10231480.97,168225055.4,16412537.69,72362602.43,1547622.06,200576.73,8356051.755,22596.243,44193303.76,172818754.7,27044742.27,2578685034,5249164.665,715156995.9,7045289.94,3737019.801,2497447.551,119033401.1,7713252.786,506042.937,131907878.4,10988223.34,816782.493,13082235.96,2204575.446,1390352.355,111435.414,20328119.8,1304527.965,1361028.615,54447.759,390899.439,2952366.072,24887934.17,66666445.86,168092602.5,2898105698,49594226.57,2447089.227,423452216.6,4065361.185,1871810.391,10823521.09,2680105.05,11155.716,91270.881,42140893.23,1697238939,705891715.5,42680587.77,138929273.7,2578685034,7915461.669,12340748.17,1435020.636,121007158.2,101754200.6,20450623.7,9999288.345,736902335.4,77788029.69,14374124.88,89680780.63,3075634.905,365154.813,930948.105,3224224.38,3073103.673,33155.637,451518.915,8161.524,209429.889,6616381.782,802073.709,33371968.99,11094837.96,216653.49,798162.873,4513735.953,10537022.54,6244973.775,37620.534,457395.813,21727526.97,790633.629,11194326.91,48192049.25,134361192.9
II_SC_9_Th1cells,Th1,1449081.363,1329024596,23888354.44,2727410.028,208014148.4,1275309.18,30628470.4,8235254.283,4874105.352,27373328.61,4306250.616,25965738.16,211629.273,690576.834,1363633.032,5661585.48,4359500.559,36320288.79,278948.07,332931.753,139587.213,174569470.7,924086.778,4975453.29,2344511.703,2106462.843,352515.504,639857.925,1258914.456,19175163.65,171421.608,333218.166,14105477.76,1057006.395,712045.779,22449370.88,332039.073,45506855.96,270127.413,4506778.617,1604608.104,91763838.59,4821907.044,321240.828,390807.663,979469.142,1261842.435,4732029.732,308197.326,333401.904,20814864.65,876630.882,373901.16,7660191.501,1468162.152,87689313.63,444680.661,67396.059,47387016.33,633379.143,2392266.015,4694112.711,1837285.011,107513674.3,1093521.513,19804946.88,27071084.72,16832910.16,969806144.2,5278667.115,1181040.831,935755.431,30496336.72,511430182.1,1792625.892,4221794.037,275052.237,141111.765,693014.586,935041.044,2236009.722,2308363.059,2601169.386,697055.706,132330.918,1022747.943,240269.019,327391.71,9482224.05,12363941.2,3871509463,17206329.07,1057003716,782567.304,12555667.93,26534803,1005231.834,5732449.269,32401378.95,897754.722,6888877.137,29709544.82,707942.73,297812646.8,39758312.39,2844788.019,64144890.14,2394165.231,10430081.15,2400538.926,375899.277,3494746.185,1397487.534,39198628.02,93467656.87,1186946.127,1416761.253,1787787.846,1104739.131,4879839.459,4050890.832,527479.986,4128785.346,1971600.939,32675210.88,1611843.948,111908166.7,2464910.847,196135.203,53799.324,147137.49,1186834604,3702265.983,53340319.58,330609.618,345729.537,377249.355,1043321524,286140640,21807901.78,609654522.3,70311953.08,967340.247,7630723.854,34695180.02,13659831.8,11938355.26,151242844.8,161801810.2,156470159,10021284.44,5959244.844,7213017.294,77062412.09,28871896.18,31624982.45,387647.955,6368069.442,27959235.42,22715891.77,629992.794,327527.439,1496750.754,14271262.25,74919607.48,9305586.582,8021124.42,15647069.69,4939848.468,14594644.25,7047310869,543177055.1,2767862.046,13754515.75,168420318.6,68854160.13,389813553.5,8921962.215,30541358.32,47674.911,761772.684,44853277.32,2710132.017,514475612,2614411347,12446515.1,51712221.56,959646.606,1320601.179,1002285.096,2381629610,180413681.7,7067436.213,3656821.395,14360972.41,2300737.806,6116782.779,8740313.067,1682176.161,3789316.797,3070468.629,4249358444,4058518.971,3161942.031,36385190.2,1416213.585,623732.307,564534826.2,347985.489,106290.942,384700.371,78471509.32,525718.377,557135.34,351093.24,25105590.74,39309430.59,535313.202,17074391.64,14307603.75,811197.729,191161.686,215079.249,8330019.066,119037097.2,12160105.81,45796929.28,1531043.496,198510.177,6915179.523,13999.455,27287392.95,202025305.4,36180505.17,984828754.3,5101481.991,1345514814,6113907.951,7414752.18,2779579.335,136738440.3,15597838.44,268875.114,169748759.9,10829335.55,851049.732,18019704.66,1427600.592,1115723.208,60622.071,13234356.69,910144.308,1098898.68,196916.286,666054.612,14952221.96,26276644.93,60439077.91,196991912.5,1990453656,51916534.77,1830790.185,350628371.6,3065511.975,2163739.041,9005244.501,3293938.251,103175.415,11141.28,39608632.65,1877729789,1325016274,42991831.47,94412140.95,984828754.3,4480229.82,21413088.46,1320337.593,101199901.3,54863927.88,19467115.08,8320468.14,996853313.4,202256818.2,29379354.34,96356314.85,5737880.031,1018704.768,1498850.613,4310558.424,3675671.325,249383.79,1119818.967,34752.432,620783.043,1896937.086,1931407.098,82005608.67,4272741.732,641860.425,2010268.77,11502433.04,29344751.11,15489933.35,104763.864,1093309.758,46778150.35,2844783.939,9317555.505,15382742.12,90321846.27
II_SC_10_Th1cells,Th1,1723699.479,1596267504,30127332.1,1732715.574,165523949.5,1401278.088,40447149.29,9078623.919,5639226.906,17430125.58,1812086.169,27953409.02,120052.485,1114744.47,1673178.42,3092240.229,7473177.945,26783248.09,389406.138,457740.483,83518.674,131010413.6,1030403.682,5264520.648,1989661.242,2424075.108,415622.487,584013.588,655045.98,13895369.33,154581.957,325436.85,17460075.23,660238.668,65541.06,7657437.774,466216.425,50729732.55,219847.452,17047188.68,2173365.183,68960819.87,3084552.774,329675.028,1173035.403,935106.558,976717.869,6037386.102,143341.308,89606.412,29254940.95,2271765.903,174110.595,7928954.853,1362525.864,77771676.29,102558.081,23366.28,120792586.2,1710551.448,5735145.93,1673890.719,2422777.005,292873240.4,1862310.858,12342129.93,55787265.07,23885391.94,1778143804,7147743.255,9300714.588,1652216.226,45051867.48,538863850.1,811921.893,4253285.736,90911.808,177947.358,4653162.366,1682201.79,921487.596,2288101.119,2450920.257,3578089.368,609725.262,393795.912,1000,1000,9621528.975,12731892.66,1322850174,17653990.83,1108265850,629537.766,11319769.95,25506140.32,1571365.761,6848829.093,21637153.25,928313.937,7472251.698,20698815.19,936916.575,282550527.4,33658837.13,2577922.551,65043729.64,2169095.718,10414052.39,2316812.472,3194163.645,2646537.054,1638271.629,58664052.08,128198532.8,1670833.791,1987402.704,2333933.919,1291919.523,1579625.322,4615170.534,88247.913,1210917.936,686349.732,43020012.99,1658639.859,123592513.6,1616904.27,311235.411,1000,210022.839,882467178.7,10185313.88,21050484,383189.67,321767.448,152617.689,1095637581,269568041.9,21498660.92,705876058.8,51720498.5,930362.178,7930845.06,30861440.37,9237373.806,7287959.709,155050902,116536854.7,87758643.66,10256217.61,3722742.354,4104752.331,59795392.81,19566097.08,17929250.57,365632.38,10160532.6,32354132.93,24057424.96,660204.498,239473.932,2421458.367,8424830.211,78823612.26,6061413.192,8124454.803,11296037.93,4980592.71,23163375.34,6981815373,434643991.5,2853763.488,20219161.98,113989237.9,69982821.89,388328419.8,7866627.021,33344597.24,74773.677,421457.961,48813095.3,2521625.25,330257980.9,2651893170,10170322.14,46061313.27,858454.401,997225.725,6275298.81,2398153102,63313483.76,13506078.32,3564389.559,11298348.04,870790.944,5493339.051,14747193.62,1108719.21,3725991.792,2759981.037,3527030692,4885936.584,2591612.907,33461943.11,2007482.7,404715.612,355754516.7,248329.098,152510.169,220094.418,432669604.9,474340.056,579239.622,282011.151,13762627.19,14467702.26,423698.253,7916919.993,5110907.031,1075416.567,232246.023,359385.243,8398987.785,74831958.66,7467896.211,49643686.31,781778.115,180759.12,14282815.88,1000,26286789.23,191183075.1,22219514.35,1060506594,4733640.678,1167896018,6494350.929,6351261.393,5940404.535,138773745.5,15223545.02,297200.286,119822394.2,9257533.161,1149204.651,15402032.26,1693850.598,884840.565,56803.623,14143647.66,1567962.123,1206571.956,3412.758,86835.129,14353691.39,17174835.65,60789965.57,187601699.5,1917876442,38635580.8,1868454.714,262457324,2542544.022,2482158.96,6063728.334,2295146.295,21409.68,203324.217,34469390.06,1784282105,1151015231,36540536.78,98744061.01,1060506594,2313379.461,330433910.5,985877.535,97986828,44207323.01,17039102.41,6021748.689,1054661946,232608577.7,25811124.71,93265577.54,5878031.313,571643.352,1334140.731,5100282.693,1445260.044,236565.738,1288161.753,10396.053,587201.334,8214407.115,1730906.082,76403239,16565724.78,511997.766,1800039.321,10193228.59,27628494.61,13630670.2,73315.068,1072188.618,42290236.28,2129893.512,7556837.298,18564555.05,95912410.05
II_SC_11_Th1cells,Th1,1605814.368,1431920814,32423479.94,1138225.464,143859370.9,1513118.487,42400594.41,8532005.502,4467586.527,18040131.62,1840205.721,26781713.43,114800.547,700059.108,2161690.929,1890341.625,4593338.622,18465174.7,243462.831,412830.18,49294.998,91324175.67,1050994.566,5248279.074,2959287.411,1998548.019,389387.271,517666.773,442929.555,11742471.5,123817.092,332104.02,18073517.82,1282097.181,212451.612,6325366.047,553315.872,45152795.34,151703.97,11004914.05,1424760.864,65912497.85,2380541.97,156634.506,548428.452,866804.307,979921.086,5592897.198,161315.964,61521.537,25923288.64,1065538.659,125698.608,8146001.034,1429077.042,70746909.08,62437.494,15884.307,98713176.3,809592.57,3655401.219,708462.543,1947330.672,273863549.3,1310269.263,12436872.08,56742451.6,19879125.21,2263818418,6554051.25,8622746.322,933809.307,55004702.13,1030387333,963600.402,4623793.29,89745.279,174198.081,3207719.457,1841271.489,865326.399,4647668.379,3238938.435,5332204.683,1128288.237,476086.071,105916.395,57917.034,7971677.529,11489808.86,848874662.8,17218016.73,1113273637,376944.087,10881082.22,22780772.15,1224654.372,6139956.759,22814802.43,608663.034,7636663.464,18194982.84,852567.807,286353421,30205702.73,2086435.221,56864547.39,2229789.033,9273313.974,2567734.692,527813.508,2869909.767,1139603.181,68595763.47,121597066.4,2008123.515,1989618.681,3284760.198,1027790.553,3000927.555,6575156.703,90365.565,2416322.694,1132072.989,47974507.34,2407257.711,133232581.9,1162826.967,162348.21,1000,151548.084,797697400.5,7154001.12,27719702.25,183310.335,175276.557,364038.21,1101975333,275111739.1,22049437.68,676412712.2,62206998.27,1039685.844,8686397.403,33061644.66,17173432.6,11518610.48,181765005,181589223,153174533.8,10893775.85,6052044.69,6878216.346,74796096.51,30749410.93,31032015.72,433802.964,6390269.379,31260853.56,21732500.06,686962.941,297726.534,2492842.002,5008490.046,80247307.45,11823481.75,8828693.538,17774602.64,6537315.132,20822675.56,6394192378,543615717.5,3174998.988,17247382.94,90127120.68,71259750.83,402487785.4,7883043.243,32468383.64,122473.461,743485.383,51446322.96,2693205.666,318829205.8,2766600669,11221216.5,49911059.8,1069945.494,833259.576,3672566.799,2457410190,73992852.37,11869290.34,3255925.551,13133166.32,677969.241,4931770.038,11993203.76,1025998.065,4789900.911,3706061.757,4096989861,5812488.873,2422590.24,27564235.82,1114274.937,353354.298,293952313,255885.339,139700.085,327060.777,262083243.3,455564.475,435387.126,191051.109,11965452.09,12045946.7,589456.026,6279704.046,4290952.206,1293995.634,236705.424,274805.724,9313015.647,121558383.7,11474730.64,48859237.49,1927148.082,254744.358,12178910.08,11528.901,27182909.63,193310746.9,14376470.09,1071117403,3556896.498,1196359830,7096724.49,6562067.121,3276167.238,140921355.5,10984120.92,116340.42,112642191.4,7962458.955,955650.528,6426159.048,1029421.188,753287.568,33469.515,8356656.723,1004595.018,462169.095,33019.689,244158.018,1943028.675,13403657.36,61814606.3,188929779.2,1860587853,33995391.55,1885856.328,239133477.5,2642554.938,2844687.768,3856119.285,2015631.111,27767.676,201222.003,34581893.6,1716587453,1181780064,31894506.65,103494533.1,1071117403,2241450.264,65841504.02,1285478.508,75481772.22,61024150.79,21673462.83,6051264.453,1117322844,239640087.2,24933718.11,94869171.89,5763370.605,683539.428,1037097.453,4864203.06,1672862.118,272236.122,1217955.027,5508.594,579691.668,7147019.427,1607834.343,69617906.85,15900178.37,484779.096,1664457.621,8905328.568,25830976.47,13577378.98,66122.88,1085904.111,38710540.72,2229129.771,5652773.007,16186101.94,100402877.5
II_SC_12_Th1cells,Th1,1517914.353,1357356944,30242355.07,1777138.278,151476045,1361359.788,36929856.05,8490508.713,4428778.053,19912559.1,1941558.201,25783337.98,182014.257,591444.747,1250520.603,3235518.186,4211733.198,25953518.25,255546.117,404925.855,110186.604,128212174.3,1108321.551,4356905.337,3162605.628,2223839.46,299928.807,585390.144,703338.267,14993926.52,159929.676,340791.234,15816270.72,1838843.277,293470.488,12805299.27,582409.626,44936758.21,223050.261,7842876.264,1387201.56,68504937.46,3645362.016,175595.751,632311.575,783399.03,1212935.538,6103605.516,311579.763,265841.637,21180180.72,1116001.959,190255.899,8065902.897,1620277.233,73149866.89,199268.19,48976.527,60319409.17,867257.067,2592485.646,2248789.584,2085799.212,114113750.6,1331723.976,14312330.74,26809808.46,16057167.24,1047248549,5298265.815,2152692.492,932992.935,31173733.92,581265618.5,1464926.25,4406307.966,210718.767,158334.324,2098040.859,1310453.982,2483478.453,4069628.79,3803662.11,1369416.816,227449.854,583235.082,132790.53,274779.663,7713862.287,10755676.18,1196935557,16716426.38,1118875239,460403.637,11932833.94,23920716.39,988737.489,6472719.855,21977587.19,672537.855,6979619.328,21779210.85,960432.912,285606882.7,31426560.67,2013902.598,69813741.88,2180408.526,9890301.042,2850294.876,897088.083,3387930.621,1404661.2,54513720.15,86249454.81,2499898.353,1677306.765,2002181.817,1302063.651,4370404.197,4587754.365,364409.004,3314524.221,1504294.089,40892226.26,2717063.397,125380058.1,1954390.158,218645.34,24918.666,105529.323,863462435,6117677.286,33027750.5,230804.685,319164.561,612686.643,1108629162,275897463.5,14287340.36,652505130.7,41604627.62,925672.602,7770794.985,28409830.07,19115802.3,17227848.69,138699917.6,228539085.2,233161488.8,10128609.76,9203350.425,10591113.65,77950246.84,43984672.28,45561912.33,509783.781,4715219.463,20967955.3,16926511.94,584356.068,227042.289,1973799.612,9034496.604,71534295.15,18992606.12,8208559.431,20284705.83,5379686.418,14085781.4,6053921118,523908880.4,2603709.432,12773962.37,98756469.13,73299302.96,427697811.7,8174406.663,32636213.74,96553.005,1224159.357,48648156.3,2787588.711,397214234.7,2795863596,11599414.15,49865363.36,912496.464,882248.577,2123093.775,2545775800,152810174.1,16498163.7,3263004.006,12123098.44,955503.9,5056159.29,12924013.25,1104297.864,3935106.228,3030603.342,4209921850,5433921.162,2414666.763,30617125.61,1366116.234,436304.697,372687070.7,288032.526,105888.405,341374.779,165417895.3,439180.611,653386.017,249311.769,21540252.11,20559218.48,548534.145,10254646.08,7354839.414,1038055.74,145419.513,184358.733,7221225.696,117498571.9,10958876.02,48961172.96,2308086.936,185315.664,7245488.037,8151.093,27069045.15,194732043.3,22482175.11,1017032293,4159062.948,1257683705,7137639.552,6682896.894,3337490.874,138307670.8,14122298.75,343842.834,136760696.2,8426846.268,932370.726,8719762.629,1201117.191,879421.167,71900.886,7901190.381,1549452.102,2427172.164,184191.294,759949.35,9257499.519,19563454.71,62632044.03,190456542.7,1848725314,39293219.86,1704690.582,264224696.8,1918837.641,2548432.668,7183389.417,2374994.418,77843.064,91188.24,38017448.18,1787376207,1247110406,33430115.7,100617700.9,1017032293,4764044.244,17493144.26,1116677.553,96310632.18,38216447.12,20190393.3,6345177.978,1107509781,212479929.2,24166153.65,96399826.86,5947202.643,783099.069,1254315.519,4802083.992,1942403.691,350607.951,1295714.796,26050.59,600902.121,4553323.794,1517197.122,62149657.4,9206155.728,505835.091,1682248.953,9051670.266,23104688.9,11797929.64,75853.251,858351.303,35079555.71,2287972.56,6900874.902,15733360.84,98070609.02
II_SC_13_Th17cells,Th17,2131567.713,2048033305,31044440.38,672702.801,91089096.94,247768.497,28351400.69,9245261.739,2945034.894,2054909.838,598488.024,17583499.03,794107.101,390893.988,1397354.502,307477.974,3575186.151,42527493.71,159415.989,215090.532,149504.901,183945342.9,777501.117,2593209.978,938753.457,1977548.574,802522.236,528661.293,79966.737,9009154.98,209733.33,226187.304,7962506.379,846891.291,127305.126,273378.585,1346070.435,49116717.78,196646.16,8151971.34,1630317.3,99337492.34,1479215.544,421721.766,538198.608,1533331.269,1270962.621,4885692.78,265221.882,349073.553,23104966.79,819468.051,107206.839,6072483.744,1521873.336,78153064.58,27866.754,16646.79,56911740.37,816544.164,906380.712,1485035.202,4872950.325,178686130.6,1461816.261,2966950.785,35428287.34,58704287.99,1341738183,11294167.54,1235925.363,913159.299,36782336.27,589732887.8,2709079.458,9134202.528,720906.114,434653.944,1000,747446.655,1471143.705,1467214.266,585299.913,670747.119,1000,3691.08,1000,214740.294,5047187.796,10299723.59,1309516125,12927403.1,1098396307,264430.353,6129056.091,13921766.36,214996.488,12205049.76,32414539.54,2242382.202,13754263.5,16918578.88,529709.151,247263533.7,153335271.3,2710769.478,36553025.48,1530814.803,11678117.44,2547925.716,456714.063,3462072.81,1645238.628,53523734.09,252792124.4,1948455.123,1260957.57,2455301.211,1338889.476,9408394.368,5074817.697,740397.603,6750698.124,3439212.306,28596714.28,2117018.661,185789186.5,110685.78,125833.716,177411.444,161888.211,1041983984,4937163.471,74330265.76,514221.69,462328.896,131726.979,1086937165,239634123.8,51906759.23,1633958602,295278048.5,942779.46,44711448.01,58438733.71,16121710.51,9102175.422,304042232.9,190037356.6,124741936.6,15078165.88,7294357.863,6811151.412,102509605.5,36646135.25,27149934.21,193853.016,29373403.42,62272810.28,45214512.82,261410.985,155982.447,563646.21,999116.913,12443197.21,4050818.997,894293.256,9177074.772,2210072.025,6087761.901,395701820,576653172.6,2329719.36,10009751.77,93099932.43,73897240.72,291572017.8,9855960.855,21594956.39,60068.088,474452.646,107429795.7,5650023.087,92940802.06,2393532302,11031388.42,32859584.62,1566362.112,2265670.305,1000,2397586927,350548464.1,12777040.42,1880717.373,10389637.69,9551.319,5438775.753,12351957.04,626918.508,2169206.376,1771883.697,4533010352,4613552.808,2708765.928,26051152.4,910961.661,293956.068,406833136.1,449377.971,68887.656,118514.937,3394327.719,3565592.883,1766600.052,689528.007,33104689.97,1222840.989,509368.356,1636475.265,409293.813,4517312.838,666407.706,294685.944,9417851.457,149099176.2,15262211.62,30419287.29,5800872.537,224917.263,7111918.68,1000,22673508.86,287740902.6,37072699.73,1572100478,4787317.059,563776679.2,5169848.604,2770500.285,2058988.083,114564195.7,14715948.77,220462.299,132057764.9,9286444.338,599294.694,2866552.737,834492.729,1387732.758,38145.576,5950727.946,1213179.894,958084.737,337118.184,1106440.794,23939569.46,26998200.54,62920227.6,284135685.4,4616639025,46900796.82,885556.653,302952452.8,5092243.398,3303065.295,13160935.21,1991932.221,29542.08,1000,64375368.95,1947640569,557101265.1,37901283.02,77216243.68,1572100478,50405806.26,92758462.9,259915.551,124225565.7,101793332.2,11442684.04,2948991.462,642153072.9,220806332.3,41569378.87,21876561.77,5557372.035,336253.917,1590038.277,4968827.724,158731.293,258080.712,2267953.518,58999.569,1125227.832,3462821.241,3496817.298,161034730.6,9021840.63,994094.73,3368141.052,15982471.7,39115227.81,21216889.02,155715.015,2495411.286,61334872.82,4506546.858,10659768.99,26581644.85,74942510.44
II_SC_14_Th17cells,Th17,2125348.221,2052520782,38005749.79,598641.168,90752774.13,159838.968,25789870.96,8923724.184,3034609.767,1752347.889,676699.485,19572977.06,801415.434,474417.405,1406211.711,430689.096,4667271.036,42631114.22,175780.314,154562.79,188573.385,179800780.9,759169.212,2636616.201,725046.918,1743820.56,857517.663,541067.265,50473.215,8649777.459,201162.891,312238.593,9078513.723,393697.374,54072.537,352615.134,1398727.248,44705487.35,160016.946,9278538.582,1500429.726,88866383.11,1629613.599,491840.262,663590.097,1583432.802,1223563.896,5378520.729,159511.092,205340.055,24377934.01,812521.023,73923.78,6131643.333,1389101.487,77179859.29,16678.017,10467.12,80998313.27,822959.487,991814.745,1621371.819,4532139.135,249190865.3,1208766.462,2646326.88,43568427.65,52102714.08,1934986529,10767345.21,3677962.248,854396.652,45071297.74,880079374.4,1691646.678,8512366.524,371314.749,522777.897,38579.346,671692.839,1281307.194,485487.99,353800.668,1892187.006,1000,7878.507,1000,202368.852,4260393.117,10824327.17,1228061773,13166270.61,1140560085,372200.43,6563240.868,13682336.86,264527.541,12596957.67,26009168.6,873675.558,13563089.35,17345509.49,626594.625,253662681.8,44800385.02,3104089.836,34856932.49,1405130.979,10119639.77,2266825.797,585863.055,3027176.979,1319022.861,68653615.28,228345287.5,2278371.339,1380754.869,2732628.639,807299.001,5512883.778,6696295.833,386467.746,3913401.489,2208633.462,23515797.89,1252183.725,171876027.9,5547.915,338060.889,30433.935,201800.538,997622890.1,7871871.147,72574487.92,391928.457,211595.904,1412.844,1128442348,241819337.6,59909158.98,1754898942,301785573.7,963794.202,49994950.88,71566062.97,6403605.264,3397088.154,392956286.8,83874080.09,43331661.64,16792385.79,2396192.817,2191988.31,108047440.9,12448272.33,8931730.209,100024.398,33824295.6,75816562.46,55360111.46,455809.431,171662.994,621607.599,967034.229,12707588.43,2627571.411,655484.895,9311143.989,3870766.698,4585933.728,493976509.8,425520229,1992222.957,7907463.477,102274938.8,75949610.19,258710201.4,9260721.261,22319179.77,11584.2,88186.86,116837873.4,5726086.74,90658003.79,2599258424,10988756.54,34734788.81,1467166.668,2069119.155,64550.655,2426741574,224779933.3,12211298.51,1518190.101,10043695.87,3423.798,5364751.827,12425926.19,747389.652,2303141.856,1893211.32,4408338338,6223159.773,2418818.67,28267295.3,973835.703,291402.252,354604245.7,464284.665,118834.686,130141.068,11880607.61,3588776.64,1247009.871,608383.725,25496507.18,1296611.325,525363.642,3239497.596,276054.021,4268554.395,767450.187,583109.673,12911658.35,155362106.7,15194115.52,35984490.87,3883716.612,160020.48,7004667.375,1000,24103363.1,294652191.6,39441755.33,1596843588,4663364.931,612053241.5,5381463.834,3311414.52,2384979.348,115478257.5,15078835,150641.328,127662610.3,8799909.144,779401.149,2963777.844,927213.588,1393811.196,67192.254,7739308.137,1384527.618,1185945.378,122971.365,714315.636,27996968,27230953.86,63494602.69,289655602.6,4816371060,44346648.87,852039.228,298261680.2,6266011.281,3036813.762,10430053.9,1854457.149,29954.118,1000,68799051.17,1872942663,603858207.1,35656059.24,83398415.09,1596843588,40829928.89,263374702.1,252912.243,115594777.3,104865785.5,8858777.97,4837122.438,654340445.2,242773857.5,35972031.33,22846306.9,5366402.511,488744.976,1610934.036,5065491.573,318829.002,208083.573,2363298.423,22554.864,809183.544,5381077.005,3230172.708,152102956.1,11919222.24,826993.407,3080178.918,17768161.17,34134510.89,17195940.59,101254.623,1903961.076,53435222.94,1776048.36,10460097.26,33566956.16,80839640.97
II_SC_15_Th17cells,Th17,1986520.926,1959363792,33188759.68,475708.797,90458892.3,94028.502,33248748.45,8149212.189,2646840.843,2017765.161,98011.536,18811199.58,606522.624,454985.061,1270756.905,392794.005,3814566.006,37416427.24,435283.404,206839.239,153616.281,156620458.2,856955.547,2249426.874,955754.739,2345006.433,735425.556,566659.632,61940.526,8650511.742,217676.706,264426.342,8070181.869,1279659.21,21830.202,299821.998,1507331.175,42964478.31,162252.048,6797730.279,1571990.073,88574776.56,1481438.382,359423.7,752741.841,1223150.904,1409105.775,5253484.401,143644.11,241104.111,21648443.32,760902.225,110160.303,5925538.101,482379.261,75025624.04,19327.74,3058.518,54205969.17,782853.801,752653.134,1427724.222,5805192.783,199227769.8,1115319.264,2512385.499,35298898.52,54234849.56,1621515287,10988795.24,1931210.658,565644.843,38838287.85,768992287.9,2648265.27,9345426.033,391148.394,228010.425,765979.197,1176055.605,562161.285,4711906.431,914103.39,1582281.285,1000,3179.55,10058.259,261340.644,3588308.631,9751372.005,1191035959,13446651.58,1106796157,377744.754,6208593.837,14863349.14,291115.149,9121039.209,22473059.14,751938.543,12868986.69,16915382.06,749210.244,250660958.5,39120623.18,2863538.472,37245309.8,1581222.231,9009213.609,1985612.46,392288.526,3246015.192,1203283.257,43875830.63,219335013.9,1676801.115,1177716.378,2848273.908,1223159.076,9827578.923,6710612.61,447952.98,6511503.564,3575141.979,38343340.88,3171355.356,200271304.7,62283.741,114446.817,150588.264,122355.984,970441860,12699078.39,72694564.78,358091.523,620320.668,341221.257,1095186060,242313351.1,53304837.29,1587215418,262241893.6,857850.498,46250323.83,55977255.79,48362534.57,25310723.39,309072915.1,365202630.5,236095630.7,14862434.67,20110570.25,13462385.69,95377904.98,88717329.07,43704820.19,253970.262,30297558.54,62173885.98,47195638.04,268566.48,160446.438,592905.144,1056729.891,12319141.67,5026195.371,715998.438,13431381.83,5785203.855,4196670.366,418420791.7,600858280.1,2464376.151,5194599.582,90726865.81,70074136.66,274994661.3,8726362.476,22893369.25,45315.849,488575.017,110702505.8,5876887.32,104102062.4,2361687389,10872429.8,34474487.82,1582228.407,2149323.561,1776228.144,2481520399,257563204.7,12761147.06,1543502.112,10348444.31,7197.84,5378342.94,14445614.58,885900.936,2492433.066,2107117.263,4665669563,2354619.234,2578282.866,24602478.58,907812.171,278415.393,364285131.6,442311.225,78535.473,105299.727,125965695.9,3552295.764,1643868.153,476057.235,29312091.57,1279039.092,396253.137,6183388.554,320407.596,4753400.856,449204.319,277815.36,9592447.011,151609313,14735821.65,37374060.21,10879923.97,299410.359,7949946.81,1000,24477092.58,285103970.1,26099300.93,1575814676,4161836.661,608609302.7,6253046.85,3042116.466,4064974.344,118607419.7,12969818.32,336967.863,132393421.6,8768679.186,690244.11,3619014.513,887542.968,1295045.346,74149.263,4104526.8,1454267.82,1558209.357,418633.047,1144250.841,19432277.11,22014418.15,63391288.9,281526344.1,4771388998,45677413.45,263246.982,297908566,5516409.258,3763792.347,9514697.046,1433896.35,47389.164,180768.255,67045676.89,1962856870,601689287.8,34155627.47,78759593.4,1575814676,58884680.64,7706750.442,264284.844,58292339.66,92626408.86,10772421.87,2592025.131,678174862.6,220087061.6,38850494.89,23164647.7,5430899.823,294808.029,1384058.337,4946899.5,259929.612,226352.439,2353523.886,67731.609,1088898.159,3262047.999,3165762.159,148934607.1,7465632.084,853912.818,3141790.185,16740902,34337581.1,17628450.81,111819.534,1993739.928,54287110.61,3694929.471,8954880.18,29284165.76,76907975.09
II_SC_16_Th17cells,Th17,1992926.919,2005084064,34077700.29,502953.555,93052920.78,194779.431,24360620.56,8718867.168,2795468.097,1818346.089,510565.947,17927723.13,752371.107,424171.659,1233787.05,338732.832,3122528.19,49212802.01,137569.266,178844.13,219101.793,207563280.5,780244.278,2408722.29,743440.434,1711245.003,780768.3,486892.653,58705.5,8192098.593,207920.409,279791.073,8518206.057,917996.802,61130.967,257141.115,1668692.37,46778847.77,155116.992,6775772.97,1241607.159,97717645.61,1592924.718,336237.24,504709.8,1610996.628,1467301.407,5693093.91,211419.171,264232.473,21733989.18,553091.328,119501.937,6045110.427,1484341.044,80744584.99,16417.623,22979.397,64267847.31,681954.459,650854.431,2216152.998,4910324.112,177541416.1,959887.134,2367895.176,32643066.82,54566986.95,1575571148,10445794.46,1173745.008,480436.932,38652225.53,797520512,2592037.251,9671255.727,635275.137,490724.793,19757.226,765948.105,1532940.528,852372.666,580877.751,552934.839,1000,1000,5741.919,323842.452,4769796.783,9610953.996,1577328247,12591386.01,1113979409,287084.85,6489219.912,12967801.25,202529.457,16007309.5,29512327.08,724317.666,13293029.21,16049718.73,588169.173,249830112.7,41674869.95,2838759.672,38062981.79,1510134.384,10621622.29,2465801.415,392173.92,3689529.558,1149463.167,73453349.31,242179033.5,1969352.499,939766.722,2667268.452,1368407.061,8552091.195,7553329.581,723411.681,6368894.028,3490256.82,26151453.73,1779406.416,171611042.2,17726.67,19935.63,196198.569,178116.141,1105070101,3848846.373,91226688.22,457583.175,362485.296,38649.135,1103651488,242203551.3,53298427.33,1592993873,314166767.4,1166414.379,48282216.84,68372119.43,16089354.8,6266377.395,365569185,186030297.1,89581821.67,16276594.11,7359741.48,5076979.635,106834000.6,35913938.79,18905618.37,91803.684,36540228.43,64829048.08,52684532.12,295737.087,127048.737,541931.049,779469.162,12328483.03,4990023.096,834267.765,13797553.54,3184054.122,5543354.157,408282750.5,552630024.2,1793076.735,9480628.764,104049255.7,75767693.7,307045017.2,9019185.915,21011743.83,69727.686,305186.727,112828604.6,6139967.604,100432491.9,2472228102,10878777.77,32856287.96,1597318.14,2310708.333,1000,2455096682,340782390.6,14568883.41,1482373.515,10645299.08,1000,5448313.719,13443240.58,780783.378,2252901.948,1962322.656,4453019291,5563778.172,2867862.75,29618399.23,921735.006,342801.897,398475391.4,573442.053,61991.952,151737.168,3998088.33,3571225.98,2134027.98,681002.829,38125685.04,1190071.305,486685.218,2154060.198,236735.922,4340208.474,758458.086,347866.275,10120207.16,155485960.9,15415490.41,33107744.01,5645811.675,241934.382,6860579.496,2267.232,23977261.61,287561591.6,43337088.89,1538490508,5233848.183,568434737.9,5683872.438,2976045.543,2224621.437,114103720,15169649.15,355861.254,150973698.5,9330958.842,731259.315,3289029.687,840693.498,1564512.777,68510.973,8726397.336,1007942.61,1116851.514,350867.607,750613.758,34389417.23,33153265.35,64716404.4,284571970.8,4769768576,48331576.89,722618.013,348051513.7,5838481.104,3491378.643,14423977.94,2070295.683,44593.2,1000,68251390.59,1977744853,562985991.9,36956597.86,79540501.3,1538490508,63893881.84,125646289,263192.235,137643828,107118491.7,9862218.954,3192269.934,642886295.6,215289508.7,37514087,22538043.04,5431376.385,417835.02,1645002.918,4733878.158,286526.619,282465.411,2593603.761,53814.444,1140052.665,4870428.15,3590159.553,178954214.5,10417463.41,935302.923,4018573.128,22065953.31,41647036.8,21531186.16,186267.72,2670267.555,67620313.91,4749357.888,11221198.98,27215342.61,77591618.56