"","II_SC_1_Tcells","II_SC_2_Tcells","II_SC_3_Tcells","II_SC_4_Tcells","II_SC_6_Tfhcells","II_SC_7_Tfhcells","II_SC_8_Tfhcells","II_SC_9_Th1cells","II_SC_10_Th1cells","II_SC_11_Th1cells","II_SC_12_Th1cells","II_SC_13_Th17cells","II_SC_14_Th17cells","II_SC_15_Th17cells","II_SC_16_Th17cells"
"Hypotaurine",1.00169146988967,1.45873396893454,1.13198467660866,0.646751606589077,0.817151550665873,0.439187142910922,0.602222604592821,-1.72009499182285,-0.949477236554601,-1.26405030741105,-1.51402275503826,-0.00638223531133719,-0.0193576720506978,-0.319317097221353,-0.305020724781484
"Taurine",0.682805982203188,1.29517794513633,0.222359702735023,0.170806353921119,-0.166977412956008,-0.500404593431345,-0.399537011584466,-1.74708513160171,-0.553537490620852,-1.26131254296142,-1.6096742273089,1.06987528310958,1.0841330032466,0.78155642160585,0.931813718506927
"Glycerol 3-phosphate",0.545838883102561,1.08183206270197,1.25749949977522,0.595686591315203,-1.80411360978832,-1.55144616557463,-1.09459868602049,-1.34597617544001,-0.0988573782203095,0.295903237813239,-0.0783770027881632,0.062308770512046,1.14967455339952,0.421282810385606,0.563342608826645
"L-erythrulose",1.00680280435549,0.939990672741716,0.842697235643294,0.936811709179064,0.709311911845281,1.09346415315901,0.371820544991952,0.459683040698346,-0.0761803378697346,-0.572540886907251,-0.0462790243674276,-1.19375674564152,-1.33153266950394,-1.60303768486908,-1.53725472345518
"L-threonate",0.554411017887416,0.663243430199883,0.363562000751143,0.310762682099197,1.14342144793677,1.50214609928563,0.85335162643698,0.664609034660288,0.0830249615773018,-0.274033749061113,-0.142716712902479,-1.43724696853284,-1.44666234828556,-1.45491819986189,-1.38295432219076
"D-Erythrose 4-phosphate",0.869085639481201,0.923331898207834,0.750513969375417,0.474550178033782,0.797599670645493,0.490499275485348,0.869861671965356,0.169192149566623,0.247325918441216,0.31102002440031,0.223353372204363,-1.18986843753433,-1.5534526793724,-1.99354892464283,-1.38946372625739
"N-phosphocreatinate",-0.393563902931334,-0.273679422196379,-0.903038739994849,-0.936742430772219,2.0598064882175,-0.620791781199372,-1.12157461677338,0.0585056892625645,1.27252246834377,1.47844674021875,0.875328575120224,-0.278777683760237,-0.692207519957188,0.416892202695725,-0.941126066273534
"3-methyl-2-oxobutanoate",1.58441148625286,2.05174706598107,1.0119203331764,1.44876179088134,-0.581676019493613,-0.919417055170806,-0.300654379838766,-0.85938526969064,-0.239758010377883,-0.634407896890589,-0.665393126532898,-0.124165140342708,-0.349127279437927,-0.926134418429948,-0.496722080085854
"beta-hydroxy-beta-methylbutyrate",1.16395738076177,1.53313636127779,0.849303773758307,0.746360477833456,0.345833124996682,0.656018423430235,0.124392599416083,0.0899827677744767,0.500345321396559,-0.155114612377185,-0.179668820289389,-1.32793504326462,-1.24361079216213,-1.6283785473391,-1.47462241521293
"Xanthine",0.979195675550426,0.958385611466336,0.869005669010171,0.829473871766676,0.578814514891014,0.762491440406055,0.446313077637344,0.38793437959771,0.0629611998975323,0.0877273409273613,0.158825915055647,-1.47631638975447,-1.59099027355241,-1.4894497118922,-1.56437232100719
"(S)-dihydroorotate",0.450315852501555,0.455915272569489,0.274130151884393,0.144365780788891,-3.14882151378485,-0.127431651889992,-0.569139780559094,1.09103497997247,0.652453462647782,0.660255718251916,0.687420902212645,0.0911330575862096,0.153364588524813,-0.825624251571582,0.0106274308653547
"N-Carbamoyl-L-aspartate",-0.701219013625947,-0.643415267459695,-0.635231080500608,-0.796696247040093,-1.40986280962929,-1.43484328582329,-1.34995544432761,0.972072780665763,1.01893834300735,0.991731973979991,0.967593791700284,0.724395420502884,0.792499903529086,0.767277384350821,0.736713550670362
"5-Phospho-beta-D-ribosylamine",0.169629907438452,0.462194559614271,0.471093555716293,0.603095125153095,-0.151129592485902,0.051068937568353,0.0724590884778662,-0.918031870520161,-1.79901654388746,-1.86853215610305,-1.15230191701409,1.13697631709,1.15121287320289,0.718204816967391,1.05307689878207
"(R)-2-hydroxy-4-methylpentanoate",1.67198710218715,1.11944678791751,1.31331381458252,0.812581776088089,0.114128597503986,0.371070019925912,0.104088697230117,-0.297381991245951,0.693351481720811,-0.269166333387214,-0.617987610960771,-1.4748144494743,-1.07415585127101,-1.16068632196322,-1.30577571885363
"4-nitrophenolate",0.905640807251865,-0.505682319429247,2.09620230341487,-0.711331622911566,-0.319922267318248,-0.5420620777309,1.79221161642842,-0.555319188575604,0.207483471019179,1.16266461740994,-0.878202240722113,-0.464231763598294,-0.440671383299755,-0.818345287818823,-0.928434664119742
"2-methylglutaconic acid",0.878031433710952,0.81072815102204,0.791261789131576,0.781426854012795,0.649461608485747,0.941496014997339,0.433944321176489,0.646637508485347,0.168658888257923,-0.220276947503406,0.204454068846955,-1.65554440894527,-1.3892274318984,-1.46201478698736,-1.57903706279272
"adipic acid",1.36605645351902,0.825165949142982,1.52450711399836,0.758582541230333,0.185667223802942,-0.1661849011673,0.749555863908839,-0.639668726225653,1.03137051298907,-0.477670211572201,-0.746583084490009,-1.25461715439046,-0.428163696146229,-1.05367663201689,-1.67434125258285
"lysine",0.625181551277874,-3.46441265712854,0.642310854653162,0.539110556751347,0.331924989257847,0.505223701268845,0.312562662525836,0.124844302307668,-0.0996732236501999,-0.37378970262409,-0.122869034639695,0.241138139544052,0.242931914251351,0.146760445232092,0.348755500972447
"2-aminomuconate",-0.420957049724851,-0.990148297017261,-0.137806001934332,-0.97805818001507,1.93850426834939,1.69895469819111,1.1993110621023,-0.0512868264141027,0.488782331057027,-0.271560059801764,-0.193141551950279,-0.9570896990526,-0.798891616617394,0.66908933265018,-1.19570240982234
"2-oxoadipate",-1.07735904353707,-0.703194046822663,-0.758120780861701,-1.79477979975437,1.19404902629698,1.34017695278349,1.29666752955207,0.394478929783868,0.931687149802587,0.757436196672915,0.724814836682713,-0.342708951928685,-0.90032410270093,-0.408715150023807,-0.654108745945374
"erythro-5-hydroxy-L-lysinium",1.01379583263597,0.0992495044423895,1.39034511694359,1.13090912743147,0.101493102329151,0.629290532521274,0.246427208822607,-0.354930352478326,-1.39518407399439,-2.46303971636988,-0.833952109716472,-0.215911862989012,0.254287121715148,-0.160967154723877,0.558187723430385
"arginine",1.0396886597022,-2.94342146484079,1.05267078801658,0.741282741668861,0.0641061354177273,0.611797967243397,0.171869110561395,0.192448026443161,-0.403442303628145,-1.15256881221921,-0.448262501655137,0.301052697142718,0.253743676956295,-0.0327860351772217,0.551821314368184
"L-Fucose 1-phosphate",-0.246795695488233,0.801103833322917,0.465077487336144,-0.0442426564717682,2.10179320102166,1.54452111903704,0.870910414496015,-0.606080903182406,-0.245735780522383,-0.180263878832078,-0.00452578108269075,-1.1776067578871,-1.25655972862676,-0.855642148418218,-1.16595272470213
"D-Glucosamine 6-phosphate",0.821292911446669,0.949563218914908,0.43791962070667,-0.976036892751462,1.09355769793001,0.539434475128498,1.16402820770156,0.387946094263572,0.530354561893308,0.522562896760218,0.0531816433024354,-1.25523192944932,-1.21337234385614,-1.61386803161073,-1.44133213038018
"6-Phosphogluconic acid",1.21940792147418,1.17028225674358,0.498433154657486,1.34814839470046,-0.346663370771309,1.36062955842416,0.281907013761776,-0.182307046998709,-0.359796384750836,0.0695452902031024,0.14140909913978,-1.17218963182716,-1.45156113579987,-1.15277823606526,-1.42446688289137
"4-hydroxybenzoate/Gentisate aldehyde",0.61468414800251,-0.264300183479653,0.763463574691872,0.0744228777057113,-0.199249886094594,-0.573817425358093,3.17378652174041,-0.374282006799202,0.0224718415617712,-0.522850779241725,-0.221092001031754,-0.552691931739635,-0.90802916484085,-0.0712131828008289,-0.961302402315919
"3-hydroxyanthranilate",-0.123901695564716,0.20617191150912,0.438136291838746,-1.38564197171854,-0.476664503542684,-0.296638902173174,0.174821648778064,-1.04289835622727,-0.560045709960502,-0.751221898122578,-1.51656413418153,1.36916924801238,1.56350982315969,1.11317413373037,1.28859411446262
"quinolinate",1.08941694178507,0.300448262023362,-1.01690103890585,-0.0512128738763664,0.411828815436246,1.78949464974798,-2.10745192963692,1.1910302130231,0.398278546953104,-0.648566763429194,0.418715765187365,-0.466128236415145,-0.264770253600289,0.136417083635327,-1.18059918192783
"2-acetamido-5-oxopentanoate",0.755589740882281,0.625744261111076,0.752107158495332,0.500953173648741,0.928853466623166,1.05865883465954,0.525594619487377,0.657843068162755,0.183254220130554,-0.101001398397782,0.2349283652243,-1.34453669620315,-1.67882522861793,-1.53009797867025,-1.56906560653602
"N-acetyl-L-glutamate",0.804107975406583,0.723709676833217,0.979324539494712,0.547484473585194,0.941029823544146,1.14291649334762,0.577899988123259,0.700334826622004,-0.156141239448041,-0.603827779254149,0.0462087999960601,-1.30848274535065,-1.41673938620266,-1.41651364115741,-1.56131180553991
"L-cystathionine",1.54369214267787,1.6826343866649,1.44758692639896,1.45734237158846,-0.409566097916759,0.0910550212446638,-0.690046115749968,-0.69682848219607,-0.854968132167098,-1.19436500323526,-0.802954516069181,-0.388337493745247,-0.452145803068645,-0.331484447682893,-0.401614756743754
"N1-(5-Phospho-D-ribosyl)glycinamide",1.71226298511691,1.82960330310846,1.74554682257795,-0.711357740624868,0.190436016046936,-0.556120668477945,0.444428131931503,-0.311919703184957,-0.371048197236357,-0.320300630396764,-0.255684827034272,-1.28142300177627,-0.474648369614376,-0.890554527011092,-0.749219593424816
"Sedoheptulose 7-phosphate",0.861999730583949,0.987709554719136,0.816741058901648,0.698227534965109,0.837983632661323,1.04136907228944,1.12600514449307,-0.458936225043604,-0.0749791647831752,-0.0128364043658961,-0.252922103556452,-1.48799806661926,-1.25194693437,-1.46382511804144,-1.36659171183384
"sedoheptulose 1,7-bisphosphate",1.10387552275215,1.00450907141568,-0.148470659860949,1.252887041751,1.17524936980699,1.26642694303903,0.152682561191479,-0.573398838630174,-1.22363371285361,-0.306646961403199,0.191659638649146,-0.879623009125097,-1.93801432617337,-0.309276890913607,-0.768225749645463
"4-pyridoxate",0.730757648450843,1.10396219712871,0.612852744951266,1.01235999084543,0.601428975297977,0.981879954024034,0.251318626536638,0.866324905274042,-1.11475551176154,-0.138080374023981,0.130216724320135,-0.563391816778519,-1.27449859565959,-2.02777019590219,-1.17260527270325
"fructoseglycine",0.865063582937637,0.832943707585707,0.843811056068386,0.74775555300911,0.755661914555656,0.874308129853671,0.642008288694416,0.462913473766637,-0.0291753400343065,-0.116609477724113,0.206066881457836,-1.55385511714993,-1.43741036522612,-1.51161277866933,-1.58186950912528
"N2-Formyl-N1-(5-phospho-D-ribosyl)glycinamide",1.00632863464679,1.09720238116413,1.18875520849044,1.34077000097631,0.50720909505552,0.516391024484307,0.0409369383367996,-1.81061642670437,-1.40634060030034,-1.20232015120214,-1.14127927062405,-0.14336183902967,-0.0976533466053496,-0.00858100438148225,0.112559355693132
"nonanoate",-0.785346450627169,1.04831981515963,0.608970880414118,-1.13826325908765,1.29950723318415,-0.964283062952535,0.944899243500341,-0.396109789174875,1.60720036813819,-0.540128031730829,-0.628559434600365,1.0114076134684,-0.723698935660068,-1.45611693339137,0.112200743359991
"(4-hydroxy-3-methoxyphenyl)acetaldehyde",1.60185427012962,1.32331283325024,1.10451425923634,1.15217686265156,0.0821933867481177,0.729111826631745,0.298466761185264,0.0112412942206625,-0.445132077804762,-1.26721380040401,-0.413083931409489,-0.692259765236221,-1.14900186940058,-1.11826543184484,-1.21791461795367
"4-hydroperoxy-2-nonenal",-0.59048952806939,-0.704812904873644,-0.264362807394699,-1.47136406944882,-0.580289106274974,-0.527514129354842,0.447313289313203,-1.26068324732151,2.47171989321673,1.24392501678629,0.2936110054362,0.402053994759527,0.765205859282711,-0.10761833537931,-0.116694930677518
"Azelaic acid",1.49842368965204,0.241052527105478,1.32626684081459,-1.00272205759063,-1.00619508718608,-0.31521052147952,-0.699961303008885,0.220686101625942,2.11580681195909,-0.521850625955057,-0.688724817861139,0.319972256517634,-0.198617950969875,0.0924040058795959,-1.38132986950326
"(R)-Pantothenate",1.6143256331766,1.66060831446741,1.10257716133519,1.1130100248244,-0.561670930334365,0.317963470596922,-1.1804742411718,-0.156151514035302,-1.12093911351386,-1.27362221004849,-1.14333880773574,0.111673698187126,-0.26450572680525,-0.275605790984628,0.0561500320418128
"carnosine",0.808177058360959,0.910984472162518,0.724829260937945,0.953321856211239,0.733151847146575,1.27170592552188,0.694632097476632,0.433253058499138,-0.280398609534254,-0.694246389968256,-0.0135572534688365,-1.45430756281963,-1.29963126388054,-1.45190895357502,-1.33600554307033
"gama-L-glutamyl-L-alpha-aminobutyrate",0.620064899522178,0.195712439279618,0.785661309667397,0.340598496581758,1.21983291563037,1.04511436060144,1.698546076054,-0.648121195993739,-0.605709699262951,-1.82356425547838,-1.63656489457314,-0.202745951035362,0.0489578620568979,-0.464326958318927,-0.573455404731161
"Galactosylglycerol",-1.88280054657467,-0.290973765363411,0.140391582578899,-1.38679865551328,-0.123828600518188,0.890151674643451,0.794355793201455,-1.13715209716341,2.13548521643287,-0.128263121801087,0.295506266343766,-0.184326383246887,0.439265438449995,0.814598130067592,-0.375610931537092
"S-[2-carboxy-1-(1 H-imidazol-4-yl)ethyl]-L-cysteine",-0.631106153253306,-0.446726453457791,-0.152975045529063,-1.16385665497104,-1.19064693666452,-1.47545797948459,-0.469048209901028,0.265929240994344,0.140409147074566,-0.0649911492385652,-0.338970294839562,1.47965533608648,1.56672677452984,0.867595963291183,1.61346241536303
"N-acetyl-seryl-aspartate",0.936079430850188,0.777870256773824,0.765123652678653,0.851192675413318,1.49474220389158,1.42509403760849,0.547866690366431,-0.757833314139916,-1.3636307882629,-1.35588666113998,-0.85132798002059,-0.740799957932077,-0.830693238415654,-0.496757734970814,-0.401039272700551
"3-Deoxy-D-glycero-D-galacto-2-nonulosonic acid",-1.29729119592173,-1.16042507167315,-0.809700601775425,-0.970998494227572,1.6830786289189,1.81294053453013,1.38937550496369,-0.725804635646638,0.401752379309319,0.0478012818252176,0.452241351670384,-0.577895428459028,-0.133095435083548,-0.241963902057032,0.129985083626485
"Perillic acid",-0.331983331597289,2.06368170611025,0.364658652029067,1.28992429623673,0.383435573184024,0.707740844283126,-0.321699342153783,0.531173160791327,-1.38888033447044,-1.09257107936031,0.558550422474964,0.154508611551162,-1.12079202095552,-1.38358747251724,-0.414159685606036
"trans-4,5-epoxy-2(E)-decenal",0.112934084234064,0.956356295375476,-0.464115041885433,0.794395548368006,0.933309364515562,0.255863602591608,-0.202281591574672,0.726788639440583,-1.82311490627547,-2.55288789220094,0.287325422695521,0.815931843422289,-0.213823268680691,0.0977752982512154,0.275542601722877
"caprate",0.0510468608732252,-0.359675178081059,1.51575567022635,-1.31995231597107,-0.538653585060254,-0.560820116340501,0.658501722030505,-1.02386064958525,2.20404919399172,1.05746362940922,-0.858866848292212,-0.0339996802670646,0.474592884069199,-0.651490793875914,-0.61409079312688
"w-hydroxydecanoicacid",0.49108129765802,-0.47334938244102,0.972695325151555,-0.619782230649536,-0.184361041049688,-0.40230449431669,0.831543595047534,-0.323994980585887,2.60166335603697,0.275590582684944,0.417758978034935,-0.531171388945179,-0.557328975045909,-0.758994398400401,-1.73904624317959
"kynurenate",1.01690293703657,1.87849769273385,0.861438161872146,0.760265080465866,0.554546763203706,0.91757707022761,0.0493696134361496,0.407157148420639,-0.508068150812863,-0.898207423021833,-0.401877574385105,-1.08875682157546,-1.53388597978235,-1.05621377391413,-0.958744743904775
"N(omega)-(L-Arginino)succinate",1.55861144714715,1.58849911526238,1.53032734646176,1.49288978159398,-0.0960160677911437,-0.0534364076989153,-0.230149280350362,-0.603741660317827,-0.562368447777918,-0.529967534778699,-0.54182304973052,-0.882411694489195,-0.87077980348243,-0.911801538218154,-0.887832205830091
"dIMP",1.00394827033364,0.61393536622517,0.65458578763191,-0.189236488789944,1.094612793173,-0.850132538208309,0.818606053518541,-0.006856134069919,-0.212129322371246,-0.0810320142805533,0.264159355950714,0.091918283245179,-0.159026608793074,-3.06662479557046,0.0232719920053087
"L-tryptophan",1.26907891518062,1.12579247780167,0.999854767675414,0.882023460018835,1.00802129462569,1.20105829240802,0.552880402675141,-0.430025100451428,-0.863107938251553,-1.20470393231304,-1.08418010566823,-0.84545607130382,-0.89067123235414,-0.99281909574735,-0.727746134295789
"5-Methoxyindoleacetate",1.03272437476129,1.12536085044379,0.971443415901465,1.04599580452941,0.674226230914711,0.870987797557101,0.378009779730157,0.444393861529047,-0.402547970721013,-0.689069474932585,-0.0190540249786418,-1.15484226121703,-1.45122477049338,-1.36609343963612,-1.4603101733882
"Glycyl-phenylalanine",0.604333827367928,0.727310160138842,0.574959566165637,0.609989218147789,1.37634177559248,0.971577263423298,0.733466887165907,0.45285169911915,-0.499783626341613,-0.846884457359739,0.165750240023807,-0.8047194918715,-1.22198126159052,-2.32841331495594,-0.514798485025529
"laurate",-0.150709711276588,-0.187581379543344,0.854681111371186,-2.09130594979804,-1.44592712001968,0.71217964123028,0.385180181176412,-0.82741329690698,1.77700538023214,1.21517593877403,-0.155784501731378,-0.317640396817642,0.664664470752145,-0.45321721996638,0.0206928525238017
"omega hydroxy dodecanoate (n-C12:0)",1.23273580073676,-0.869994930957672,0.0153923712108988,-0.553835569428922,0.105553262810921,0.170873570566443,0.24690621650435,-1.28388710695917,2.90278386996627,-0.249497233643134,0.0404478876568641,-0.213467577250919,-0.18048850066542,-0.391026921590136,-0.972495138957072
"Dodecanedioic acid",0.685774232020138,0.669502119549285,0.460663759848965,0.416050402249904,0.39069236687876,0.434397216576726,0.400045327173257,0.1249581298411,1.45478073177714,0.769761370623948,0.247201196149784,-1.35112031501641,-1.21412337200889,-1.63378498611695,-1.85479817954677
"fructosyllysine",1.30349929046143,-2.23983504192779,1.31410881748963,1.23402408482262,0.420828963016805,0.941333881497374,0.288112247653175,0.457366224014971,-0.456099957659884,-1.21777364991503,-0.194556195327146,-0.562148703064614,-0.484339616948143,-0.597013436487142,-0.207506907626249
"tetradecenoate (n-C14:1)",0.672975776480006,-0.69501849830576,-0.169623786383108,0.25837847935719,0.498501861053349,0.15643934339792,-1.09646083956311,-1.42736022660149,-0.698078411036723,-1.27400209478916,-1.09290442496897,1.14416457239575,0.953014553221077,1.60566639884526,1.16430729689779
"myristate",0.37795520716115,-0.830379096328337,0.926952324975917,-1.12159698263086,-1.14933044458711,-0.073360311761354,-0.588742844781889,-1.34082513317052,1.61926534139727,1.42103457590235,-1.16484309584406,0.159754610973001,1.14216162315285,0.48118352298336,0.140770702558253
"omega hydroxy tetradecanoate (n-C14:0)",1.50567578244294,-1.12333063008745,0.365041800112889,-0.420276960875256,0.88407626504968,1.46443850094894,0.207295594067556,-1.04611031920786,1.40797136777703,-0.21260584711474,-0.13774247580241,0.291872764887033,-0.584267485393323,-0.955133614681643,-1.64690474212331
"3(S)6(R)-dihydroxy-tetradec-8Z-enoate/3(S)6(S)-dihydroxy-tetradec-8Z-enoate",1.09311806781342,1.12030455242014,0.980696102846145,1.03072661340662,0.567215969979791,0.647659654224806,0.29437313506994,0.305197310268206,-0.107755364135183,-0.101077917320886,0.021569583194881,-1.35250269270646,-1.45236491884711,-1.49771937601329,-1.54944072020101
"pentadecanoate",0.16443579308475,-0.696316540073802,1.25926542256809,-1.11872578917414,-0.987164244528594,-0.203937747362107,0.607898192340316,-1.17572654865823,1.65569742244749,1.7221757796932,-1.21370326866357,-0.122206382953733,0.687664873602856,-0.136533530796271,-0.442823431526323
"palmitoleate",0.420053779146852,-0.343912135327258,0.166391452954524,0.059442253634974,0.0317349931763242,-0.0892730135130742,-0.969191015551922,-1.41036003846305,-0.601414306174838,-1.02584035911841,-1.51942876916399,1.47739745332345,1.20161813463911,1.29433379235357,1.3084477780837
"palmitate",-0.183617897190222,-1.06449359198059,1.34173121939778,-1.05604354411308,-1.48916019717581,0.343550531861455,-0.104726684398488,-1.22896542269489,0.830496820174661,1.65085500283692,-0.967976698645182,-0.126159657176296,1.11766064813446,0.51724753726606,0.41960193370324
"omega hydroxy hexadecanoate (n-C16:0)",0.194606172781241,-1.10412869305066,-0.559307815945582,-1.64731095224416,-0.553328681438632,-0.402858425245452,-0.331975017537993,-0.706286377577706,0.186855609185599,-0.0686422679189511,-0.695366958163317,1.53483398328655,1.39408573672604,1.45407042754517,1.30475325959782
"11'-Carboxy-alpha-chromanol",1.12313187046113,-0.913964030747011,1.8479746732262,-0.874206177238424,-0.742435776106231,0.363747640039898,1.1701799762098,-1.04200709021574,1.03562079136559,0.959422194967913,-0.437630818705212,-0.996276555767135,0.101624959721728,-0.546936120053901,-1.04824553715861
"Hexadecanedioic acid",1.22503842174554,-0.347248361208387,0.509582565177828,-0.983761700072722,-0.348330752636913,-0.0974862699441189,1.60650736050771,0.0664964441027005,1.71722072901867,0.0604515325244341,0.0579120243788844,-0.00447745088811531,-0.197606700251575,-1.39511672413232,-1.86918111832161
"margarate",0.117433954564198,-0.109486312932277,1.19341402780707,-0.795412261482131,-1.26622902901737,0.0468083751377016,-0.0489091757509093,-1.46617708063816,0.920324420505029,2.14109891859115,-1.33181333437118,-0.319975090276265,0.922961588935622,0.0126655828967011,-0.0167045839691
"stearate",-0.358865119566661,-0.502917828540744,0.965295369254622,-0.383235983743259,-1.69311699308284,0.788869009471671,-0.0875249757087973,-1.16977276015422,-0.940084907853919,1.90938091178098,-0.607126821204337,-0.543555556525944,1.2162627982754,0.623134681729666,0.783258175868351
"8,11,14-Eicosatrienoic acid (DGLA)",0.98113643001985,0.766178880393951,0.576633924784746,0.585010639156887,1.35511834638735,1.1297928837194,0.191629470572041,-0.586492101219574,-1.99987718099172,-1.69424072168679,-0.946741650391469,0.150378251384797,-0.689956016377943,0.109862734531362,0.0715661097170789
"Eicosenoic acid",0.319778956590147,0.377378017374829,0.461305451386219,0.0781535638378388,1.33709281262857,1.04399902181654,0.473604390143152,-1.62305666961935,-1.60264394598547,-1.3732267248351,-1.50555967343268,0.496778777603978,0.303117808322548,0.55957226180316,0.653705952365578
"15(S)-Hydroxyeicosatrienoic acid",-0.0721216169406842,0.412271817021062,0.249581892657319,0.229472371932021,1.05948281225981,0.159545891207566,-0.313236913120914,-0.207198738346433,-2.04371168404241,-2.06513541143972,-0.649188717172462,1.3912244287345,0.290616991039588,0.376940706799715,1.18145616941107
"N-Acetylneuraminate 9-phosphate",-0.348941261081525,0.937360454095989,-0.112489045109343,-0.559280658975965,-0.856585195510896,-1.91263255852714,0.780848046138431,-0.830198856643912,-0.401900881063787,-0.441224239971339,-0.61754790338328,1.24725062031682,1.58814965732652,0.0558841108991663,1.47130771149028
"(R)-S-lactoylglutathionate",0.808721956835851,0.427842523905381,0.590860877112832,0.0139164664040112,1.01212473831203,0.816871881337735,0.396981609250776,-0.114327647682476,0.605296804723938,0.46472144034233,0.304279875155665,-2.5862179274282,-1.20584102470173,-0.0764979448040827,-1.45873362876407
"UDP-alpha-D-xylose",1.30739356034361,1.05625025654685,-0.0767909241674498,1.00308057200814,1.01787347242291,1.02888046475697,-0.629278963637987,-0.883030616899269,0.401433791928688,0.599052129841079,-0.14477161545109,-1.37280139057524,-1.6065278556285,-0.381441396467687,-1.31932148502099
"ADP-ribose",-0.305855191071778,1.02181627509174,0.958476049809091,1.30138617061188,-2.4557303515035,-1.07605811488324,0.823007382794878,0.618514194539126,-0.417001552479054,-0.490457708914753,0.741131578892581,0.129465512130544,-0.0319251219700802,-0.994301237933522,0.17753211488608
"UDP-D-glucuronate",1.31163779420604,0.629317673662941,-0.680037811109615,0.835169864986997,0.988682952069912,0.97019173263354,-1.28083417858425,-0.19964521580044,-0.209651508800647,0.594635418076936,0.443896036409929,-0.713981756505168,-1.96921706062746,0.610215018661642,-1.33037895928034
"GDP-D-mannose",1.01771309363302,0.816221911313898,0.293459707302126,0.824647354089994,1.17878131596841,1.23042037733817,0.599209980694746,-0.19542794819664,-0.243065453101955,-0.0198548426750293,0.108826733686468,-1.38969115324266,-1.792737705161,-1.03273993527107,-1.39576343637848
"NADH",1.29785881635967,0.823673030757209,0.795202266758421,0.565507761587909,1.97796814130642,0.448075334814891,-0.0485737642270691,-1.24787325445805,-0.103557542445281,0.175529855981839,-0.775464644622552,-1.27478827861751,-0.549256717357356,-0.674387490953157,-1.40991351488539
"NADPH",1.23768718966053,1.02438362556594,0.789217582874873,0.788640805184431,-1.31577085810701,0.373887508600446,0.423348285321721,0.165998979000548,0.629368917205131,0.816041567289494,0.330279829831906,-1.31577085810701,-1.31577085810701,-1.31577085810701,-1.31577085810701
"glycochenodeoxycholate",0.748186377745535,0.791842228984787,0.735739447089243,0.769427871482259,0.665894840744557,0.746143668122877,0.585468502242093,0.494555732142874,0.157403433933723,0.224439223398472,0.296147095960292,-1.49226804828686,-1.22442309985023,-1.54496646044955,-1.95359081326008
"taurolithocholate",0.813107644228226,0.828553593135201,0.803685086496418,0.832535821695874,0.801622525266566,0.734020863322317,0.559951988722991,0.571105090847196,-1.62966398786515,0.242256262487201,0.333038107600671,-1.62966398786515,-1.62966398786515,-0.702909977401042,-0.927975042806168
"cholesterol sulfate",0.887224341099335,0.687770716675486,0.365710495104155,0.587781833548602,0.745688883791005,0.314266006332073,0.140624642900813,0.197759490910795,-3.28259179188773,-0.843219974656949,0.0924756895282817,-0.0556892468500139,-0.0913496068001675,0.0623398002358768,0.191208720068432
"C4H6O3(3)",1.15657745684208,1.10127832408202,1.17641904872306,0.773618765618867,0.190087455918191,0.749071451163553,0.317583323991842,0.269505039073355,0.301675057760106,-0.113253818051654,-0.185771526695338,-1.12144433468721,-1.49526052497983,-1.87395307379661,-1.2461326449624
"C4H8O3(3)",1.70612461915328,1.59322587891296,1.46976949989549,1.2218139813629,-0.290970061113102,-0.0367530362805451,-0.50518764876076,-0.142357103415109,-0.0230917428488131,-0.440558273277151,-0.709083268268703,-0.885247768883592,-0.683207630411727,-1.10774448346026,-1.16673296260491
"5-oxoproline/L-1-Pyrroline-3-hydroxy-5-carboxylate",1.03386050292213,1.01891881978633,0.951460719562639,0.942056189281113,0.885453113591199,1.00679422025103,0.608371435936699,0.618505941649093,-0.897015252129235,-1.52310883413004,-1.03817810842341,-0.91131292858022,-1.0019467230876,-1.04515143792725,-0.648707658702511
"itaconate/Mesaconate",0.853362400793338,0.614027796758108,0.392897472560147,0.378571296605399,1.39950862446655,1.51989701253446,1.05829394562473,-0.236106414772132,-0.136404811702848,-0.233470559700929,-0.348232984267693,-1.34601257232196,-1.27494137631342,-1.19314544977988,-1.44824438048387
"L-4-hydroxyglutamate semialdehyde",0.975964308588886,1.18543441180647,1.11917630600417,0.793270624599,1.04956314059171,1.21918651843489,0.816615936066966,-1.14827121493287,-0.888223145430692,-0.86346715466806,-0.835907246374426,-0.937342410172864,-0.730503140628555,-0.895509806450377,-0.859987127434182
"C5H10O5(6)",1.13575740384791,1.13628928181187,0.804642212429965,0.880305372935028,0.990026670218225,1.20788465647342,0.473765263878214,0.0454307784787937,-0.256570749751803,-0.968415723018464,-0.690823929941599,-1.46045699024191,-0.985992754445623,-0.965470784620443,-1.34637070805358
"L-arabinitol/xylitol/D-ribitol",0.531156558536181,0.402056792241191,0.284826859237258,0.18247590265966,1.30227591881711,1.47435669837077,1.01780834500341,0.340584295527284,0.06954203440974,-0.0338434946595224,0.20750173828552,-1.53521402528596,-1.35618591014363,-1.50148807223722,-1.38585364076176
"L-xylonate/L-lyxonate",0.455328648265506,0.696672073608353,0.490278741409079,0.444568329710413,1.18759779116511,1.40431994768208,0.961957607928883,0.229834463621174,0.127815955249396,-0.16376027608541,-0.0377709553933361,-1.43444690960134,-1.47920890953322,-1.2655817420983,-1.61760476592843
"2-deoxy-D-ribose 5-phosphate/2-Deoxy-D-ribose 1-phosphate",1.06423149980473,0.744347850001025,0.805321169140512,0.85285626939458,0.938734737425163,0.859299167364552,0.411679991487473,-0.0818119385179221,0.358849565306787,0.112947768974269,-0.0981319122577329,-1.60322237615928,-1.39871364425109,-1.30424049379359,-1.66214765391948
"ribose-phosphate",0.190475738782036,0.699050342375471,0.653828959664528,0.563224145886955,-0.129238589082463,0.380973827949162,0.302327195551295,-1.73557291214994,-1.14860054337588,-1.50902805228665,-1.33492138112241,0.757357225403646,0.861617788085579,-0.203472801948822,1.65197905626755
"3-methyl-2-oxopentanoate/4-methyl-2-oxopentanoate(ketoleucine)",1.54248269785398,1.73931599615525,1.3255624685658,1.49845052840503,-0.226798082219342,-0.076689089854978,-0.363409791591747,-0.265369157204291,-1.00049772118721,-0.904011474439853,-0.972076214630956,-0.264629837294392,-0.665444048103346,-0.931488210461588,-0.435398063992348
"L-fucose/L-Fuculose",0.656459377657558,0.427699115236645,-0.276932650489972,-0.514882642276936,-0.0632802619853534,0.211605481385998,-0.433964199787291,0.0607989990331854,0.172550881601643,-1.23667262960043,-0.903505701773688,3.11690756921074,-0.0299691125690042,-0.53093508184721,-0.655879143795835
"N-Formimidoyl-L-glutamate",0.169010491126222,0.183376701020385,-0.425190309496837,-0.666559758289107,-0.336966452322225,0.351024609948809,-1.08984839254542,-1.15428278291257,-0.838969316193126,-0.75454621263031,-1.1035217281317,1.52778366092514,1.47349086530244,1.26972245861384,1.3954761655844
"N-acetyl-L-aspartate/2-Amino-3-oxoadipate",-0.880427566708417,-0.949303345352409,-0.827551308003611,-1.09852196913739,1.84113144767043,1.86781182298875,1.65525774857096,0.359273994234893,-0.111314160959533,-0.279201707760036,-0.045061283794301,-0.373912009816143,-0.341460631059781,-0.374158079383518,-0.442562951489917
"3-Keto-beta-D-galactose/L-Gulonolactone",-1.26838215363286,0.191437040842294,-0.607892728412305,-0.396198248396681,1.77918560879024,1.73881586600199,0.99384367139866,-0.402099049976802,0.554081146914044,0.23217722052531,0.638667066985952,-1.3917318586208,-0.818593256036328,-0.20878082130865,-1.03452950507401
"C6H12O6(5)",0.528820446826821,0.473827791424392,0.292372063640885,0.077495998430739,1.58606312464668,1.84163103696197,1.47067243195786,-0.453952601788795,-0.621596457691443,-0.578992083186738,-0.587310849991876,-1.04671209372095,-0.965289576444486,-1.00322447759437,-1.01380475347074
"L-Iditol/D-glucitol/galactitol",-0.202186811878411,-0.233361927700914,-0.326799673806544,-0.506669157415426,-0.436308717867496,0.00556525440941142,-0.458152987551323,0.00591622094019849,-0.42086327213808,-0.698248827003836,-0.596712788868584,3.46489865384036,0.311881894531407,-0.0355184480928857,0.126560588602125
"3-dehydro-L-gulonate/D-glucuronate/L-iduronate",0.970391685520266,0.476662736518243,0.880749066225707,-1.1815821069286,-0.809734402848545,-0.542394993834066,0.0108062445252685,0.691496114639445,-0.0483871415737929,-1.63719674915931,-1.90296024183929,0.32903804179286,1.34670843190353,0.74084084664552,0.675562468412759
"gulonate",-0.376272974107316,0.0793907912270034,-0.109112247359949,-0.0401243254908855,1.57268731554218,1.92779269488493,1.17612625138143,0.179974208632925,0.214892711354723,-0.122332731728414,0.392481852623985,-1.23123353809307,-1.35045742667533,-1.18415300370673,-1.12965957848552
"Methylisocitric acid/2-methylcitrate",1.39459390165853,1.34208859094713,1.21508465776323,1.02641979700593,0.196480768305599,0.669228209053612,0.318185320101456,-0.0580989664311314,-0.323512610702581,-0.249320935378903,-0.309527658747202,-1.26045925445547,-1.49077636344681,-1.17335946426871,-1.29702599140464
"phenylacetate/(4-hydroxyphenyl)acetaldehyde",0.669956749626855,0.186653315650104,-0.0815881918901866,0.0159075172895669,-0.17969440288552,-0.281609236259399,3.34009224961652,-0.364120298901781,-0.369467152832047,-0.772803475153492,-0.548863871883779,0.0288122260359977,-0.469168561265929,-0.873252362421634,-0.300854504725274
"4-Hydroxyphenylacetate/2-Hydroxyphenylacetate/3,4-Dihydroxyphenylacetaldehyde",1.08646578647083,0.73713947622872,1.62215291754685,-0.38407389998289,0.231040139441295,-0.292781706505579,2.07234876294738,-0.660026232959413,-0.832123195531571,-0.333628658301645,0.172460365558115,-0.371171368032937,-0.937859531416151,-1.57994864534798,-0.52999421011505
"N-formylanthranilate/noradrenochrome",0.896555038285566,-0.395536695365032,-0.528465777566362,-0.493150448325036,-1.25084008379966,-0.150170113242408,-1.02799197263353,-0.424858951642267,2.91067185295204,0.104243464773268,0.931066522104894,-0.121297299999224,0.266897018822678,-0.358333539327203,-0.358789015037733
"4-hydroxy-2-nonenal/3,4-epoxynonanal",-0.235665379362052,1.51109904754612,-0.585769951108197,0.414597249141013,1.23097606831843,-0.418273009924597,0.260545590027603,0.573041528681121,-2.19695173063363,-1.38960800809838,0.26375408092506,0.479449955104295,-0.858046010511377,-0.162603725494509,1.11345429538894
"4(R)-hydroxy-dodec-6Z-enoate/4(S)-hydroxy-dodec-6Z-enoate",0.741898522090985,-0.304910494132096,1.23098023789013,-0.916181551826269,0.1829640500311,-1.55655647356436,0.877107151493464,0.221463460234452,1.37437374957143,-1.25803067046961,0.25859754640325,1.40515100193413,-0.197624749348493,-0.863681312052084,-1.19555046825595
"linoleic acid/linoelaidic acid (all trans C18:2)/octadecadienoate (n-C18:2)",-0.105034830845136,-0.213033683730467,1.03915204975923,-2.45057851475808,-1.11024190223048,1.09261120230733,0.460148610066502,-1.07301273160892,0.296886789792542,0.828298076420152,0.0475821286148984,-0.0146881507869183,0.831162389661979,-0.690018619490936,1.06076718682825
"oleic acid/elaidate/trans-vaccenate",0.291478426490302,-0.405742830458733,0.413967004291864,-0.674964020966567,0.35153363321006,0.56919140064466,-0.465187691607635,-1.57272714293327,-0.630430236435697,-0.788095510311179,-1.81241861209328,1.39450437727077,1.09118022963568,0.971117579784297,1.26659339347874
"9(10)-EpOME/12(13)-EpOME",-0.54527892591012,-0.802377374869581,0.279379374896793,-1.70622153444121,-1.53428569121229,0.257893594734071,-0.844350935598364,-0.874022379581695,0.251274731789779,0.856403944008575,1.57727982421768,0.757136701134232,1.27191712955088,0.263007229853443,0.792244311427842
"9,10-hydroxyoctadec-12(Z)-enoate/12,13-hydroxyoctadec-9(Z)-enoate",0.455250971460247,-1.08658130877183,0.651851003020432,-1.6214584841782,-0.764666199258354,0.0332027871779887,1.09862974790174,0.0995888847789383,1.4529494124988,1.45740545923464,0.774623129632246,-0.366260947004977,-0.00334853167715022,-0.639344581839218,-1.54184134297532
"pristanic acid",-0.324671411165867,-0.733715968744287,-0.858913452120424,-0.858732327958316,-0.798652778802525,1.04956256562501,-0.702685681457706,-1.40196790804809,0.0814786125160167,1.9831887897586,-0.771705742448173,0.363582456571281,0.959098444942509,1.18975516429932,0.824379237032732
"C20H30O2(4)",1.14942867268278,1.03075698483204,1.12519280579412,0.687375870151686,1.16738060865317,1.22480671521284,-0.674199928710677,-0.898396503440795,-0.376852973199754,-1.1389685333787,-0.35079138916018,-0.257858172125761,-1.94358486825527,-0.559094101747415,-0.185195187308146
"arachidonic acid",0.872794601676973,0.471519819825881,0.193365169393012,0.659189978843122,1.15819441286886,0.945437970729731,-0.369521762880158,-0.559471902085105,-2.50876020961669,-1.3997108631543,-0.750018618114585,0.575079299030951,-0.348672812968456,0.650412401938422,0.41016251451238
"phytanic acid/arachidic acid",-0.772453891200375,-1.34956890849105,-0.291174305774963,-0.996899452081882,-1.19228997492386,0.917451020465403,-0.015784708248086,-0.896742592277994,-0.35023618176893,1.13303004329313,-0.375204532898576,0.0476282136627172,1.20953432495843,1.21848435451939,1.71422659076672
"C20H32O3(12)",-0.371955900211493,0.596396567701322,0.0342832889591554,0.191611260073406,0.63548304722662,0.0832310840297866,0.0987400741647061,0.58863722469487,-2.26749033115171,-2.22961030246325,-0.00214372183492078,1.13028526575137,0.0917392114287662,0.327582329531559,1.09321090209979
"docosahexaenoate(DHA)",0.728098500755,0.713676708981775,0.54626669644931,0.675094871298068,0.971156789684369,0.852449011875571,-0.231313896586205,-0.381255658089317,-2.63891656763478,-1.36732012872539,-0.785573813989923,0.523687644575013,-0.479867027913011,0.45728782476411,0.416529044555422
"clupanodonic acid/docosa-4,7,10,13,16-pentaenoic acid",0.758375610050241,0.789692024847765,0.568254320990891,0.548638836789394,1.15161637369681,0.912776087224672,-0.0898714945089655,-0.570450811841597,-2.37703590771593,-1.52029158612829,-1.03359982081364,0.382131264849895,-0.376084341031945,0.44849470454619,0.40735473904448
"UDP-D-glucose/UDP-D-galactose",0.647920714305598,0.229950443972736,-0.62841910515696,0.338410935613287,1.83088049031749,1.91022398267994,0.19277997157841,-0.687634461632675,0.063919342459172,0.361767061456787,-0.0746848448540692,-1.05193657178856,-1.58645457725766,-0.25054217013675,-1.2961812115568
"ADP-mannose/GDP-L-fucose/ADP alpha-D-glucoside",1.54258193423265,1.10043256118898,0.0465347746837994,1.14969609126035,1.20258057460616,1.16929985313272,-0.351518234078415,-1.09929696333939,-1.05123994518237,-0.425755856116551,-0.222466658281737,-0.641497918226497,-1.5232767608237,0.0371493863631889,-0.933222839419179
"UDP-N-acetyl-alpha-D-glucosamine/UDP-N-acetyl-alpha-D-galactosamine",0.608304153950934,0.747684700781305,0.194546160116177,0.386548807347095,1.63439638097074,1.37490269991434,0.769278831877861,-1.67592412787202,-1.34849827171217,-1.10087543489656,-1.3011551626313,-0.00458182226469793,-0.261214638937373,0.242889296097335,-0.2663015727416
"Taurodeoxycholic acid/taurochenodeoxycholate",0.739304946274377,0.740540931581432,0.734134818945543,0.734101147547239,0.728000749562422,0.6641869741481,0.581781103292846,0.433276864777667,0.249236465966913,0.105345225379062,0.331978614296451,-0.921229256916477,-2.22774722548655,-1.17220576420269,-1.72070559516634
"C27H46O4(3)",0.0623666500493437,-0.250940836039754,0.922162663869783,-0.268678045170464,0.542838906523028,1.16903872338789,0.973431938688933,-0.0186730958806452,0.572694682515466,-0.260807517927535,0.120473249416006,-0.587112824104799,0.678580295311183,-0.708590771218359,-2.9467840194201
"Ercalcitriol",0.338727642094261,0.64091171898192,0.0534326126420163,0.643757989788045,1.1475208149751,1.13161256460812,0.918823413105471,-0.282603813352673,-2.08070389800886,-2.08070389800886,-0.62985748371231,0.255757982547662,-0.539646546152142,0.18179833047999,0.301172570012262
"4alpha-5-epoxy-8alpha-hydroperoxytocopherone/7-8-epoxy-8alpha-hydroperoxytocopherone",0.394819629787106,-0.703031792525873,0.248509782886708,-1.36516175419573,-0.0665972976072548,-1.35468700500475,-1.47692874802722,0.328035523155866,1.61125236774746,0.434542710159302,-0.870545966553781,0.672554637642419,1.46723840439425,-0.337042466790429,1.01704197493192
"L-isoleucine/L-leucine",1.41396101671904,1.1949561493565,1.00758138005865,0.888166257521777,0.492503731044914,1.3377222118052,-0.128701643239367,0.00167923138440653,-1.1587364847414,-1.55422667071744,-1.243993479053,-0.508045585521119,-0.678419010527027,-0.786595210794632,-0.277851893296437
"thiosulfate",0.936907207618799,-0.442709166067497,-0.443942657483788,-0.123969413962867,-1.9128677740934,0.697039629475751,-1.76778333791843,-0.609709942955957,1.18012724179005,0.555321187336397,0.278552540677836,-0.100622597665081,0.724442802031935,1.57025190200499,-0.541037620788768
"Diphosphate",0.701919045113913,0.944652532295415,0.920638259959649,0.785080651543373,0.0438892411823603,0.888468469974919,-0.446439848651246,-0.335005487619333,-2.19903558654092,-1.64726609970697,-1.29601019835721,0.330249138268558,0.282324122029301,0.285638440150137,0.740897320358057
"L-cysteate",1.37943672739793,-0.429790390878018,0.547319838408613,-1.17333007894541,-0.609900121096709,-0.175487052691143,-1.07020615577952,0.105897156447279,0.575553253868335,-1.77078771722667,-1.03765302119151,1.5114948282596,0.647307789955829,0.359991152046249,1.14015379142518
"D-Glucuronate 1-phosphate",1.55934873502811,1.76321949811176,0.361407934133405,1.13343768635655,-1.01582238856706,-0.309673155215078,-0.678952500468258,-0.252005396922591,-0.395279720592341,-1.60698472441123,-0.411481103144425,0.327692152857244,-1.23135728286066,0.91405251485163,-0.157602249157059
"dCTP",0.774209735397973,0.405470049505837,-0.505629458232859,0.613942738908433,0.878003911780378,0.919209700357677,-0.227977286642891,0.355727661637338,-0.1890415803106,0.334268737173917,0.647653616093181,-0.277655016196943,-3.00768648795676,0.295304288469011,-1.0158006099837
"L-glutamate",0.968313571100417,1.18188207731308,1.12208555569911,0.79888356715585,1.04985402025279,1.22188713437881,0.814059350034099,-1.16182403621655,-0.892579940132447,-0.860839547989436,-0.827712026846076,-0.936453233340071,-0.730232626884283,-0.894848224934197,-0.852475639591174
"myo-inositol",0.53074862180908,0.480673299673178,0.283916502585915,0.0912264980802914,1.60534171121717,1.84588502530546,1.44345664065923,-0.459072050242355,-0.650266267256246,-0.585032001488259,-0.5758926744697,-1.0274707852965,-0.998380690364926,-0.991840700191624,-0.993293130020717
"uracil",-1.0641591255132,-1.25087605756739,-1.08938013829378,-1.46779980653011,-0.148879450001474,0.0275765381582501,-0.143622362163005,0.0605270797731107,0.0400106756370082,0.0763502865795948,-0.54698773165739,1.3062695865211,1.51224265501186,1.34445030349631,1.34427754654913
"aspartate",-1.10627970885393,-0.975192947521325,-0.986640914323497,-1.19879196320888,-0.14450581222787,-0.109856250579001,-0.036730109719673,-0.506226922525649,-0.211416091847003,-0.297187965989265,-0.369578235539361,1.47705665843433,1.62070419064763,1.4186677424251,1.42597833082838
" Hypoxanthine ",-0.389294233798755,-0.349321297706209,-0.330094425386759,-0.899253795447897,-0.170617057564155,0.322689754087944,-0.0700865216459467,-0.63256877057541,-1.08158956750842,-0.811649617778403,-1.39982492535965,1.46563987775051,1.49751461300067,1.29215073349723,1.55630523443526
" 5-Amino-1-(5-Phospho-D-ribosyl)imidazole-4-carboxamide ",0.810725702027093,0.89912208581936,1.14846735288466,0.489120210338743,1.21566857801382,1.47141130927193,0.977975866187189,-0.883177621422117,-0.96031085985481,-0.74044680049124,-0.970311294292343,-0.93407273691834,-0.890445416842699,-1.12089308713009,-0.512833287591154
" IMP ",-0.118829089048019,-0.175827412219297,0.13986259677983,-0.427385855309202,-0.391274531430277,0.312892640758056,0.312842062262062,-1.31619942015398,-1.26010814525176,-1.12779490642172,-1.28975127543383,1.25456293409812,1.41696514714933,1.30376510413149,1.36628015008918
" GMP ",-0.76031309795456,0.565705482517818,1.08278398426668,-0.301617869460403,-1.52526551418992,-1.20852351542052,-0.242637518751048,-0.380634851806579,-0.693064937507134,-0.509314726966179,-0.913919324400407,1.01051463607896,1.55120742046452,0.895692079881305,1.42938775324748
" GDP",1.38878988082229,0.548721866417761,-0.550868238153687,0.693083252260914,1.48409687570095,1.24245615950237,-0.447219075341953,-0.720230127840865,-1.26365800550056,-0.402254096325361,-0.253407032959292,-0.49004217704965,-1.77262805036998,1.03599167015237,-0.492832901315306
" GTP",1.56078001033603,0.509651252524135,-0.619320017167524,0.678552229315358,1.74264102997474,1.00296972806878,-0.507983856848489,-0.311788737068619,-0.895462997088014,-0.354118362023308,0.121971152214771,-0.632572946494926,-1.79818223241581,0.576936035094514,-1.07407228842162
"AMP",0.350022993853569,0.370851062755415,1.00794383083581,-0.210113779967758,-1.26477785576595,-0.430371725581107,-0.565131079499445,-1.1015517940203,-1.03110612594649,-0.580779380116638,-1.34681045204908,0.87662945700001,1.60336721888595,0.923119630218323,1.39870799939774
"ADP",1.28732699709336,0.649150086446469,-0.28531276029143,0.748872162899802,1.36607602804428,1.43091686301538,-0.154265362446187,-0.760494703435951,-1.3396616761567,-0.556873279173803,-0.151024194404015,-0.476618508123073,-1.92011051537029,0.676248663849403,-0.514229801947267
"ATP",1.32565079057118,0.692631825289755,-0.377899665173231,0.775613928385981,1.6473841168817,1.09937979012367,-0.165655114055617,-0.316591441932796,-1.08374103101038,-0.344831542809514,0.212551094390584,-0.61722710323661,-2.01994388860589,0.229141292519459,-1.05646305133829
" CMP ",-1.07057668346768,0.91160432959038,1.23306129050915,0.0815468096234062,0.342567874785286,-0.314955926263791,0.365504393306344,-1.4320761004081,-1.31257094373175,-1.00155793662593,-1.37713835197083,0.674795877586206,1.230103477526,0.600477312568777,1.06921457697262
" CDP",0.99307965182053,0.183261983621591,-0.856606069352963,0.463782467528809,1.8088336175666,1.50775172869914,-0.0421509621877834,-0.618056652569688,-1.21553731679822,-0.598433173347697,-0.0661148559434864,-0.361330942510769,-1.77504232287782,0.926561374622752,-0.349998528270996
" CTP",1.25617214456885,0.395182972141259,-0.921546920948648,0.5453741865717,1.87243923857565,1.30184848659484,-0.30513597620146,-0.324590271552131,-1.04999984362058,-0.385748139146356,0.169696351604457,-0.398356206334257,-1.85724119586794,0.478373617123336,-0.776468443508723
" UMP",-1.05848309083534,0.300005048808561,0.490950194285625,-0.788921664731293,-1.5649946307868,-0.733152729458922,0.718155124081207,-0.216878186507837,-1.46138211782426,-0.363312046867511,-0.160683178845347,1.18290892952698,1.44101513407881,0.829163486055875,1.38560972902018
" UDP",0.936330551073601,0.137899944818364,-0.783468744475006,0.326169332873795,1.75097057204754,1.5128506927869,-0.128980168589285,-0.625695545695184,-1.21137597080487,-0.530856306792674,0.00800831471180002,-0.266764998893702,-1.89211236280816,1.06417104964328,-0.297146359896391
" UTP",1.22589349500265,0.349952585727281,-0.840273003277082,0.462840024620329,1.90484876377542,1.25315458427491,-0.280798292124946,-0.184380682480669,-0.991212960162101,-0.211290482020824,0.334715691262897,-0.401292786378563,-1.98188398398731,0.275553638564514,-0.915826592796516
" dUDP",1.23260969297072,0.942294616426679,0.263212269118454,0.868809426680274,1.08050252618223,1.36050180026837,0.166111374035693,-0.270229187557775,-0.331458003857408,-0.152426925621281,0.0165868850874099,-0.995934584736014,-1.68885086810488,-0.713068671099721,-1.77866034979275
" guanosine ",-0.533832204459504,-0.720615563929043,-0.598024140273687,-1.07818463120807,0.427982678638079,0.506434018005904,0.509267353274735,-0.994380669375101,-0.333564682387024,-0.989458548609804,-1.41940127604991,1.16790455963544,1.36745818485897,1.21171834518913,1.47669657668988
" cytidine ",-0.422517775555961,-0.879006521155599,-0.478509710419201,-1.73360805311814,-0.125684792078883,0.0729226999379354,0.232250945187152,-0.542583842535598,-0.213843273316528,-0.291247054755815,-1.19052626471391,1.26055626753015,1.70367985088251,1.25697639628168,1.3511411278302
" uridine ",0.628009559678186,0.44700649754676,1.00229152297108,-0.374966153348295,0.0929432957002597,0.470796387460173,0.623554941692868,-1.29300944894403,-1.14400558018614,-1.40793498151243,-2.05695716683527,0.494533967027281,1.02024136227309,0.605895180429643,0.891600616046837
" Thymidine ",1.34512309347968,1.27047265910829,1.20451153060994,1.00664367582382,0.456312161836386,0.525004776544445,0.398954142629859,-0.273262499665228,-0.204869903132431,-0.146859352781745,-0.38305841759584,-1.55758181008841,-0.745797707944904,-1.518152491615,-1.37743985720884
" Deoxyinosine ",1.12781243783441,1.20851497547427,0.982061927578994,0.567998971858993,0.399310442401273,1.0726075711309,0.76553444692399,0.226920468032762,-0.423274669514642,0.0288339122371837,-0.533966975840679,-1.3134538094213,-1.11455059331035,-1.25486309035592,-1.73948601502987
" Deoxyuridine ",0.641368733564972,0.597804760309486,0.635857406757296,0.38946233913166,0.559458929597175,0.546746343215251,0.76390005873359,0.00853733822081843,0.807886800057453,0.856161863386101,0.468240751395503,-1.61421869235314,-1.45157796057581,-1.53012922577436,-1.679499445666
"alpha-D-glucose",0.88931340095811,0.87619777693157,0.877570211904551,0.841391823156128,0.694291149841118,0.947184194731419,0.512832060350957,0.453413308147056,0.0746088042290752,-0.299153460537395,0.124822558078937,-1.45772057033347,-1.48117763465218,-1.41742803280118,-1.63614559000468
"G6P/F6P",0.932563108359062,0.983055114603883,0.915864343034384,0.409364475820289,0.774320605643623,0.423536206300848,0.875045593188731,0.189621598247156,0.238450976259713,0.255658218574896,0.145173967732018,-1.53608259165401,-1.51587172560617,-1.54571426147809,-1.54498562902634
"beta-D-Fructose 1,6-bisphosphate",1.12027734752905,1.1421227329163,0.100887249115112,1.65549339288225,0.0609393871664613,1.33135671700716,0.016555064095902,-0.302392858407297,-0.761158438424115,-0.0461087990011592,0.461126512105771,-1.19247540933352,-1.65572205971998,-0.961585506354389,-0.969315331577536
"Dihydroxyacetone phosphate",0.484239543204705,0.473575148548285,0.427344220798548,0.382495113841931,0.877716421546301,0.713810261683877,0.5019255858429,0.591292169220846,0.603186194119701,0.680430779040214,0.61275606100629,-1.44723061460667,-1.73590066910045,-1.65384801762377,-1.5117921975227
"D-Glycerate 3-phosphate/D-Glycerate 2-phosphate",1.23292335424352,1.26035913807602,-0.291525363802831,1.64298666583796,0.406001728222907,1.19238535384963,0.46694804291175,-0.449107226136255,-1.04366568984745,-0.216476483679536,0.0245656107036995,-1.42274393268519,-1.39627886875684,-0.727726564988954,-0.67864576394843
"Phosphoenolpyruvate",1.01835720075311,0.372387453635589,-0.509217729577657,1.2261619521729,1.64022098000428,1.496221298261,-0.267657694526431,-0.404725246840202,-0.389781365182812,0.10501778029154,-0.249550342342037,-1.86797665755919,-0.848411090968698,-0.117338036887948,-1.20370850123347
"pyruvate",0.299210275749627,0.0977372295623607,0.136544870625993,-0.326110127208187,1.87684834949612,0.456590426752922,0.325164831127697,0.339271377073306,1.08323796484869,0.911660612031554,0.282113050631182,-1.06899909015647,-1.52526191051953,-1.66812617903845,-1.21988168097684
"lactate",0.787663604780465,0.848190348239605,0.728929227573588,0.695469972120702,0.57371449220763,0.633673326184207,0.538882606833292,0.427435328438441,0.420738105098093,0.357676835914801,0.318453841182102,-1.63810730806266,-1.47899812033191,-1.59806469211916,-1.6156575680592
"citrate/isocitrate",1.02913725847326,1.19495203162505,-0.530384528601566,0.870041462607792,0.743555602734547,1.93366479479277,-1.02636187568352,-0.31972984107922,-1.45830534930152,-0.315606495127464,-0.504212040675597,-0.0142529249964207,-1.56666683920434,0.195771178651249,-0.231602434215084
"cis-aconitate",0.849255803996123,0.93417278624731,-0.198371765393001,-0.304790684034526,-2.59017285458477,-0.0786793098904949,0.232106154020688,0.68837592113842,0.829115717294286,1.32030790293595,0.406844894931963,-0.105164164687527,-0.825806640503436,0.153585859734724,-1.31077962120571
"2-oxoglutarate(2-)",1.33768051811687,1.19872603468903,1.26921860181793,0.679693140534217,-0.801549417259599,-0.289268536237111,0.171197652444958,0.010436719591059,0.847465116961552,0.502084178151689,-0.150245948419734,-0.680035537919753,-1.19223483885862,-2.10513940570017,-0.798028277912355
"succinate(2-)",1.36074640185663,1.3210117023535,1.25567837275348,1.21272958991114,0.557218604441589,0.65771285986346,0.409333107947132,-0.120156012547621,-0.726706251899646,-1.09167386577388,-0.949598394552884,-1.04124852722722,-0.895202371879746,-1.08136826928196,-0.868476945963963
"fumarate",1.57260476976679,1.62573020109524,1.43523219056671,1.40875191376065,0.0413861381081767,0.163679818538662,-0.0973319749436417,-0.903298390600494,-0.859012847025522,-0.809762793283988,-0.732900719429179,-0.710772089676714,-0.636156624630279,-0.855461196987886,-0.64268839525856
"malate(2-)",1.41141186932397,1.49239137059253,1.28321461152885,1.37813009727281,0.281169889231931,0.442964493303903,0.0576368325584832,-0.524225087256334,-0.531267676577818,-0.465192280362403,-0.353104885260285,-1.05997746528754,-1.28059919131197,-1.16797487862685,-0.964577699129292
"acetoacetate",-0.594422613121577,-0.780417099881697,-1.05548032093834,-1.28307627462118,-0.888141898664086,-1.65067501258797,0.511004609069371,0.909898530591073,-0.00466021085776513,0.0104846151245259,0.274159338804413,1.6332004185916,1.1806342505082,0.748854382375959,0.988637285607545
"2-Hydroxyglutarate",0.449189269126144,0.332469934182401,0.61486486261522,0.459982534162785,1.42343702487084,1.55614489531362,1.17117063655579,-0.333392923454813,-0.0684710561044935,-0.14880668962059,-0.13325264678575,-1.37910048061793,-1.27958475652516,-1.20295389266452,-1.46169671105356
"dUMP",-0.756236987558796,0.177941714452021,0.225150989420759,1.55881782360426,0.126229564725604,-1.10832617786139,-1.25076284875779,-0.103263309114389,0.566696758020595,1.30121415006415,0.947221847263014,0.240712511702807,-2.20927921386621,-0.178807425095527,0.462690603000896
"dTTP",1.3367822947607,0.87169900589329,-0.315270604128441,0.895922422052829,0.944934930286985,0.579858215145281,-0.642441700280111,0.206363439153517,-0.556385205105617,0.175052041300278,0.817617605799943,-0.403763125540783,-2.5720669178506,-0.365967422607833,-0.972334978879425
"2-aminoacrylic acid",-0.975078329840934,-0.901013977110918,-0.922457195475648,-1.00883443695582,-0.386823599155861,-0.294314248289627,-0.275747216853984,-0.520757257609735,-0.329954890041623,-0.2114608723368,-0.337588414389757,1.44910946016804,1.63844079141559,1.5167883852816,1.55969180119543
"N-Methylethanolamine phosphate",-0.689273634691077,-0.805794737343154,-0.835853429646876,-0.831486452221311,-1.21602408008494,-1.2508366399404,-1.17132250369238,0.463014127407849,0.389201521731476,0.456599583468925,0.491865611009352,1.21519256459993,1.2288841268587,1.25549880853703,1.30033513400688
"creatinine",0.855853169772389,0.923479586827508,0.820746575713693,0.895981102245446,0.633251857178149,1.0165190993939,0.501182218577472,0.430591063379059,-0.0822061432123427,-0.122948381271533,0.131348466797004,-1.54897689396933,-1.57774580406922,-1.41778077156753,-1.45929514579465
"creatine",-0.576392172182475,-0.013670719302428,0.0707754171857222,-0.116397235462496,-2.96237375801387,-0.341118201824363,0.198741621086442,0.615075416389141,0.762768420212382,1.20212382055544,1.31129107528081,-0.300754415742156,0.554765049301593,-0.439722101635476,0.034887784151835
"Phosphodimethylethanolamine",1.06622827527961,1.39157252572286,0.220868947064599,-0.267626609008602,-1.08431641693264,-0.296295724002703,-2.47545547068049,1.46534909083626,-0.863863941488755,0.270169948848219,0.652457538070104,0.0734042541209159,0.0287488417441328,-0.0939863713044862,-0.0872548882689738
"5,6-dihydrothymine",1.11115466518751,1.0715357399133,1.1342864870695,0.946773103984855,1.02617953010089,0.707208805621211,0.651224812170036,-0.228801660529261,-0.522556138319116,-0.318794565377291,-0.321119751653831,-1.37987591938068,-1.23899481310318,-1.25808968907656,-1.38013060660737
"2-deoxy-D-ribose",-0.387228307307213,-0.662293123633529,-0.621303013312061,-1.0873181662857,-0.841579281805552,0.117709181955593,-1.1358730912081,-0.291657933323574,-0.705649985502712,0.112549560051889,-0.478833738319206,1.52859650644464,1.28553713999059,1.56604004708054,1.60130420517444
"2-keto-4-methylthiobutyrate",0.759029087342694,0.788004216993044,0.402408808854664,0.247968887134973,-0.65044868377695,-0.355579321919852,-0.680750943520648,-0.383630407576517,-1.19044726588885,-1.70646019918905,-1.54235175980722,1.16695860212451,0.906275727445481,1.01552169967303,1.22350155211073
"L-cysteinylglycine",0.732004999808219,0.393804055049457,0.560735363207893,0.0857043271922371,0.783284620602417,0.76871105038902,0.451390326096082,0.0255959292464922,0.628673231401992,0.452540661003342,0.27236875117375,-2.24622395367108,-0.876087249723607,0.213721841894868,-2.24622395367108
"choline phosphate",1.60810873308157,1.65616620632646,1.17375835265163,1.23061031611943,0.311090278681944,0.541253526122937,0.0107608814519558,-0.919169172158024,-0.891019528284161,-0.791639356574117,-0.647806107554764,-0.891980858410968,-0.842770820848208,-0.751888270697672,-0.795474179907955
"Nicotinamide",0.0577817201675254,0.568881238878606,0.0544561520233054,0.759053171579017,-0.265765349671264,0.130942509751914,-0.48102120333441,-0.0436604104080146,-2.22186728543758,-1.89763851435968,-0.389076890247603,1.33805246911449,0.413694466989123,0.696888941988727,1.27927898296582
"Urocanate",-0.877328915411191,-0.928886975147956,-0.0878791145326892,-1.47540331692449,0.27135372040113,-1.26172218632301,1.63565490957791,-1.53708616047947,0.640619497081749,0.206231707170602,1.31348973070659,0.454033620751149,0.301751356983078,0.449848385779792,0.895323740366773
"Methylimidazoleacetic acid",0.679092993310663,0.721441995955048,0.467323980208183,0.749327219502775,0.968473740094553,0.808356730966705,0.719983257092616,0.420719067524963,0.359825982916233,0.144533362638757,0.14969865686405,-1.1608415135019,-1.67015962223988,-1.63083109146024,-1.72694475987256
"citr_L[e]",0.758621537552547,0.688900314687345,0.629644387932863,0.42815753334661,-1.9377272893233,-1.42252123305932,-2.15293605469165,0.979351339852461,0.338624538768911,0.740609941188647,0.526832308590371,0.114644294311755,0.0241847356680981,0.1040320183349,0.17958162683973
"D-Glucosamine",0.776379300704501,0.743372329275509,0.678558411357812,0.553230032698522,0.614998377207286,0.685880217850049,0.476951190791986,0.703399797789385,0.358063980694878,0.269098302878368,0.391061578756744,-1.24592089754133,-1.61057310423125,-1.34647317939553,-2.04802633883693
"benzoate",1.3392019937009,1.31433108432303,1.13867548033464,1.02990656467413,0.660594404450647,1.28489140766752,-0.16083364243362,-0.272646229879063,-0.745409159352102,-1.21965998166856,-1.11011440920366,-0.789309209290714,-0.84957603334341,-0.838448706947663,-0.781603563032004
"anthranilate",0.287717590270389,0.701196491986411,0.616601838262618,0.26228130528828,0.732442163277767,1.22844603815391,0.900253319139009,-2.84439351385778,0.451154170306898,-0.851125700874821,-0.380223584554564,-0.665438526173665,-0.627824055680452,0.320985050897094,-0.132072586441038
"N(2)-acetyl-L-ornithine",0.94805288198846,0.932699587967182,1.15053688701528,1.09679118168272,0.848995607721118,0.898392068830994,0.436797145245355,0.428729602390352,-0.46598056405099,-0.632395413986179,-0.474556246707254,-1.68961897800384,-1.31238273034025,-0.947490619264967,-1.21857041048801
"dopaminochrome",1.32700752581541,1.15044889951413,1.2453414312876,1.0772654978559,0.626241708552223,0.907376371582526,0.227884920873741,-0.492223519018743,-0.517644657440023,-0.138761256138518,-0.435276909836407,-1.33366474170913,-1.24329017842988,-1.12414628957644,-1.27655880333242
"Pyridoxal",1.36836856194,1.18160369846001,1.28724352545289,1.06216306487039,0.641013846854179,0.908393863392318,0.13150808226039,-0.473341638264304,-0.639801522235031,-0.179572237218672,-0.493747327990746,-1.33180310765337,-1.22838668345353,-1.06123992008002,-1.17240220633447
"sn-Glycero-3-phosphocholine",0.309815352596614,0.363081252151475,-0.277772689622693,-0.200126104922752,1.78195070249018,2.06137619313492,1.28407221718942,-0.670568505611946,-1.49943921759209,-0.833020079175111,-0.712049186414846,-0.383092326263014,-0.507163484340096,-0.254765114188016,-0.462299009431951
"5-amino-1-(5-phospho-D-ribosyl)imidazole",-3.24545416233873,-0.373565668776654,0.0156515750178082,-0.348718323897894,-0.346281279595901,0.598684053416764,0.86203704997198,0.179656040532806,0.403027605977025,0.612078994268123,0.531000182637512,0.333969661625239,0.694266663852883,-0.47578391668776,0.559431523996807
"coumarin",1.40877086892729,1.57700063198705,1.1208109133528,0.556101690790308,0.6523767256573,1.06015396671217,0.0752542178396597,-0.0138990159342711,-0.878038485817409,-1.17104251872144,-1.18527507881907,-0.685957968555372,-1.17781139371432,-0.900442026402437,-0.438002527302172
"N6N6N6-Trimethyl-L-lysine",1.17087661681493,-2.90210767394008,1.16128283781089,0.846037692027143,0.566503451284885,0.798650240886137,0.574078245076034,0.0324361099473841,-0.0882373442684937,-0.367598260225716,-0.216253514571886,-0.448943060025418,-0.331309132418858,-0.531379555857891,-0.264036652539055
"L-Alanyl-L-leucine",0.00227254741547415,0.452170494815331,0.00662503537518849,0.611855847443103,0.174333136154092,1.13595868977824,-0.527267029896834,0.670792442102389,2.22928271877441,-0.400302362143415,0.509915880130181,-1.30020396728417,-1.00207266919941,-1.31567437131422,-1.24768639215028
"3-Hydroxy-N6N6N6-trimethyl-L-lysine",1.40846530812644,0.904331048795874,1.30421148632486,1.13008280423161,0.683358966118129,0.757335112519326,0.582005916673088,-0.0532189466183082,-0.694849471989816,-0.896168499407358,-0.583361756190684,-1.16917718066784,-1.18212100650474,-1.24975040782274,-0.94114337358785
"C9H13N5O3(4)",1.22709665353402,1.13253556189921,0.928091797120209,0.920695187477243,0.732952346189504,1.21337286964167,0.0530381065800112,0.519830985825278,-1.02001665722828,-1.65636065507718,-0.86495788528513,-0.572622317143726,-1.03081639406216,-0.940997096542668,-0.641842502928058
"5-Hydroxyindoleacetate",1.18615791771204,0.972690040699036,0.731860667917983,0.721052827162774,0.691352532818939,1.04080614310555,-0.0879894559447434,-0.818443718133884,-1.78804040819112,-1.70190306364739,-1.3618203578434,-0.0836334490061104,0.010144871462166,-0.129182938012501,0.616948389900616
"N-methyl-467-trihydroxy-1234-tetrahydroisoquinoline",1.22745991344804,0.367597101858487,1.66404728082507,0.337393524459293,-0.885701105280175,-0.908109701799629,1.14914891071165,-0.189426192797156,0.782907260271372,0.54663573017379,-0.199644516160571,-1.35741564510262,0.11099371612894,-1.00442677875028,-1.64145949798619
"xanthosine",0.879982773951644,1.00474315512339,1.06488467026902,1.1060240007385,0.786032357902747,0.503756330154728,0.752929233661859,0.173493155027922,-0.61119910152535,-0.054602142747048,0.00559079566413185,-1.48106165370526,-1.3495601710735,-1.64719951407679,-1.133813889366
"glutathione",0.922174759770763,0.394472174565759,0.633704946057698,-0.123490771781515,0.980774804525933,0.978093054570276,0.425464385615266,-0.251178153371035,0.719323038491551,0.43434584810037,0.172746687885548,-2.03650841767103,-1.32433763380437,0.0178603558427459,-1.94344507879797
"beta-carboline",-0.501246270018818,-0.407667494872804,-0.188172236547679,-0.467301603697331,-0.547668677002578,-0.447106788313608,-0.680819617874545,-0.645467994847461,-0.764910720094604,-0.811817615222394,-0.854356705516283,1.57787860840382,1.58540586303617,1.57353921014795,1.57971204242016
"5-methoxytryptophol",-0.145955938107383,-0.616265009642795,-1.20134743967763,-0.17680025491167,0.259501275714965,-0.158951866049939,-0.782635299476092,-0.713731491397208,-0.637175108674872,-1.19889340835152,-0.40017128596817,1.55691304401062,0.871573767385169,1.41523488727744,1.92870412786907
"N1,N12-diacetylspermidine",-2.1346629916446,-0.856464930906772,-0.266327300765311,-0.792295482996057,-0.242516089315012,0.332278660683596,0.979578699383913,0.136829513667508,-0.267559156894877,-0.98626056064319,-0.495019904742914,1.38255225920712,1.15147574064069,0.69880058674695,1.359590957579
"5-Methylthioadenosine",0.858344589424959,1.6104909249996,0.821829295542269,1.10031100442308,-0.890703654871535,-0.466885503441431,-0.532806338038799,-0.122996377439766,-1.568680174692,-1.90520959715179,-0.49135249098081,0.542169313882465,-0.0858380461829995,0.249550007459612,0.881777047067159
"N-acetylneuraminic acid",0.855316006641661,0.851231140476786,0.777897018710307,0.710685887535439,0.649697088868492,0.729527699036975,0.495468241513015,0.749158163227492,0.0844210343200891,-0.0374078403357471,0.318109635221749,-1.55871929148212,-1.51976305029745,-1.52883757825279,-1.5767841551839
"NeuNGc",1.0017902922847,1.51038340514304,1.61335644113945,1.58520334630462,0.0612731822337899,0.078671528659091,0.299570915071492,-0.589587937458363,-1.16997211960468,-0.350444907908988,-0.529031499014758,-0.712898690796351,-0.636154909058847,-1.33619228094532,-0.825966766048897
"thiamine",1.01415471054375,0.765623372858975,0.770253995374539,0.976216525988902,0.661774329023051,1.03908881664029,0.281017303118257,0.607660221021367,-0.242729292426553,-0.499070015959684,0.0435399658378598,-1.98699437727455,-1.23143168799841,-0.516171711748085,-1.68293215499971
"S-(2-Methylpropanoyl)-dihydrolipoamide",0.972200467668202,0.925152138486585,0.88887078935037,0.829028021471796,0.77999036756694,0.835608683276499,0.57963997864607,0.385895696820741,-0.114568785524034,-0.199583477368326,0.0623860998633601,-1.34198733405317,-1.53345668559735,-1.46101948983299,-1.6081564707747
"CDP-ethanolamine",-1.10541618510732,-1.72584834877013,-1.02324765130444,-1.30481465892953,-0.236907187672714,-0.288938531961701,-0.485116389595268,0.123606590262853,0.310460741639542,0.433081151180441,0.287027981625759,1.26159867315163,1.22406098116139,1.29535949166631,1.23509334265318
"beta-1-4-mannose-N-acetylglucosamine",-1.82053842992604,-0.260080601796286,-0.647541334961237,-0.708181194349906,-0.174008754034179,-1.46603774350203,-0.0115927156078659,-0.093975574648422,0.133120706445238,0.155307045096796,-0.413016362829269,1.36275942803639,1.52743994653238,0.902654340286945,1.51369124525746
"CMP-N-trimethyl-2-aminoethylphosphonate",0.0474247832490163,-0.185140263899628,-0.111984870145284,-0.526104872378899,-3.19523129040694,-0.447159911702932,-0.307761355629966,0.37055102759615,0.711386789304691,0.533243600381275,0.268229555238693,0.57961385256496,1.0326987518049,0.540474959944142,0.689759244079816
"CDPcholine",-0.0221247350978699,-0.741850472955456,1.4759170158294,-1.33319923736529,-1.13067226892641,-0.648805604794309,0.765978560850616,-0.432051394268083,-0.38400603595804,0.217922160121516,-1.26437074359401,0.283148541116924,2.12167094756665,0.390182954154071,0.702260313320384
"GSSG",-0.546125907916867,1.27106167145164,0.968925763417211,1.38471039326346,-1.40416633260885,-1.57239313188366,0.753278611844039,-0.317539382599213,-1.75468838757917,-0.252648076320983,-0.357815723855689,0.379615021759287,0.507007173422834,0.43130396759372,0.509474340012252
"CMP-N-acetyl-beta-neuraminate",-0.484026419725015,1.19991868416147,0.989807944939089,1.40615459607629,-1.35086059856051,-1.62524707506167,0.735734323727717,-0.198383514502559,-1.71705449538489,-0.379090326036861,-0.522369069878638,0.50938677481902,0.49545769543758,0.400057521289689,0.540513958699308
"NAD+",1.33491325531856,1.36046661606107,1.3356826052955,1.19598393419397,-0.294808183413485,0.76129588133228,0.525720863329335,-0.505326910627368,-0.323549222289061,-0.359447068094415,-0.354749860871,-1.4274435429561,-1.0487813920495,-0.963387827478142,-1.23656914775162
"NADP+",0.891228075235683,0.421627020886471,-0.681953072198878,0.719961577784514,0.580991941265147,0.722968423067123,-1.12242135638788,-1.13724354399386,-2.06226004487144,-0.820582471100599,-0.572339614999449,0.695987134929372,0.143818545656352,1.5615185657442,0.658698818983254
"Flavin adenine dinucleotide oxidized",1.74757930158327,1.3999123906334,-0.840483935033228,0.993713849710217,-0.631582888112732,1.36516847831371,-0.637211551091621,-0.670934139432423,-0.975956655485345,0.141221945881192,-0.89489300920582,-0.264262925315502,-1.37276576665804,0.667272083623654,-0.0267771794106959
"13-carboxy-gama-tocopherol",0.514668463145693,-0.661143928085558,1.50654107530615,-0.464685760535787,-0.0217455998352832,0.342838147768952,-0.133407596476992,-0.937137640399685,2.14303884083986,1.46634720670475,-0.738994122348606,-0.818008915329727,-0.882536633307332,-0.344973530904219,-0.97080000654216
"bilirubin",0.667888259418829,1.05100413287945,0.933491085674437,0.912559492131164,1.09200271009321,0.771593907664807,0.596189378868791,0.291148301125463,-1.39027910315784,0.167440077980471,-0.0534599589601761,-1.39027910315784,-1.39027910315784,-1.39027910315784,-0.868740974245103
"C4H9NO2(4)",0.741295958033635,0.608176533797132,0.488714850275366,0.444807531304855,1.58985871168584,1.28027651854849,1.51441984569774,-0.518968864436613,-0.676521861990758,-0.535148074376634,-0.55285092134918,-1.3001382714506,-1.04222985675939,-0.97734042938237,-1.06435166959744
"Ureidopropionic acid/Glycyl-glycine",-0.141827367042789,-0.151950048236902,-0.5458019390247,-0.900819610304799,-0.779113535751136,-0.109118193776168,-1.2233527313793,-0.385467231314008,-0.681459125182994,-0.622071828462167,-0.582763838925491,1.51228263474357,1.63964381569359,1.46288127502982,1.5089377239334
"histamine",-0.619525140136431,0.312183812486328,0.832684690686777,0.344387093913176,-1.76371176181725,-0.773143164043131,0.0523521093630087,0.908601763941332,-0.525845615880258,-1.80679642260987,-0.491269823161564,0.980273892938607,1.16252345353917,-0.0523418699111634,1.43962698069125
"acetamidopropanal",1.07088214227953,1.18226747880515,1.06997930193106,1.03124810969826,0.9150438165635,0.646979115579471,0.763262791301642,-1.41763119714858,-1.24989142718723,-1.22733475534329,-1.34472899065581,-0.35796026916224,-0.322578293780829,-0.352613692811711,-0.406924130068932
"Ornithine",0.505226048036678,-3.56874871514179,0.545335264649796,0.415514985179793,0.184371414923426,0.248832328400544,0.318482130965087,0.290002952981787,0.215320382350702,-0.0698980443490579,0.0861817045127817,0.226572729010968,0.200393813318361,0.0868470192880893,0.315565985872856
"3-Ureidoisobutyrate/Glycylsarcosine",0.836586232650315,0.644564351832109,0.547445532216428,0.426826891018365,-0.530525035514632,0.351629224897155,-0.747046399364595,1.23630415859159,0.792039433561748,0.867602824247809,1.02446910949671,-1.49341583542569,-1.23558912751322,-1.25329644695899,-1.46759491373516
"C6H11NO3(4)",-0.976489344922027,-0.297444247215581,-0.610401023582628,-0.0493724960029265,2.18756221976024,1.51166270135271,0.626552551878729,-0.314345950661901,0.0862290938143954,0.674820980526574,0.712968290509425,-1.42730604012195,-1.16110101172632,-0.165024674832412,-0.798311048776342
"(R)-mevalonate",0.718192719375164,0.444426310972816,0.640572499411926,0.455025971953517,-0.693045294385058,0.416609658680473,-0.709992801620084,1.29527761180287,0.842183854613798,0.937744502954309,0.991143305908435,-1.58581460268452,-1.06385918728915,-1.31210083042075,-1.37636371927379
"spermidine dialdehyde-2",1.0099252527383,0.129009837632151,1.01003026617188,0.10921689523974,-1.01355720445379,-0.300700826815867,-0.743603937932088,-0.374566365651149,2.24409028859605,0.192192498325607,0.256135374634454,-1.40925051328967,-0.90248217234281,0.936034315393129,-1.14247370824596
"acetylcholine/4-(trimethylammonio)butanoate",1.12163291337,1.40144773523011,-0.0339272839630141,-0.692484736322081,-0.568458746569677,0.676752661755357,-0.838511882234121,0.737095347709895,0.904977806282883,1.07947473343304,0.866751949373151,-1.27334602004685,-1.18304793399799,-0.879247916594721,-1.31910862742618
"isoputreanine/putreanine",0.378793536777656,-1.58439418668373,0.171074659230375,-0.283439848949582,-1.43635996992025,-1.18478608182977,-1.59840349445106,1.05961034353367,0.967929765433429,-0.264057426113575,0.684505019633765,0.839929315238026,0.931878451849758,0.363176912324235,0.954543003927096
"Glycylproline/L-Prolinylglycine",0.732626056224097,1.52382645816181,1.37929266010722,0.783653502379019,0.780984904167631,0.462189924943062,0.399959139684164,-0.606005018283472,-0.446674387963585,-1.93863747394927,-0.214774077260375,-0.92180572543745,-1.52761177097896,-0.24690309214719,-0.160121099646707
"Pyridoxine/Norepinephrine-1",1.29871639574523,1.28277917738415,1.11946128553884,1.13473067074107,0.344010608916253,1.18615156342306,-0.774130638164567,0.297981168615693,-1.18260106466152,-1.44527445562217,-0.620554990604322,-0.769303239515892,-0.913185615407637,-0.758512578794671,-0.200268287593442
"C9H8O3(3)",1.59225382893058,1.52243386861182,1.0698060220618,0.790455523518676,0.442970446108446,0.945666913327068,0.0573205864924319,-0.00720463350302307,-0.701928025919633,-1.3695336460394,-1.11841814738095,-0.688114622953046,-0.926514203155698,-0.942263908735458,-0.666930001363668
"pseudoecgonine/ecgonine",0.508539672120046,0.634516596670522,1.02932828968689,-0.965139674239242,-1.54175592868303,-0.53525932837683,0.0748709496579846,0.295309136114384,1.90633883818732,0.917084897879782,0.784805146824736,-1.58585164613218,-0.176404713221545,-0.827996658090299,-0.518385578398512
"indole-3-acetate/(5-hydroxyindol-3-yl)acetaldehyde",1.09373793624102,0.823750890453412,1.0331077646008,1.4188845563268,0.400282800126238,0.909345607211805,0.0707737506134775,0.391712727984061,0.234389275648628,-0.641721567767719,-0.335812282318778,-1.4508247186292,-1.4173942637887,-1.21720291529843,-1.31302956140342
"(-)-Salsolinol/NN-dimethyldopaminequinone-1",0.821688482441092,0.899821555632908,0.901996254671497,0.957993729314243,1.07803576333562,1.16027630570378,0.753927620497781,-0.193996006278823,0.179050880566762,-0.907324286997075,-0.570824949191508,-1.36527001302084,-1.13543341478071,-1.23082137629072,-1.34912054560396
"L-kynurenine/Formyl-5-hydroxykynurenamine",1.05724737805243,1.13199118011295,0.673008094297032,0.633669457586712,0.638555672111675,1.41155389789326,-0.0459553375932933,-0.712170156387362,-1.41409803330732,-1.90140581815181,-1.43269763456253,-0.0516649062685723,-0.0384330434198225,-0.260942688375582,0.311341938012234
"methyl indole-3-acetate",0.688196732421735,1.41283852601214,0.861709821156103,0.955987800224551,0.0928159360048349,1.5084805199361,0.593830311949227,-0.632072450607743,-0.763080552433258,-1.82824894862946,-0.288478492725486,-1.56490993275192,-0.424866530294224,-0.226474065076428,-0.385728675186156
"sphingosine/(2S)-1-hydroxy-3-oxooctadecan-2-aminium",-0.381533887868518,-0.0839721570193229,0.441289723327715,-1.21681917213083,0.629888705366204,-0.21177514286697,2.1176446589588,1.040429074259,1.20720946322675,-0.113510945437147,-0.254177562124493,-0.965730152521959,-0.306135064230376,-1.89796007342112,-0.00484746751770533
"3-oxo-10(R)-hydroxy-octadeca-6E8E12Z-trienoate/3-oxo-10(S)-hydroxy-octadeca-6E8E12Z-trienoate",0.275242367727879,0.13963248753512,-1.63884451562927,1.55125055467682,-0.260480082390331,-1.27821758430321,0.353229530187443,-1.30331291777694,1.19962557371945,-0.848967396840713,1.14497992837648,0.0191708359476383,0.627105896126198,0.85324441931101,-0.833659096667549
"C18H32O4(3)",0.423110779766767,0.627369809670828,-2.21499528313071,0.140478283401488,-0.35892520813907,0.390864464983171,0.463110944201824,-0.0266868424811184,0.187323571275291,-2.00969758752611,1.78755450497089,-0.340640231694479,0.147845732880997,0.772872338610862,0.0104147232093919
"C20H28O(5)",-0.256799692202052,-0.129926728027131,-1.04769221378869,0.0491588368827086,0.184391284570023,-0.671114685674917,-0.301120482398555,0.718823951382322,-2.49861572296774,-0.697929468194694,0.665821820812688,1.14539906336333,0.345269902628394,1.31721860647398,1.17711552714034
"C20H28O2(7)",-0.23593449575486,0.263986531966788,-1.81851536154652,0.132007191433159,0.136239016623174,0.09998243966947,-0.236491663588902,0.493399206142352,-2.29697656445427,-0.881074563049956,0.67402266692066,1.18851674089176,0.589207435963156,1.23453783129502,0.657093587488968
"C27H44O2(5)",-0.189721337013787,-1.21881783989573,-0.195588730365735,-1.19767158539383,0.267538224353618,-1.20724787598399,-0.981585811783314,0.636264147540304,0.595522262303049,-1.39880929887284,0.158139451470588,1.10565946890852,1.26179803383264,0.897628370761252,1.46689252013927
"5-guanidino-2-oxopentanoic acid",-0.250348970873338,0.866116551773191,1.28911137514114,0.688004332788882,-1.51547266055391,-0.158312587291518,0.247982982574196,0.451469194654632,-1.14215228494997,-2.07125426067657,-0.654144285365808,0.552991174502843,0.585161216705995,-0.21179606092607,1.3226442824963
"L-serine",1.68972814429352,1.68157946318089,1.59083876476281,0.891224498007471,-0.197688684555493,0.570021579839279,-0.314926730394137,-0.960741203077172,-0.922618608764738,-0.812542041041759,-0.72602582188889,-0.695793937166352,-0.635949969810828,-0.646674169000965,-0.510431284383701
"L-asparagine",-0.142042035490292,-0.141711230411058,-0.52241577859882,-0.88507930875814,-0.777834865028945,-0.11820465012485,-1.24357778166561,-0.409678555573506,-0.66640443191178,-0.62932486991545,-0.587018828524902,1.51564658399331,1.61678169535317,1.46715270916937,1.52371134748753
"choline",0.496439179534982,0.524802810215749,0.419073725819032,0.260361512428486,-0.234260153008359,-0.0159031646938669,-0.250549549606693,-1.29581033318507,-1.39915272934843,-1.48352614453495,-1.50132143887312,1.04487317516225,1.16271023172569,1.13660395528568,1.13565892307859
"L-methionine",1.38473484819707,1.38926856921944,0.975734813354527,0.785303328905181,0.336232652913653,1.31458067697969,-0.197434514553073,-0.0123529172195266,-1.20731413967837,-1.72478444808183,-1.1390520464091,-0.423270553555427,-0.64974462285585,-0.530165889848944,-0.301735757367451
"L-histidine",0.778450706944054,0.673220235279579,0.669431207450389,0.44267277383352,0.704707792808517,1.04245927580255,0.620415532427679,0.19209133912107,0.222152941652424,0.235837792031994,0.0867431282887841,-0.880058901827876,-0.937016727845423,-2.67088234786923,-1.18022474809802
"L-phenylalanine",1.32103761758928,1.24183501042016,1.07860975487112,1.04429528124146,0.45919755382927,1.34874091219805,0.145579866152291,-0.35479661455584,-1.12277571046121,-1.36954276424074,-1.10498044132482,-0.74231749952829,-0.783693381845896,-0.786834383699991,-0.374355200644879
"Biotin",-0.389345440131003,-0.644613264810494,-0.209167563841701,-1.31102741721712,-0.232478662989211,0.64946311263797,0.419638062270224,-0.341449808354972,-0.845761203056526,-0.741741261417211,-1.60457773502378,1.02685155583778,1.58608892900092,1.24256611215734,1.39555458493778
"S-Adenosyl-L-homocysteine",1.75739037756094,0.850167408948886,1.7076990214343,-1.66474712231454,-0.353680951746895,-0.190521748038605,-1.41853396514413,-0.980600453822633,-0.565754529622837,-0.153828681678385,-0.486134526200222,0.297599310998157,0.0436532281152281,0.692155336940079,0.465137294570651
"S-adenosyl-L-methionine",0.758749713939247,-3.41318929778302,0.717632667585599,0.752469535431853,0.14640988998733,0.263375645287826,0.218492156789829,0.102421423073188,-0.147172355628244,-0.432853933647472,-0.0402325733553019,0.341894415223287,0.195121932815085,0.137151874230361,0.399728906050446
"Riboflavin",1.3659365313091,1.6238892186392,1.13274362764731,0.945276885407571,-0.43037532826778,0.867953856827725,-0.0590961778088457,0.479815377281502,-0.464295025352269,-0.803654239849193,-0.374928030605471,-0.834560948454257,-1.02143793633317,-1.69354000254287,-0.733727807898529
"Folate",1.20823260035037,0.641457716326294,1.12738666027842,0.79460639117284,0.868829706962108,1.19431173557415,-1.91940561000106,0.498496036795728,-1.21083116896879,-0.92819161040418,0.192262722434525,-0.860862453166118,-0.845806945739123,-0.347192909303185,-0.413292872311966
"Coenzyme A",1.14087265190858,0.357231255800065,0.161019748756851,-0.324944160091354,1.44567626920483,1.30056937110618,0.109539225486363,-0.687375809814142,0.41303520798779,0.409097174913201,0.109195986438285,-1.6007991876132,-1.6007991876132,0.368480641142957,-1.6007991876132
"L-threonine",0.304154515813038,0.140866679110255,0.30589850202648,-0.0320052899550264,-0.575903720756598,0.242996112478914,-0.641749258107791,-0.899306513620906,-1.47689646633282,-1.46335372783204,-1.06971271095451,1.11922473664249,1.39543167969011,1.28813960612019,1.36221585567822
"glycine betaine",1.58568393942856,1.92205009651445,0.978186129699938,1.07955333207172,-0.820822536378302,-0.231669369903562,-1.33890370927703,-0.321434837791222,-0.835374178941491,-1.22477901881621,-0.817930679799557,0.0465990377814311,-0.34713493307568,0.124950671162751,0.201026057324341
"L-glutamine",0.839009380610181,0.645377769563731,0.551919270605755,0.432956295745185,-0.548621153189514,0.35816287078996,-0.749616725146332,1.22564407171314,0.784052934477062,0.866792135865596,1.03557174577536,-1.49212905084498,-1.23933186691026,-1.25061858689513,-1.45916909215978
"L-tyrosine",1.48995539433901,1.48543425882649,1.13557554423359,0.779280095426258,0.509776800145249,1.08880068905994,-0.0738457678800192,-0.0424768892475142,-0.744410027626227,-1.33150664361269,-1.12849482794777,-0.586559483235239,-0.850196311362428,-1.03580254131723,-0.695530289801443
"L-alanine",0.840376201129898,0.960652724561069,0.982672410969695,0.731440414962426,0.861356637628114,0.948506838067941,1.25248503225507,-0.544573879338584,-0.335876264514893,-0.117288671588443,-0.248432282047002,-1.47991106142154,-1.12161390986719,-1.38784616323169,-1.34194802756482
"L-proline",1.07088214227953,1.18226747880515,1.06997930193106,1.03124810969826,0.9150438165635,0.646979115579471,0.763262791301642,-1.41763119714858,-1.24989142718723,-1.22733475534329,-1.34472899065581,-0.35796026916224,-0.322578293780829,-0.352613692811711,-0.406924130068932
"inosine",-0.45030650926397,-0.56379156928962,-0.650060787875658,-0.7090726955163,-0.0299370591254256,-0.00191695984813517,-0.113264844021665,-0.598289178694706,-1.1615635917397,-1.18848146731647,-0.545944833596041,1.46440339589784,1.28485248376615,1.59689887047143,1.66647474615229
" adenosine ",-1.39287372324807,-0.896528156045245,-0.0643466319682428,-1.09458394835033,-0.894572156202563,-1.24479907058336,-0.136601912114542,0.157149002867322,1.61573646022174,0.755874676602312,0.0493737719604425,0.938570164797626,1.4948296814991,-0.387558097414392,1.10032993797822
"2-deoxycytidine",0.834949318403014,1.10700087536608,0.82747923326824,1.04546444715287,0.191734081766308,0.703779588832451,0.466358394016685,0.36939897179033,0.0293548945210683,0.338251985330395,0.174378774581409,-1.52258604939767,-1.55438234876135,-1.50317979195285,-1.50800237491697
"adenine",-0.53399478230223,1.41304571806704,1.07155394716559,0.885815727293712,-2.46580053106057,-0.947429971677152,0.480016678823086,0.088957035247713,0.0183707731965381,-0.552497673768124,-0.0193769430857822,0.537442844995828,0.379908834718387,-1.11785010185892,0.76183844424492
"Guanine",-0.229201787850022,-0.293106513774804,-0.0516263287386754,-0.969515728150468,0.222771219878111,1.10874319144471,0.990813469307311,-0.829510554115363,-1.46594386587914,-0.515918187254985,-1.89508747756787,0.991946547895497,1.0795781971469,0.713844846184845,1.14221297147393
"cytosine",0.91816266910149,1.3792325956467,0.841272576805743,1.28432827890099,-0.0732334551715142,0.603933962269523,0.231415930330143,0.114808695433646,-0.200365801815544,0.368815770017443,0.201117177433639,-1.14237095627653,-1.74790211168853,-1.28517927612753,-1.49403605485965
"thymine/imidazol-4-ylacetate",1.33809030513127,1.3455508855414,1.0671946978052,1.13999135049364,0.605353942115264,0.62005231681407,0.206756133922517,-0.0341046343082411,-0.457837311879943,-0.451429634539692,-0.3892761738341,-1.3934101352587,-0.744908709053164,-1.56249359036094,-1.28952944258858
"(R)-carnitine",0.831026663937234,0.871859108771982,0.738942351940843,0.748278407412892,-0.536821972745523,-0.493998654157749,-0.748334443596361,0.622799468473249,0.878612518876483,1.1405213428259,1.10049003089152,-1.37288651271561,-1.28756819464674,-1.12521216574905,-1.36770794951907
"O-acetylcarnitine",0.258552372776472,0.378232036457872,0.165065272707496,0.277731801303385,-1.82771322633828,-1.97258313574823,-1.9044255772359,0.349356809822661,0.679136546686218,0.749378756105067,0.465658701756566,0.556320477202891,0.780022487992887,0.54862479011306,0.496641886397871
"propionyl-carnitine",0.898614207549743,0.824369670160001,0.616948202949876,0.526235491248685,-1.58977246442495,-1.25426259166203,-2.06954494521485,0.0402984874914177,-0.341867968369008,-0.443940758521219,-0.53622501076507,1.06464482651473,0.63780755911554,0.865003449722314,0.761691844204803
"butyryl carnitine",1.14226288266044,1.172560404869,1.01000275914167,1.03649226382822,0.204076051618369,0.346585056159025,0.150151942392744,0.235424616766018,0.196703400469085,0.216950971157212,0.235960830380067,-1.52550410857947,-1.4739891991704,-1.45755400279995,-1.49012386889201
"3-Hydroxybutyrylcarnitine",1.37419389065454,1.46424480692656,1.22509981803403,1.24546933863432,-1.33334418996868,-1.47681105503836,-1.67295287576829,-0.0564520676488098,0.00610547499116049,-0.0449612726276318,0.0364329432528704,-0.139313476287459,-0.229959843845587,-0.198989477841617,-0.19876201346706
"succinyl carnitine",0.1529181274672,1.22015989169426,1.24513390954352,0.923019924695554,0.363249324464699,0.505932244057506,-1.26505679501758,1.12521279086273,-0.220865910213256,0.195625758931278,0.512416616645269,-1.4571579929648,-0.585882135161447,-1.76362168415216,-0.951084070852785
"tiglyl carnitine",0.664451937563876,1.17642735372122,0.852062934495022,1.2982683612377,-2.04764733911276,-1.28861409528664,-1.34038833411192,0.310199629172721,-0.0932579464308914,-0.966159486279126,-0.307088811008508,0.514888118327447,0.560137829199331,0.034049768896974,0.632670079615511
"3-hydroxy-isovaleryl carnitine",0.807911021317571,1.08371624896378,0.50513846631719,0.574544702929319,-1.5417341653826,-2.00212368516686,-1.94705194102507,-0.332685227619269,0.602596612629293,0.339110448810631,0.267653556102209,0.457424403906665,0.564542416803855,0.432834745199756,0.18812239621358
"glutaryl carnitine",0.85623532303682,0.84896877624929,0.811172083368746,0.827335755223011,0.670374315847591,1.02865166635238,0.44223584265601,0.580150559029433,-0.138853159088407,-0.0262040202753021,0.0888664424207021,-1.84024494220393,-1.303027792793,-1.46035038532193,-1.38531046450142
"octenoyl carnitine",0.388652397779242,0.548652470398215,-0.101791602081179,0.673156824563991,-0.793127404476692,-1.30447831022718,-2.95006558996018,0.389317605331163,0.30198950861423,0.534420750553331,0.953128458216577,0.446049176243267,0.0896783629552574,0.228950533222385,0.595466818867557
"octanoyl carnitine/L-Octanoylcarnitine",0.00303474578250513,0.0270092629287109,-0.106152560585298,-0.0303731340863469,-1.36749954105892,-1.38830887296424,-1.96949467158983,-0.217188291197628,0.0529952251458006,-0.0551231163275085,0.064273943283156,1.14427241619713,1.22371781702722,1.21572213324024,1.40311464420504
"decenoyl carnitine",-0.330338496923065,1.19118607837565,0.0365167560499386,0.852694131274207,-1.34230388268405,-0.115777422460278,-1.30999428920451,0.451846425025937,-1.01571510315912,-1.7880509916109,0.101368745667041,1.09547983532195,-0.0738519825024553,1.26332295610828,0.983617240721374
"decanoyl carnitine",0.321952781407782,0.538294660722257,0.1685124357052,0.269116238985104,-1.3477378697042,-1.59395558245834,-2.15581241922033,0.00860682274141119,-0.102172324944578,-0.127811273412272,-0.0562297709136586,1.19332695689443,0.536556826789827,1.1279533021407,1.2193992152667
"tetradecenoyl carnitine",1.019171925885,-1.17533380307999,1.11854408589938,-1.63485747292823,-1.54002118980946,0.206169079907906,0.824258685355078,-1.29048635394367,1.19046608079173,0.954847521284262,0.19169929484604,-0.271726679595535,0.474438290460081,-0.372830953462012,0.305661488389382
"pendtadenoyl carnitine",-0.25106147532812,-0.0512848647602274,-0.531486836692413,-0.367206303538641,-1.05833275136057,-1.23688331380137,-1.69834220869174,0.194865339794332,-0.0412542212992608,-0.200148738405215,-0.325148855019295,1.47366799925322,1.30279399016159,1.2594025504759,1.53041968921177
"L-palmitoylcarnitine",-0.672594310350253,-0.354921481678172,-0.50624628266713,-0.893719343351492,-0.972884705641695,-0.907540280312994,-1.42464078759312,0.222421625706629,0.0927874856897974,-0.0775907577243805,-0.285475145040475,1.45868736966614,1.35415130990334,1.31558800418368,1.65197729921016
"3-hydroxyhexadecenoylcarnitine",0.802474887375625,-1.23242318663989,1.07303307319222,-1.60887474838644,-1.70911758673844,0.252897855571794,0.46673515351786,-1.2749528979739,1.19839317841635,1.12354837910809,0.126131553997515,0.0892179282562366,0.59755457899155,-0.256369823439142,0.351751654750581
"3-hydroxyhexadecanoylcarnitine",0.961468893840565,1.2395295105265,0.995815919465951,0.835620979840068,-1.61281668012242,-1.32655158343402,-1.89357716500257,-0.0303126103937448,-0.418125058520823,-0.511843052831257,-0.438900208120329,0.720196598715386,0.404464797488382,0.459419549745672,0.615610108802657
"heptadecanoyl carnitine",-0.695817828578588,-0.53129526800744,-0.835589331087266,-0.754000025540404,-1.0114713284402,-0.80663568897555,-1.46761191120269,0.364886157927069,0.145750970357626,-0.00960220746801663,0.0114904990539823,1.38873297030663,1.21143035514618,1.25072052232391,1.73901211418477
"stearoylcarnitine",-1.2517634691907,-0.998542625334243,-1.15816193374144,-1.36892083165207,-0.568139323358669,-0.447612884676125,-0.758168333311281,0.605020553704143,0.42893013940858,0.232089686150952,0.25584261185671,1.08436970064772,1.2387183765402,1.15193264152689,1.55440569142931
"tetradecanoyl carnitine(myristoyl carnitine)",-0.141124795795069,0.320311414320364,-0.0529611518676005,-0.337582866738454,-1.34518495654433,-1.42393690571492,-2.1591704096519,0.475583407082666,0.320551889875697,0.147494672434929,-0.139433661227512,1.21490148897357,0.864525940342924,0.879784419181173,1.3762415153285
"trans-Hexadec-2-enoyl carnitine",0.328554922827819,0.761809399595731,0.407735992080625,0.042902899472277,-1.37568274658013,-1.38086156453476,-2.2728378628216,0.313003088384016,-0.0509789302208382,-0.0621297573580486,-0.462015549654517,1.20854699331533,0.610418777644909,0.681129201328578,1.25040513652062
"alpha-linolenyl carnitine/gamma-linolenyl carnitine",-0.659474978034635,0.837125530532249,-0.366284248915786,-0.0256196059551406,-1.21701970996751,-1.1058410718711,-1.7337211339456,0.57245651741402,-0.231299035996691,-0.463798017494644,-0.154661122536793,1.46487772891243,0.495737253524964,0.719221423277124,1.86830047105711
"Linoleyl carnitine/Linoelaidyl carnitine",-0.276644354380924,0.149599933995831,-0.253546666591248,-0.225676927849182,-0.989181160710186,-0.993969103422983,-1.89527427080073,-0.107559897420531,-0.147579797630335,-0.12150326129159,-0.603924567570869,1.58543289969873,1.03046557885078,1.12499023075569,1.72437136436758
"Elaidic carnitine/Vaccenyl carnitine",-0.607583235741258,-0.0409639616963988,-0.315063241816494,-0.815771746616649,-1.00450606661101,-0.915914034640947,-1.86933715641933,0.56015260219248,0.240608113469249,-0.0396010412450042,-0.351647822976567,1.41852017772311,0.9816938676859,1.03180429109907,1.7276092555939
"lauroyl carnitine",0.278861420947559,0.586066240215407,-0.42865695274551,0.224705380377653,-0.977088094334751,-1.45608301042106,-2.11209531897353,0.482539111676668,-0.103935391641461,-0.0116540008774631,0.0411437932233776,1.41477826269952,-0.472096297633409,1.01239404268819,1.52112081479884
"1-methylpyrrolinium",0.792439531680626,-3.34377578915579,0.767586584816071,0.621868170500604,0.351887029354172,0.569070797481354,0.322745118577386,0.0878543184663382,-0.180240921134193,-0.551836570212836,-0.296471779312006,0.260113682995346,0.235909960590078,0.0370357516114878,0.325814113741375
"glycine",1.02840966030279,0.990465114941157,1.01585328252024,0.900587852856509,0.821285602665486,0.799068925542652,0.835311778252697,-1.52223567866814,-1.13409403559265,-1.41713890506239,-1.47570788451003,-0.393008244286937,0.088682597622393,-0.193111253221474,-0.344368813362301
"sarcosine",0.842787081236559,0.962473079276816,1.00614479515482,0.752129981286103,0.845738933967828,0.929482920736728,1.24888569260604,-0.611447083459662,-0.330133882278995,-0.115806942714124,-0.22589991739743,-1.48578707658855,-1.13097843290801,-1.36452168378854,-1.32306746512965
