,II_SC_1_Tcells,II_SC_2_Tcells,II_SC_3_Tcells,II_SC_4_Tcells,II_SC_6_Tfhcells,II_SC_7_Tfhcells,II_SC_8_Tfhcells,II_SC_9_Th1cells,II_SC_10_Th1cells,II_SC_11_Th1cells,II_SC_12_Th1cells,II_SC_13_Th17cells,II_SC_14_Th17cells,II_SC_15_Th17cells,II_SC_16_Th17cells
Hypotaurine,21.35100131,21.49949202,21.39333289,21.23568321,21.29104526,21.16824661,21.22121597,20.46670717,20.71707684,20.6148737,20.53365896,21.02348346,21.0192678,20.92181256,20.92645738
Taurine,30.84586791,30.98148974,30.74389301,30.73247551,30.65766664,30.58382262,30.60616173,30.30772066,30.57205529,30.41530457,30.33815301,30.93159203,30.93474968,30.86773814,30.90101558
Glycerol_3-phosphate,25.0176261,25.16150333,25.20865793,25.03100677,24.38682581,24.45464961,24.57728167,24.50980414,24.84456959,24.9505356,24.85006716,24.88783159,25.17971436,24.98419138,25.02232464
L-erythrulose,22.04734533,21.96574184,21.84690887,21.96185909,21.68399372,22.15319241,21.27178603,21.37910017,20.72460342,20.11835493,20.76112451,19.35960974,19.19133197,18.85971918,18.94006566
L-threonate,27.56964621,27.63133239,27.46147305,27.43154641,27.90349716,28.10682218,27.73908566,27.63210642,27.30246473,27.10008396,27.17451442,26.44077504,26.43543841,26.43075899,26.4715481
D-Erythrose_4-phosphate,21.49972404,21.59407329,21.2934951,20.81351772,21.37539016,20.84125761,21.50107378,20.28241562,20.41831186,20.52909353,20.37661697,17.91863324,17.28625965,16.52081051,17.57148181
N-phosphocreatinate,24.71898625,24.75860137,24.55063328,24.5394961,25.52968806,24.64390013,24.47841939,24.86836998,25.26953469,25.33758115,25.1382843,24.75691668,24.62030122,24.9867967,24.53804755
3-methyl-2-oxobutanoate,23.52814356,23.63423255,23.3981834,23.49734998,23.03642403,22.95975406,23.10021824,22.97338177,23.11404221,23.02445347,23.01741957,23.14028273,23.08921449,22.95822917,23.05570927
beta-hydroxy-beta-methylbutyrate,22.76724663,22.95649507,22.60594897,22.5531782,22.34785996,22.50686707,22.23434516,22.216706,22.42706596,22.09106424,22.07847727,21.4898533,21.53307958,21.33584002,21.41465845
Xanthine,25.89104904,25.84934941,25.67024805,25.59103342,25.08875707,25.45681265,24.82324797,24.70626754,24.05507963,24.10470653,24.24717531,20.97064366,20.74085779,20.94432684,20.79419539
(S)-dihydroorotate,20.21367022,20.22961355,19.71201364,19.3425333,9.965784285,18.56863978,17.31095661,22.03800085,20.78922013,20.81143563,20.88878352,19.19096285,19.36815577,16.58066394,18.96173779
N-Carbamoyl-L-aspartate,20.83065634,20.96190806,20.98049143,20.61386156,19.22157873,19.16485697,19.35760702,24.6301059,24.7365209,24.67474493,24.61993572,24.06771885,24.22235987,24.16508852,24.09568894
5-Phospho-beta-D-ribosylamine,18.70092506,18.97253138,18.98079288,19.10333831,18.40314368,18.5908574,18.61071523,17.69117967,16.87330574,16.80876999,17.47369193,19.59897407,19.61219077,19.21020193,19.52108492
(R)-2-hydroxy-4-methylpentanoate,20.77068497,20.38539819,20.52058182,20.17142099,19.68438906,19.86355451,19.67738823,19.39744241,20.08828161,19.41711721,19.17388387,18.57641787,18.85579741,18.79545965,18.6942887
4-nitrophenolate,20.9442838,20.39822901,21.40492374,20.31866128,20.4701014,20.38415333,21.28730676,20.37902402,20.67415987,21.04372884,20.2540974,20.41426664,20.42338238,20.27725664,20.23466198
2-methylglutaconic_acid,22.85518612,22.73232345,22.69678745,22.6788337,22.43793011,22.97104121,22.04450161,22.43277469,21.56022097,20.85021555,21.62556536,18.23012354,18.71628727,18.58341339,18.3697883
adipic_acid,22.98902471,22.73734044,23.06275412,22.70635821,22.43977233,22.27605039,22.70215796,22.05573143,22.83329044,22.13111171,22.00598262,21.76958693,22.15414782,21.8630875,21.57428317
lysine,26.09357483,18.08907423,26.12710176,25.92510938,25.51958822,25.85878316,25.48169063,25.11427234,24.6748276,24.13830358,24.62942679,25.3418925,25.34540343,25.15716847,25.55253033
2-aminomuconate,17.76020787,17.25297686,18.01253605,17.26375089,19.86282621,19.64935319,19.20409907,18.08963704,18.5709161,17.89334201,17.96322414,17.28243681,17.42341398,18.73159549,17.06979867
2-oxoadipate,17.08647181,17.40637619,17.35941481,16.4730899,19.02848508,19.15342184,19.11622206,18.34486695,18.80417037,18.65518892,18.62729824,17.7145845,17.23783352,17.65815038,17.44834324
erythro-5-hydroxy-L-lysinium,18.06578165,17.41432977,18.33400616,18.14920408,17.41592793,17.79188989,17.51916775,17.09080726,16.34981119,15.58915364,16.74958931,17.18983325,17.52476654,17.2289716,17.74124176
arginine,27.96802416,25.199923,27.97704622,27.76064407,27.29003359,27.67065736,27.36492452,27.37922604,26.96510625,26.44449349,26.93395802,27.45470191,27.42182405,27.22269743,27.628976
L-Fucose_1-phosphate,19.9743161,20.43119721,20.28469071,20.06262863,20.99829394,20.75532496,20.46163267,19.81766881,19.97477822,20.00332378,20.07994507,19.56848522,19.53406196,19.70886084,19.57356635
D-Glucosamine_6-phosphate,22.49432132,22.56770685,22.27498721,21.46603963,22.65008844,22.33306551,22.69040577,22.24639654,22.32787074,22.32341301,22.05487234,21.3063076,21.33025615,21.10112604,21.19983664
6-Phosphogluconic_acid,23.03069552,22.96516358,22.06894002,23.20243087,20.94161038,23.21908032,21.78010161,21.16085605,20.92409139,21.49681839,21.59268223,19.84038679,19.46771483,19.86628092,19.50385763
4-hydroxybenzoate/Gentisate_aldehyde,21.51143048,21.06255591,21.58740829,21.23553302,21.09577542,20.90449346,22.8182979,21.00639104,21.20900297,20.93052081,21.08462121,20.9152817,20.73382016,21.16116045,20.7066149
3-hydroxyanthranilate,18.87951827,19.04193055,19.15606831,18.25868064,18.7059418,18.79452316,19.02650469,18.42732718,18.66491419,18.5708462,18.19426057,19.61418184,19.70980686,19.48821979,19.57453495
quinolinate,19.27050468,19.13938372,18.92044967,19.08094015,19.15789437,19.38685259,18.7392079,19.28739208,19.15564241,18.98166419,19.15903893,19.01198418,19.04544843,19.11212291,18.89324421
2-acetamido-5-oxopentanoate,20.45786933,20.20000203,20.45095308,19.95217253,20.80196332,21.05975096,20.00110933,20.26374882,19.32123665,18.75671774,19.42385919,16.2871124,15.62323036,15.91859601,15.84120805
N-acetyl-L-glutamate,24.24903206,24.20541631,24.34408632,24.10981487,24.32331159,24.43283427,24.12631516,24.19273555,23.72810085,23.48523276,23.8378749,23.10296036,23.04423158,23.04435405,22.96580165
L-cystathionine,19.50072792,19.63179557,19.41006949,19.41927204,17.65817115,18.13041943,17.39358742,17.38718945,17.23801241,16.91785096,17.28707814,17.67819662,17.61800467,17.7318275,17.66567185
N1-(5-Phospho-D-ribosyl)glycinamide,19.51311242,19.5807628,19.5323016,18.11581895,18.63573138,18.205318,18.78216581,18.34610753,18.31201809,18.34127566,18.3785287,17.78715843,18.25228934,18.01250638,18.09399041
Sedoheptulose_7-phosphate,24.80869793,24.90947487,24.77241572,24.67740779,24.78944511,24.95249173,25.02034136,23.7497522,24.05755644,24.107374,23.91490613,22.92479119,23.1140247,22.94416976,23.0221182
"sedoheptulose_1,7-bisphosphate",21.76283181,21.6590811,20.45522955,21.91841802,21.83735481,21.93255533,20.76967027,20.01155267,19.33262811,20.29007419,20.81036709,19.69181727,18.58672756,20.28732822,19.8081296
4-pyridoxate,19.20610535,19.85442992,19.00128296,19.69530013,18.98143778,19.64235073,18.37323206,19.44161047,16.00011139,17.69677476,18.1628559,16.95793099,15.72260843,14.41403786,15.89961577
fructoseglycine,25.68830244,25.58701638,25.62128522,25.31838604,25.34331778,25.71745398,24.98492509,24.42017168,22.86843031,22.59271754,23.61023763,18.06054071,18.42773487,18.19374671,17.97220078
N2-Formyl-N1-(5-phospho-D-ribosyl)glycinamide,21.75279325,21.86285682,21.97374287,22.15785864,21.14827456,21.15939544,20.58353965,18.3409935,18.83064031,19.07774378,19.15167467,20.36032247,20.41568323,20.52356499,20.67028658
nonanoate,25.40912502,25.55259899,25.51822243,25.38151129,25.57225298,25.39512425,25.54450692,25.43958058,25.59632822,25.42831197,25.42139271,25.54971082,25.41394859,25.35664104,25.47935299
(4-hydroxy-3-methoxyphenyl)acetaldehyde,19.07890264,18.89754886,18.75509269,18.78612503,18.08947628,18.5106743,18.23028834,18.04328053,17.74614329,17.21089931,17.76700931,17.58524249,17.28786517,17.30787716,17.24299721
4-hydroperoxy-2-nonenal,22.44830815,22.38951806,22.61601681,21.99532384,22.45355365,22.48069286,22.98199186,22.10366515,24.0230305,23.39164454,22.90295141,22.95871755,23.14546616,22.69662169,22.69195411
Azelaic_acid,20.90890428,20.61849352,20.8691418,20.33122312,20.33042096,20.49001533,20.40115074,20.61378956,21.05149918,20.44228836,20.403746,20.63672135,20.51694432,20.58416068,20.24377735
(R)-Pantothenate,27.20775474,27.2275263,26.98914028,26.9935971,26.27818806,26.65396018,26.01384071,26.45142241,26.03927359,25.97404871,26.02970464,26.56583499,26.40513444,26.40039259,26.54211577
carnosine,22.53978922,22.63264089,22.46451273,22.67087838,22.47202936,22.95843052,22.43723982,22.20117241,21.5566299,21.18285863,21.79763066,20.49640086,20.63609849,20.49856719,20.60324666
gama-L-glutamyl-L-alpha-aminobutyrate,19.41130982,19.03720698,19.55729716,19.16493638,19.94005642,19.78602713,20.36208286,18.29329574,18.33068509,17.25704254,17.42189841,18.68593196,18.90783031,18.45532602,18.35911999
Galactosylglycerol,18.21480451,18.98610447,19.1951172,18.45513608,19.06709259,19.55840417,19.51198747,18.57609923,20.16181512,19.06494389,19.2702761,19.03777913,19.33993283,19.52179564,18.94509457
S-[2-carboxy-1-(1_H-imidazol-4-yl)ethyl]-L-cysteine,19.42375607,19.52198206,19.67847447,19.13993987,19.12566769,18.97393815,19.51009043,19.90164052,19.83477125,19.7253468,19.57938782,20.54823799,20.59462421,20.22217097,20.61952204
N-acetyl-seryl-aspartate,21.30033544,21.20383267,21.19605763,21.24855711,21.64110269,21.59861943,21.06353751,20.26710034,19.89758237,19.90230605,20.21007145,20.27749017,20.22265801,20.42634848,20.48473382
3-Deoxy-D-glycero-D-galacto-2-nonulosonic_acid,21.99589261,22.03855443,22.14787693,22.09759961,22.92488817,22.96536675,22.8333395,22.17402771,22.52549264,22.41516438,22.54123029,22.22013172,22.35877801,22.32484318,22.44078147
Perillic_acid,17.73701388,19.11498188,18.13771696,18.6699226,18.1485173,18.33505519,17.74292915,18.23349482,17.1290949,17.29952969,18.24924201,18.01684028,17.28329722,17.13213931,17.68974668
"trans-4,5-epoxy-2(E)-decenal",17.89056571,18.51756253,17.46158961,18.39716153,18.50042953,17.99681896,17.65623559,18.34690282,16.45131435,15.90880393,18.02020756,18.41317153,17.64765555,17.87929672,18.01144825
caprate,24.47463792,24.41215424,24.69746598,24.26606603,24.38492602,24.3815538,24.56705082,24.31111084,24.80217697,24.62774541,24.33621156,24.46169968,24.53907253,24.36775995,24.37344966
w-hydroxydecanoicacid,20.12433737,19.67147909,20.35048416,19.60272005,19.80717652,19.70483895,20.28420492,19.74160998,21.11538275,20.02315151,20.08990813,19.64432818,19.63204562,19.53735156,19.0771582
kynurenate,19.24691216,20.28495164,19.05960998,18.93771781,18.68987074,19.12724549,18.0812391,18.51229742,17.40964447,16.93960915,17.53758166,16.71003742,16.17375091,16.74924491,16.86667448
N(omega)-(L-Arginino)succinate,25.46912448,25.50506365,25.43511356,25.39009582,23.47947634,23.53067731,23.31818451,22.86894903,22.91869928,22.95766057,22.94340461,22.53385529,22.54784235,22.49851474,22.52733726
dIMP,21.01605167,20.81137227,20.83270567,20.38986638,21.06363256,20.04302707,20.91878377,20.48557989,20.37785219,20.44665226,20.62780925,20.53741686,20.40572058,18.87980836,20.50139117
L-tryptophan,27.06523748,27.00794836,26.95759565,26.91048405,26.96086081,27.03804131,26.7788853,26.3858977,26.2127415,26.07616378,26.1243519,26.21979911,26.20172108,26.16088008,26.26686218
5-Methoxyindoleacetate,20.23252365,20.4640026,20.07939549,20.26568614,19.33671261,19.82837815,18.59653036,18.76241014,16.64608165,15.93012501,17.6043519,14.76625734,14.02566014,14.23838533,14.00295764
Glycyl-phenylalanine,16.28338719,16.48066823,16.23626443,16.29245968,17.5218574,16.87252628,16.49054497,16.04037661,14.51214045,13.95531453,15.57980285,14.02295639,13.35357692,11.57861705,14.48805332
laurate,25.84874942,25.82963744,26.3698813,24.84286538,25.17738951,26.29601743,26.12652131,25.49798849,26.84795667,26.55673933,25.84611896,25.76222296,26.27138853,25.69194839,25.93759381
omega_hydroxy_dodecanoate_(n-C12:0),20.13428376,19.41440715,19.71752233,19.52264532,19.7483892,19.77075182,19.79678184,19.27270984,20.70603007,19.62683652,19.72610017,19.63917139,19.65046189,19.57838338,19.37931587
Dodecanedioic_acid,21.72192923,21.70649372,21.50839237,21.46607272,21.44201842,21.48347627,21.45089052,21.18994639,22.45139877,21.80159834,21.30590457,19.78975764,19.91971115,19.52162562,19.31197538
fructosyllysine,23.54041124,17.76982959,23.55768964,23.42726574,22.10291742,22.95059813,21.88677845,22.16242105,20.67477391,19.43433205,21.10071725,20.5020657,20.62878354,20.44528591,21.07962605
tetradecenoate_(n-C14:1),21.95851461,21.20990467,21.49741735,21.73163379,21.86303694,21.67584946,20.99022267,20.80914401,21.20823019,20.89306646,20.99216885,22.21636409,22.11176072,22.46891255,22.22738682
myristate,27.51942513,26.92925505,27.78756423,26.78701951,26.77347404,27.29899531,27.04727412,26.67994492,28.12570114,28.02888202,26.7658974,27.41285242,27.89267594,27.56984351,27.40358037
omega_hydroxy_tetradecanoate_(n-C14:0),20.85924335,20.0363807,20.50223201,20.25643212,20.66468657,20.84633634,20.45285843,20.06055017,20.82866248,20.32143189,20.34486366,20.47933056,20.20510411,20.08902532,19.87250525
3(S)6(R)-dihydroxy-tetradec-8Z-enoate/3(S)6(S)-dihydroxy-tetradec-8Z-enoate,25.54113925,25.58605604,25.35539867,25.43805775,24.67225777,24.80516469,24.22147408,24.2393575,23.55708805,23.56812035,23.7707553,21.50054957,21.33555985,21.26062642,21.17517379
pentadecanoate,25.18400613,24.86687866,25.58737483,24.71125018,24.75972148,25.04828606,25.34739123,24.69024936,25.73343249,25.75792515,24.67625758,25.07839839,25.37677971,25.07311983,24.96027327
palmitoleate,25.14709933,24.67032624,24.98879466,24.92205019,24.90475874,24.8292405,24.28010445,24.00478128,24.50962521,24.24475094,23.93671406,25.80696255,25.63485519,25.69271684,25.70152505
palmitate,30.29705491,29.92296835,30.94483372,29.92655688,29.74262274,30.52093057,30.3305581,29.85312115,30.72772486,31.0761111,29.96395674,30.32145604,30.84967638,30.59469548,30.55322776
omega_hydroxy_hexadecanoate_(n-C16:0),22.77285134,22.13694449,22.4037082,21.87098311,22.40663579,22.48031139,22.51501843,22.33174226,22.76905638,22.64395552,22.3370888,23.4290746,23.36015925,23.38952989,23.31641889
11'-Carboxy-alpha-chromanol,23.27431528,20.3551157,24.31302966,20.41208951,20.60091916,22.18610234,23.34173616,20.17162741,23.14891013,23.03971601,21.03771082,20.23716019,21.81047524,20.88107411,20.16268759
Hexadecanedioic_acid,20.41141935,19.63019368,20.05592919,19.31392787,19.62965587,19.75429353,20.60096067,19.83577199,20.65597107,19.83276844,19.83150663,19.80050703,19.70454647,19.10953697,18.87398753
margarate,25.23569004,25.1821619,25.48950258,25.02035908,24.90929829,25.2190302,25.19645142,24.86213262,25.42508357,25.71305162,24.89382763,25.13250978,25.42570565,25.21097627,25.20404815
stearate,29.19610177,29.1488237,29.63069095,29.18810326,28.7582006,29.57278786,29.28515555,28.92996206,29.00534557,29.94053962,29.11462234,29.13548641,29.71305841,29.51839389,29.57094638
"8,11,14-Eicosatrienoic_acid_(DGLA)",22.04100385,21.86721984,21.71398082,21.72075304,22.34335229,22.16118626,21.40272113,20.77364301,19.63098142,19.87807547,20.48239661,21.36937128,20.68999684,21.33661621,21.30565502
Eicosenoic_acid,23.02987994,23.06013328,23.10421533,22.9029686,23.56421397,23.41026936,23.11067523,22.00942477,22.02014635,22.14064547,22.0711389,23.12284735,23.02112884,23.155829,23.20527179
15(S)-Hydroxyeicosatrienoic_acid,18.18681906,18.60808303,18.46659597,18.44910726,19.17094507,18.38829408,17.97712755,18.06934611,16.47218007,16.45354843,17.68495928,19.45945186,18.5022831,18.57735652,19.27702203
N-Acetylneuraminate_9-phosphate,17.48246624,18.4874028,17.66719699,17.3181364,17.08586415,16.26081619,18.36512586,17.10647875,17.44109099,17.41036921,17.27261451,18.72950771,18.99583862,17.79874026,18.90455464
(R)-S-lactoylglutathionate,22.92638037,21.47232679,22.09466919,19.8921137,23.70289524,22.9574937,21.35451149,19.40252619,22.1497801,21.61311654,21.00061134,9.965784285,15.23554107,19.54694569,14.27009278
UDP-alpha-D-xylose,21.27950201,21.11384467,20.3664762,21.07877327,21.08853085,21.09579121,20.00204801,19.83467017,20.68191935,20.81227093,20.32163526,19.51161109,19.35744212,20.16552484,19.54688712
ADP-ribose,19.95087397,21.59058395,21.51235707,21.93586029,17.2957203,18.99965263,21.34504962,21.09249503,19.81360522,19.72288489,21.2439308,20.48850675,20.28918497,19.10062458,20.5478703
UDP-D-glucuronate,23.05948168,22.19216149,20.52779544,22.45382718,22.64896285,22.62545804,19.76410285,21.13843872,21.12571938,22.1480757,21.95646577,20.48464814,18.88907608,22.16787946,19.7011248
GDP-D-mannose,23.49665679,23.13359497,22.1916431,23.14877656,23.78688151,23.87992862,22.74256672,21.31072892,21.22489211,21.62708962,21.85895766,19.15881654,18.43257725,19.80199783,19.14787505
NADH,24.66080253,23.68292181,23.62420851,23.15052533,26.06334519,22.90835252,21.88414725,19.41091443,21.77075799,22.34630073,20.3851302,19.35540943,20.85162325,20.59357466,19.07674995
NADPH,22.11125258,21.09667876,19.97811654,19.97537311,9.965784285,18.00260797,18.23786709,17.01379065,19.2177998,20.10570424,17.79518898,9.965784285,9.965784285,9.965784285,9.965784285
glycochenodeoxycholate,20.99984722,21.1781378,20.94901393,21.08659752,20.66376843,20.99150479,20.33530712,19.9640192,18.58708861,18.86086289,19.15371798,11.84982729,12.94370655,11.63460688,9.965784285
taurolithocholate,18.74393203,18.79943735,18.71007188,18.81374757,18.70266003,18.45973213,17.83421222,17.87429111,9.965784285,16.6925664,17.01879274,9.965784285,9.965784285,13.29609299,12.48731726
cholesterol_sulfate,19.97577623,19.49697115,18.72383868,19.25693948,19.63600854,18.60034189,18.18350129,18.32065827,9.965784285,15.8217001,18.06791571,17.7122334,17.62662773,17.99557199,18.30493259
C4H6O3(3),23.75698075,23.72081254,23.76995808,23.50650792,23.12485125,23.49045283,23.20823949,23.17679405,23.19783474,22.92645192,22.87902196,22.26704834,22.02255513,21.77487255,22.18549637
C4H8O3(3),24.21536587,24.17531617,24.13152125,24.04356149,23.50691639,23.59709736,23.43092483,23.55963536,23.60194356,23.45385146,23.35859489,23.29610229,23.36777402,23.21717379,23.19624821
5-oxoproline/L-1-Pyrroline-3-hydroxy-5-carboxylate,32.27484658,32.2595724,32.19061313,32.18099932,32.12313664,32.24717799,31.83988899,31.85024902,30.30100253,29.66097631,30.15669833,30.28638668,30.19373599,30.14956982,30.55483577
itaconate/Mesaconate,24.44134712,24.35239621,24.27021109,24.26488663,24.64432739,24.68907084,24.51751181,24.036436,24.07349102,24.03741564,23.99476313,23.62392916,23.65034342,23.68074363,23.58593376
L-4-hydroxyglutamate_semialdehyde,30.53544283,30.59047781,30.57306953,30.48744293,30.55477977,30.59934565,30.49357655,29.9773333,30.04565685,30.0521611,30.05940203,30.03275153,30.0870953,30.04374239,30.05307542
C5H10O5(6),20.71121849,20.71177137,20.36703377,20.44568345,20.55973559,20.7861927,20.02309669,19.57785531,19.2639334,18.52399102,18.8125397,18.01252826,18.5057202,18.52705219,18.13111767
L-arabinitol/xylitol/D-ribitol,23.68694612,23.61574078,23.55108227,23.4946303,24.11225923,24.20717088,23.95536032,23.58183544,23.4323413,23.37531872,23.50843337,22.54723348,22.64597695,22.56583512,22.62961363
L-xylonate/L-lyxonate,24.78746224,24.92240371,24.80700376,24.78144586,25.19689322,25.31806828,25.07073184,24.6613825,24.60434127,24.44131331,24.51175726,23.73083893,23.70581132,23.8252559,23.62843055
2-deoxy-D-ribose_5-phosphate/2-Deoxy-D-ribose_1-phosphate,21.615246,21.14739924,21.23657594,21.30609854,21.43170035,21.31552162,20.66085489,19.93909683,20.5835876,20.22394321,19.91522801,17.71395357,18.01305841,18.15123039,17.62777223
ribose-phosphate,23.29305568,23.51547499,23.49569793,23.45607295,23.15323226,23.37636785,23.34197264,22.45072025,22.70742593,22.54979706,22.62594063,23.54097484,23.58657201,23.12076678,23.93222751
3-methyl-2-oxopentanoate/4-methyl-2-oxopentanoate(ketoleucine),26.38216412,26.53814249,26.21026808,26.34727131,24.9801171,25.09906931,24.87186066,24.94955188,24.36700736,24.44346682,24.38952967,24.95013774,24.63251695,24.42169319,24.81481435
L-fucose/L-Fuculose,20.03336507,19.93451069,19.63001753,19.52719198,19.72234333,19.84112995,19.56215934,19.77596181,19.82425325,19.21528422,19.35925595,21.09660077,19.7367381,19.52025523,19.46626304
N-Formimidoyl-L-glutamate,23.20800849,23.21335169,22.98700801,22.89723573,23.01982102,23.2757048,22.73980243,22.71583742,22.83311162,22.86451102,22.73471692,23.71337555,23.69318249,23.61739512,23.66416657
N-acetyl-L-aspartate/2-Amino-3-oxoadipate,23.45092173,23.37461225,23.50950487,23.20928859,26.46621616,26.49577613,26.26028128,24.82442317,24.30304485,24.11703735,24.37644834,24.01210505,24.04805888,24.01183243,23.93604468
3-Keto-beta-D-galactose/L-Gulonolactone,19.06699509,19.68422947,19.34626035,19.43576808,20.35555439,20.33848543,20.02349954,19.43327313,19.83756107,19.70145505,19.87332532,19.01484091,19.25717287,19.5150111,19.16587165
C6H12O6(5),28.59475321,28.5698568,28.48770771,28.39042849,29.07339071,29.18909204,29.02115075,28.14982978,28.07393364,28.0932216,28.08945551,27.88147425,27.91833605,27.90116207,27.89637214
L-Iditol/D-glucitol/galactitol,25.12759394,25.11004277,25.05743856,24.95617442,24.99578642,25.2445556,24.98348838,25.24475318,25.004482,24.84831762,24.90548106,27.19211435,25.4170078,25.22142602,25.31267436
3-dehydro-L-gulonate/D-glucuronate/L-iduronate,21.49345827,21.39862585,21.47624027,21.08012036,21.15154258,21.2028915,21.30914699,21.43988972,21.29777749,20.9926087,20.94156248,21.370271,21.56573888,21.44936756,21.43682929
gulonate,25.61502866,25.87700274,25.76862697,25.80829009,26.73554143,26.93970163,26.50754718,25.93483101,25.95490665,25.76102614,26.0570077,25.12348749,25.05494228,25.15055543,25.18188525
Methylisocitric_acid/2-methylcitrate,21.9706503,21.94247436,21.8743202,21.77307692,21.32770649,21.58139709,21.39301684,21.19109129,21.04866229,21.08847579,21.05616704,20.54586833,20.42227319,20.59260871,20.52624551
phenylacetate/(4-hydroxyphenyl)acetaldehyde,23.74336361,23.54280456,23.43149093,23.47194925,23.39077926,23.34848711,24.85140423,23.31424705,23.31202823,23.14465357,23.237583,23.47730439,23.2706546,23.10296975,23.3405008
"4-Hydroxyphenylacetate/2-Hydroxyphenylacetate/3,4-Dihydroxyphenylacetaldehyde",21.71469308,21.61073153,21.87411668,21.27705192,21.46011343,21.30422101,22.00809758,21.1949269,21.14370984,21.29206471,21.44267975,21.28089179,21.1122421,20.92115264,21.23362519
N-formylanthranilate/noradrenochrome,19.74294988,18.54712424,18.42409892,18.45678311,17.75554444,18.77421002,17.96178946,18.51998661,21.6070068,19.00966875,19.77489012,18.80093169,19.16020395,18.58155561,18.58113407
"4-hydroxy-2-nonenal/3,4-epoxynonanal",21.61965934,21.87258251,21.56896587,21.71381427,21.83202204,21.59321863,21.69150833,21.73675625,21.33567442,21.45257395,21.6919729,21.72320464,21.52954159,21.63023832,21.81500544
4(R)-hydroxy-dodec-6Z-enoate/4(S)-hydroxy-dodec-6Z-enoate,20.51792994,20.30969665,20.61521903,20.18810142,20.40674561,20.06071679,20.54482591,20.41440398,20.64374315,20.12010012,20.42179077,20.64986542,20.33103814,20.19854487,20.13252881
linoleic_acid/linoelaidic_acid_(all_trans_C18:2)/octadecadienoate_(n-C18:2),25.63531329,25.58945586,26.12114693,24.63937108,25.20849193,26.14384624,25.87529605,25.22429982,25.80597339,26.03161614,25.70011604,25.67367543,26.03283236,25.3869231,26.13032494
oleic_acid/elaidate/trans-vaccenate,27.37978222,27.04249811,27.43903665,26.91226108,27.40883421,27.51412719,27.01374138,26.47796389,26.93380451,26.85753318,26.362012,27.91337628,27.76664178,27.7085609,27.85149873
9(10)-EpOME/12(13)-EpOME,20.32293934,20.21023115,20.68445746,19.81399911,19.88937326,20.67503841,20.19183055,20.17882302,20.6721368,20.93741658,21.253438,20.89389927,21.11957147,20.67728015,20.90928994
"9,10-hydroxyoctadec-12(Z)-enoate/12,13-hydroxyoctadec-9(Z)-enoate",20.56248682,20.00619933,20.6334194,19.81321758,20.12234513,20.41021337,20.79461555,20.43416523,20.9224528,20.92406053,20.67771514,20.2660883,20.39702578,20.16756072,19.84194316
pristanic_acid,21.04903661,20.94299053,20.91053269,20.91057964,20.92615546,21.40531109,20.95103523,20.76974411,21.15433228,21.64735662,20.93314156,21.22746859,21.38185798,21.44165646,21.3469316
C20H30O2(4),20.96191239,20.91053162,20.95141909,20.76185937,20.96968497,20.9945485,20.17234374,20.07527431,20.30108477,19.97111487,20.31236855,20.35260544,19.62274358,20.22218061,20.38406602
arachidonic_acid,23.41404761,23.07906643,22.84686501,23.23573207,23.65229724,23.47468975,22.37697121,22.21840225,20.59115097,21.51697706,22.05933528,23.1655171,22.39437576,23.22840461,23.02784581
phytanic_acid/arachidic_acid,21.99259642,21.7939141,22.15828565,21.91532696,21.84806022,22.57437686,22.25309352,21.94980778,22.13795253,22.64859385,22.12935672,22.27492457,22.67493183,22.67801304,22.84868131
C20H32O3(12),18.14120701,19.0157646,18.50809776,18.6501869,19.05106515,18.55230446,18.56631125,19.00875683,16.42927454,16.4634855,18.47519908,19.4979407,18.55998849,18.77298778,19.46445737
docosahexaenoate(DHA),22.84682809,22.8355239,22.70430335,22.8052824,23.03734382,22.94429742,22.09481443,21.97728598,20.20766967,21.20438171,21.66037036,22.68660528,21.8999917,22.63455928,22.60261144
"clupanodonic_acid/docosa-4,7,10,13,16-pentaenoic_acid",22.03069588,22.05708523,21.87048672,21.85395738,22.36206736,22.16080425,21.31590504,20.91093614,19.38858437,20.11053555,20.52065521,21.71364675,21.07472258,21.76956911,21.73490177
UDP-D-glucose/UDP-D-galactose,25.66685036,25.44616706,24.99295821,25.5034329,26.29143896,26.33333138,25.42654149,24.96169321,25.35850462,25.51576466,25.28532327,24.76934606,24.48712695,25.19247271,24.64038781
ADP-mannose/GDP-L-fucose/ADP_alpha-D-glucoside,22.89007319,22.51019682,21.60473165,22.552522,22.59795815,22.56936474,21.26274105,20.62028064,20.66156924,21.19895917,21.3736168,21.01360256,20.25601482,21.59666811,20.76296463
UDP-N-acetyl-alpha-D-glucosamine/UDP-N-acetyl-alpha-D-galactosamine,27.73727986,27.79827044,27.55622634,27.64024346,28.18628052,28.07273046,27.80771967,26.73774008,26.88101612,26.98937169,26.90173266,27.46909129,27.3567931,27.57738048,27.35456714
Taurodeoxycholic_acid/taurochenodeoxycholate,22.24460613,22.24869139,22.22751752,22.22740623,22.20724284,21.99632177,21.72394902,21.23310404,20.62480283,20.149205,20.89828707,16.75611036,12.43772997,15.92656798,14.11363393
C27H46O4(3),17.67277777,17.31984647,18.64131168,17.29986604,18.21401507,18.91941001,18.69906495,17.58148897,18.24764669,17.30873195,17.73823307,16.94115901,18.36692359,16.80431781,14.28306158
Ercalcitriol,17.70203924,18.66828814,16.78979393,18.67738923,20.2881964,20.23732896,19.55692486,15.71530042,9.965784285,9.965784285,14.60493922,17.43673955,14.89339326,17.20024981,17.58195499
4alpha-5-epoxy-8alpha-hydroperoxytocopherone/7-8-epoxy-8alpha-hydroperoxytocopherone,17.19352393,16.75430242,17.1349892,16.48940163,17.00892314,16.4935923,16.44468659,17.16680536,17.6801867,17.20941609,16.6872844,17.3046384,17.6225705,16.90072513,17.44245873
L-isoleucine/L-leucine,30.66476515,30.58408239,30.51505236,30.47105909,30.32529455,30.6366783,30.09643863,30.14447175,29.71696738,29.57126634,29.68555817,29.95668596,29.89391933,29.85406654,30.04149075
thiosulfate,23.08158711,21.95620336,21.95519718,22.21620647,20.7569623,22.8859218,20.8753109,21.81997712,23.2799871,22.77031891,22.54455257,22.23525098,22.90827518,23.59822046,21.87599466
Diphosphate,26.41490349,26.58957672,26.57229583,26.47474734,25.94137924,26.54914615,25.58853395,25.66872313,24.32735007,24.72440843,24.97717538,26.14744643,26.11295915,26.11534417,26.44295261
L-cysteate,18.9121592,18.09190224,18.53489884,17.7548005,18.01024513,18.20719682,17.80155423,18.33476917,18.54769914,17.4839286,17.81631298,18.97203094,18.5802308,18.44996884,18.80367448
D-Glucuronate_1-phosphate,19.70937564,19.85682849,18.8429455,19.40132856,17.84684129,18.3575752,18.09048791,18.39928434,18.29565886,17.41927352,18.28394094,18.81856001,17.69095217,19.24265467,18.46756295
dCTP,19.5280948,18.64437172,16.46082683,19.14399824,19.77684836,19.87560232,17.12624918,18.52515891,17.21956266,18.47373036,19.22478987,17.00719133,10.46438646,18.380348,15.23814851
L-glutamate,30.51698778,30.57297833,30.55730167,30.47256888,30.53836497,30.58346632,30.47654747,29.95853668,30.02912351,30.03744478,30.04612972,30.0176214,30.07168557,30.02852884,30.03963752
myo-inositol,28.53776286,28.51521913,28.42663993,28.33989159,29.02154078,29.12983251,28.94866071,28.09214917,28.00607423,28.03544246,28.03955695,27.83625812,27.84935438,27.85229866,27.85164478
uracil,23.24885033,23.06133468,23.22352143,22.84348299,24.16804532,24.34525614,24.1733249,24.37834763,24.35774347,24.39423853,23.76823404,25.62941908,25.83627324,25.66776312,25.66758963
aspartate,28.75309011,28.8470987,28.83888882,28.68674515,29.44282421,29.46767307,29.52011533,29.18341669,29.39483965,29.33332853,29.281414,30.60572429,30.70874081,30.5638508,30.56909357
_Hypoxanthine_,26.30729748,26.34673743,26.36570794,25.80413745,26.52305892,27.00978824,26.62224904,26.06726663,25.62423284,25.89057356,25.31024067,28.13749887,28.1689486,27.96632294,28.22695534
_5-Amino-1-(5-Phospho-D-ribosyl)imidazole-4-carboxamide_,21.11853799,21.18297993,21.36475536,20.88408406,21.41374579,21.60018505,21.2404652,19.8836639,19.82743292,19.98771623,19.8201425,19.8465608,19.8783656,19.71036672,20.15364898
_IMP_,24.05143891,23.99488424,24.30811703,23.74528384,23.78111409,24.47980027,24.47975009,22.86338849,22.91904317,23.05032653,22.88963077,25.41414093,25.57527906,25.46296013,25.52498858
_GMP_,24.84294122,25.55991483,25.83949737,25.09095612,24.42933412,24.60059541,25.12284659,25.04823192,24.87930206,24.97865516,24.75988687,25.80042158,26.09277228,25.73833743,26.02690481
_GDP,25.89379032,25.02132525,23.87932968,25.17125391,25.99277281,25.74181327,23.98697605,23.70343638,23.13905132,24.0336751,24.18826242,23.94250149,22.61045295,25.52738652,23.93960314
_GTP,25.79342483,24.51116551,23.13394705,24.71720578,26.01527489,25.11295878,23.26976469,23.50910076,22.79708355,23.45746336,24.03823922,23.11777996,21.69586723,24.59324541,22.57920023
AMP,27.91151788,27.92212475,28.2465694,27.62626369,27.08916745,27.51409554,27.44546825,27.17229165,27.20816668,27.43749923,27.04739169,28.17969649,28.54979359,28.20337199,28.44556923
ADP,28.94364941,28.42197012,27.65809116,28.50348817,29.008023,29.0610273,27.76521618,27.26965251,26.79621104,27.43610334,27.76786568,27.5017078,26.3217217,28.44412192,27.47096236
ATP,29.00724908,28.31884159,27.15463967,28.40908454,29.35713375,28.76117959,27.38545541,27.2213123,26.38703789,27.19060122,27.79675428,26.89437132,25.36891822,27.8147961,26.41670267
_CMP_,23.35769289,23.91220434,24.00213132,23.67999729,23.75301745,23.56907639,23.7594339,23.2565641,23.28999544,23.37700075,23.27193283,23.84595761,24.00130388,23.82516713,23.95629551
_CDP,24.33701828,23.41703055,22.23569569,23.7357139,25.2637499,24.92170791,23.16095175,22.50669809,21.82793434,22.52899121,23.13372773,22.79834955,21.19231257,24.26145066,22.81122366
_CTP,24.55447541,23.58915987,22.11288135,23.75754981,25.2454158,24.60568637,22.80398303,22.78217145,21.96886375,22.71360306,23.33635096,22.69946727,21.06380867,23.68243076,22.27553904
_UMP,25.95201855,26.35153289,26.40768747,26.03129319,25.80305985,26.04769413,26.47450559,26.19952401,25.83353099,26.15645964,26.21605026,26.61118386,26.68708966,26.50715176,26.67079563
_UDP,26.28019163,25.51498428,24.63195438,25.69541964,27.06093391,26.83272237,25.25920923,24.78316252,24.22185267,24.87405544,25.39049753,25.12715772,23.56944219,26.4027126,25.09804055
_UTP,26.3456658,25.45678691,24.24898125,25.57134174,27.03464949,26.37332955,24.81671961,24.91456134,24.09581185,24.88725408,25.44132497,24.69444537,23.09050824,25.38128907,24.1723117
_dUDP,20.6348063,20.2348474,19.29929479,20.13360893,20.42525254,20.81099965,19.16552162,18.56438753,18.48003431,18.72668038,18.95952595,17.56460366,16.60999242,17.95430005,16.48626443
_guanosine_,23.07219505,22.88167157,23.00671774,22.5169426,24.05326915,24.13329138,24.13618145,22.60242464,23.27647269,22.60744532,22.16889349,24.8080071,25.01155655,24.85269821,25.12298232
_cytidine_,24.81374828,24.52127452,24.77787407,23.97372866,25.00393009,25.13117853,25.23326063,24.73682157,24.94744668,24.89785384,24.32168285,25.89209905,26.17600971,25.88980542,25.95013705
_uridine_,25.50443601,25.40387832,25.71237134,24.94722487,25.20717569,25.41709498,25.50196121,24.43719861,24.51997889,24.37335081,24.01278137,25.43028258,25.72234351,25.49215019,25.65087612
_Thymidine_,20.86407696,20.79031605,20.7251409,20.52963081,19.98585696,20.05373105,19.92918241,19.2649758,19.33255344,19.38987275,19.15648819,17.99596024,18.79807125,18.03491973,18.17395565
_Deoxyinosine_,18.94718432,19.00325539,18.84591875,18.55823317,18.44103057,18.90882869,18.69547826,18.32125625,17.86950909,18.18362828,17.79260151,17.25102416,17.38921954,17.29173224,16.95502251
_Deoxyuridine_,21.06286399,21.02503919,21.05807873,20.84414405,20.99174508,20.98070727,21.16925289,20.51340257,21.20744477,21.24936002,20.9125441,19.10443037,19.24564461,19.17744179,19.04774978
alpha-D-glucose,24.64161389,24.61528624,24.6180412,24.54541849,24.25013587,24.75778086,23.88588387,23.76660961,23.00621618,22.2559443,23.10701279,19.93029398,19.88320743,20.01117523,19.57213242
G6P/F6P,27.27386783,27.34964768,27.24880585,26.48863639,27.03637297,26.50990573,27.18754391,26.15884001,26.23212453,26.25794965,26.09213173,23.56885389,23.59918693,23.5543984,23.55549196
"beta-D-Fructose_1,6-bisphosphate",25.06750852,25.09695738,23.6933109,25.78901114,23.63945884,25.35205589,23.57962617,23.14966566,22.53122276,23.4951516,24.17893455,21.94978219,21.32529854,22.26103532,22.25061506
Dihydroxyacetone_phosphate,22.76916451,22.75260711,22.68082956,22.6111974,23.38007172,23.1255931,22.79662364,22.93537306,22.95383957,23.07376853,22.96869763,19.77038847,19.32220301,19.44959691,19.67015098
D-Glycerate_3-phosphate/D-Glycerate_2-phosphate,25.22925273,25.25094428,24.02397809,25.55346103,24.57546382,25.19720218,24.6236498,23.89938917,23.4293135,24.08331397,24.27388904,23.12960293,23.150527,23.6791044,23.71790915
Phosphoenolpyruvate,23.36455436,22.85229371,22.15317174,23.52934566,23.85769872,23.74350549,22.34473133,22.23603536,22.24788601,22.64026681,22.35909065,21.07566196,21.88418792,22.46393637,21.60243343
pyruvate,23.76305106,23.58258202,23.61734388,23.20292168,25.17621694,23.90402399,23.7862998,23.79893571,24.46534216,24.31165212,23.74773626,22.5374805,22.12878408,22.00081372,22.40232775
lactate,33.43898098,33.56072315,33.32084394,33.25354472,33.00864842,33.1292483,32.93858833,32.71442571,32.70095506,32.574115,32.49522273,28.55983846,28.8798672,28.6403793,28.60499338
citrate/isocitrate,29.39783207,29.44466611,28.95734831,29.35289578,29.31717011,29.65331403,28.81726052,29.0168473,28.69525896,29.01801193,28.96474068,29.10312863,28.66465248,29.16244951,29.0417387
cis-aconitate,21.45074423,21.47734869,21.12252283,21.08918182,20.3731723,21.16002244,21.25739143,21.40034061,21.44443434,21.5983247,21.31213703,21.15172475,20.92594768,21.23279105,20.7740058
2-oxoglutarate(2-),24.59474105,24.50247013,24.5492798,24.15781306,23.17421315,23.51438662,23.82015323,23.71340201,24.26921987,24.03987413,23.60670277,23.25490286,22.91478356,22.30858111,23.17655131
succinate(2-),28.70247633,28.66558353,28.60492297,28.56504597,27.95641841,28.04972512,27.81910998,27.32749096,26.76432238,26.42545797,26.55737192,26.47227678,26.60787743,26.43502649,26.6326914
fumarate,27.3484684,27.3766077,27.27570536,27.26167938,26.53741776,26.60219385,26.46394202,26.03704049,26.0604975,26.0865841,26.12729614,26.13901716,26.17853922,26.06237873,26.1750795
malate(2-),30.05178181,30.11510379,29.95153787,30.0257571,29.16798823,29.29450364,28.99319639,28.53820901,28.53270205,28.58436976,28.67201658,28.11927703,27.9467617,28.03482837,28.19387495
acetoacetate,22.79019694,22.75326159,22.6986387,22.653442,22.73186927,22.58044313,23.00971604,23.08892961,22.90731375,22.91032126,22.96268259,23.2325651,23.14269313,23.05694897,23.10456579
2-Hydroxyglutarate,25.23850103,25.18268445,25.31772907,25.2436625,25.70439792,25.76786041,25.58376113,24.86426089,24.99094969,24.95253223,24.95997036,24.36419107,24.41178067,24.44842647,24.32469256
dUMP,14.90810496,15.81347601,15.85922948,17.15176948,15.76335853,14.56687329,14.428829,15.54094262,16.19024286,16.90210964,16.55903354,15.87431112,13.4998708,15.46772809,16.08944398
dTTP,20.80461567,20.28390937,18.95498062,20.31102986,20.36590416,19.95716502,18.58868053,19.53900103,18.68502921,19.50394485,20.22335994,18.85590458,16.42827609,18.89822057,18.21933269
2-aminoacrylic_acid,25.12808431,25.17546271,25.16174565,25.10649078,25.50438642,25.56356395,25.57544114,25.41871007,25.5407649,25.61656463,25.53588179,26.67881894,26.79993276,26.72211264,26.74955763
N-Methylethanolamine_phosphate,19.74624455,19.58205482,19.53969916,19.54585266,19.0040012,18.95494687,19.06699013,21.3699317,21.26592246,21.36089297,21.41058629,22.42982533,22.44911809,22.48662081,22.54979961
creatinine,29.46887171,29.5532086,29.42509029,29.51891525,29.19126567,29.66923815,29.02656166,28.93852745,28.29901818,28.24820855,28.56534208,26.46980876,26.43393106,26.63342341,26.58165084
creatine,31.11816708,31.19641272,31.20815484,31.18212874,30.78639963,31.1508816,31.22594836,31.283839,31.30437551,31.36546727,31.38064683,31.15649413,31.27545293,31.13717087,31.20316471
Phosphodimethylethanolamine,23.51930989,23.56000933,23.41355837,23.35244927,23.2502842,23.34886286,23.07625752,23.56923852,23.27786204,23.41972575,23.46754861,23.39511105,23.38952481,23.37417106,23.37501314
"5,6-dihydrothymine",26.3855405,26.36302384,26.39868703,26.29211738,26.33724651,26.1559656,26.12414816,25.62400195,25.45705221,25.5728562,25.57153473,24.96981091,25.04987799,25.03902578,24.96966616
2-deoxy-D-ribose,19.83503174,19.72821835,19.74413566,19.56317229,19.65859781,20.03110946,19.5443174,19.8721437,19.71138198,20.02910587,19.79945944,20.57898634,20.48460134,20.59352645,20.60722025
2-keto-4-methylthiobutyrate,20.90663449,20.9211865,20.72753121,20.64996777,20.19876085,20.34685134,20.18354233,20.33276341,19.92756057,19.66840647,19.75082567,21.11150651,20.9805853,21.03545125,21.13990374
L-cysteinylglycine,23.03468761,21.5506125,22.28313145,20.19862593,23.25971007,23.19575911,21.80330946,19.93486151,22.58125273,21.8083573,21.01773666,9.965784285,15.97814411,20.76038547,9.965784285
choline_phosphate,32.04483171,32.06186067,31.89092157,31.91106681,31.58523894,31.66679627,31.47881854,31.14930192,31.15927662,31.19449155,31.24545822,31.15893598,31.17637334,31.20857717,31.19313269
Nicotinamide,27.49709003,27.85156984,27.49478354,27.98346608,27.2726897,27.54783166,27.12339617,27.42673351,25.91600944,26.14088258,27.18716536,28.38503867,27.74393801,27.94035126,28.34427555
Urocanate,23.03582599,23.01370488,23.37454137,22.7792207,23.5286711,22.87090112,24.11402788,22.75275553,23.68710549,23.50073034,23.97580212,23.60705036,23.54171328,23.60525468,23.79638697
Methylimidazoleacetic_acid,21.95887732,21.98456442,21.83042728,22.0014784,22.13440332,22.03728319,21.98367961,21.80215873,21.76522359,21.63463628,21.63776933,20.84285163,20.53392102,20.55777603,20.49947758
citr_L[e],23.65643909,23.61878428,23.58678154,23.47796319,22.20020401,22.47845478,22.08397478,23.7756501,23.42960851,23.64671145,23.53125514,23.30864201,23.25978691,23.30291057,23.34371315
D-Glucosamine,21.42988477,21.29591136,21.03283539,20.52413469,20.77484886,21.06255418,20.21452324,21.13366515,19.73196688,19.3708603,19.86590224,13.22148426,11.74138187,12.81334832,9.965784285
benzoate,23.07310783,23.06494894,23.00732518,22.97164358,22.85049086,23.05529126,22.58102169,22.54434161,22.38925191,22.2336741,22.26961048,22.37485051,22.35508,22.35873032,22.37737835
anthranilate,23.77650997,23.87119703,23.85182478,23.77068503,23.87835232,23.99193768,23.91678124,23.05925353,23.8139371,23.51571376,23.6235508,23.5582363,23.56685005,23.78412825,23.68037762
N(2)-acetyl-L-ornithine,21.03099262,21.02067195,21.16710476,21.13097626,20.96440514,20.99761003,20.68732046,20.68189736,20.08046261,19.96859658,20.07469793,19.2579184,19.51150106,19.75678586,19.57456281
dopaminochrome,23.59345361,23.42458957,23.5153466,23.35459557,22.92322781,23.19211037,22.54223178,21.85350633,21.82919307,22.19156438,21.90797115,21.04873589,21.13517184,21.24912333,21.10335309
Pyridoxal,23.25167445,23.07911317,23.17671902,22.96875607,22.5796355,22.82668111,22.10887796,21.55002743,21.39622692,21.82145549,21.53117361,20.75685248,20.85240402,21.00683917,20.90413085
sn-Glycero-3-phosphocholine,32.30252236,32.31979573,32.11197596,32.13715564,32.77991479,32.87052848,32.61845992,31.9845979,31.71580698,31.93191718,31.97114631,32.07782231,32.03758781,32.11943699,32.05213672
5-amino-1-(5-phospho-D-ribosyl)imidazole,17.84797264,21.28955763,21.7559839,21.31933394,21.32225442,22.45467252,22.77026685,21.95252193,22.22020371,22.47072462,22.3735622,22.13744674,22.56921586,21.16706235,22.40763347
coumarin,22.06481515,22.12068035,21.96919033,21.7816635,21.8136342,21.94904757,21.62198521,21.59237949,21.30541882,21.20811898,21.20339267,21.3692043,21.20587119,21.29797912,21.45154455
N6N6N6-Trimethyl-L-lysine,26.2567666,22.17849422,26.24716036,25.93150592,25.65160875,25.88405695,25.65919338,25.11684802,24.99601789,24.71629427,24.86783551,24.63484386,24.75263051,24.55230033,24.81999033
L-Alanyl-L-leucine,20.21769423,20.36299867,20.21909997,20.41457256,20.27326498,20.5838431,20.04666779,20.43360743,20.93695612,20.08767382,20.38164881,19.79703081,19.89331887,19.7920343,19.81399252
3-Hydroxy-N6N6N6-trimethyl-L-lysine,20.67213012,20.18183378,20.57073795,20.4013889,19.96692713,20.03887272,19.86835611,19.25056746,18.62654898,18.43075593,18.73497648,18.16524103,18.1526525,18.08687945,18.38701557
C9H13N5O3(4),29.37846995,29.33756022,29.24911222,29.24591224,29.16468951,29.37253267,28.87053988,29.07248734,28.40630683,28.13100689,28.47338953,28.59986195,28.40163457,28.44049287,28.56991539
5-Hydroxyindoleacetate,19.41505267,19.30788381,19.18697845,19.18155251,19.16664185,19.34208064,18.775383,18.40866762,17.92189379,17.96513796,18.13587221,18.77756988,18.8246501,18.75470233,19.12928818
N-methyl-467-trihydroxy-1234-tetrahydroisoquinoline,17.45669632,16.99606095,17.69057965,16.97988065,16.32465911,16.31265465,17.41474449,16.69765913,17.21854592,17.09197337,16.69218509,16.07195787,16.85859647,16.26105682,15.91979331
xanthosine,19.27870079,19.40678736,19.46853229,19.51076842,19.18224559,18.8924439,19.14825992,18.5533757,17.74776303,18.31919923,18.38099695,16.85470937,16.98971677,16.68414217,17.21121499
glutathione,29.20350582,27.86425489,28.47140126,26.5497221,29.35222626,29.34542028,27.9429097,26.22566561,28.68869053,27.96544987,27.30154008,21.69469443,23.50210529,26.90845566,21.93087892
beta-carboline,19.1830789,19.29931987,19.57197084,19.22524403,19.12541426,19.25032947,18.96001783,19.00393064,18.85556218,18.79729572,18.74445484,21.76571056,21.7750607,21.76032027,21.767988
5-methoxytryptophol,19.50397113,19.15913241,18.73013989,19.48135555,19.80125935,19.49444229,19.03714685,19.08766831,19.14380077,18.73193922,19.31757605,20.75254403,20.25004145,20.64866316,21.02514766
"N1,N12-diacetylspermidine",16.64591739,17.64505759,18.1063556,17.69521748,18.12496832,18.57427313,19.08025378,18.42149469,18.10539268,17.54359911,17.92759146,19.39524963,19.21462203,18.86077551,19.37730127
5-Methylthioadenosine,25.170203,25.62140886,25.1482978,25.31535649,24.12096461,24.37520933,24.33566401,24.58150534,23.71425256,23.51237157,24.3605318,24.98053228,24.60379629,24.80499258,25.18425992
N-acetylneuraminic_acid,25.4586644,25.44980294,25.29071643,25.14491275,25.01260742,25.18578701,24.67803289,25.22837213,23.78633248,23.52204444,24.29328209,20.22180539,20.30631465,20.28662893,20.18261659
NeuNGc,19.95500613,20.2506239,20.31047658,20.2941127,19.40833421,19.41844693,19.54684384,19.03002371,18.69267765,19.16902467,19.0652219,18.95834981,19.00295684,18.59606283,18.89262943
thiamine,24.55535906,24.23129902,24.23733688,24.50589146,24.09589023,24.58787064,23.5994211,24.02533084,22.91650784,22.58226514,23.28977436,20.64216037,21.62733866,22.55996623,21.03862714
S-(2-Methylpropanoyl)-dihydrolipoamide,25.51014103,25.37052488,25.2628598,25.08527609,24.93975661,25.10480423,24.34521584,23.77027873,22.28514792,22.0328664,22.81026241,18.64277733,18.07459109,18.28954882,17.85291911
CDP-ethanolamine,16.95418652,15.60354356,17.1330624,16.52010821,18.8448776,18.73160854,18.30454131,19.62969409,20.03646417,20.30340132,19.98545248,22.1070334,22.02531613,22.18052864,22.04933291
beta-1-4-mannose-N-acetylglucosamine,15.40911358,17.33900409,16.85981344,16.78481732,17.44545313,15.847541,17.64632057,17.54443387,17.82529437,17.85273324,17.14986134,19.34604556,19.54971359,18.77701227,19.53270993
CMP-N-trimethyl-2-aminoethylphosphonate,17.01233015,16.50694807,16.66592048,15.76600525,9.965784285,15.93755884,16.24048283,17.71450881,18.45517164,18.06805253,17.49215623,18.16881872,19.15340773,18.08376684,18.40817329
CDPcholine,23.09138315,22.91318443,23.46228712,22.76677088,22.81691505,22.93622164,23.28651165,22.98988837,23.00178404,23.15081697,22.7838123,23.16696654,23.62217097,23.19346746,23.27073549
GSSG,26.72031892,27.56709467,27.42630493,27.62005287,26.32048798,26.24209741,27.32581736,26.82683601,26.1571512,26.85707416,26.80806798,27.15169705,27.21105943,27.17578314,27.21220908
CMP-N-acetyl-beta-neuraminate,23.40335514,24.18328489,24.08597078,24.27880435,23.00187545,22.87479163,23.96829499,23.53565245,22.83227045,23.45195695,23.3855965,23.8634607,23.85700936,23.81282417,23.87787745
NAD+,26.6267205,26.6430777,26.62721298,26.53778919,25.5835046,26.25953704,26.10874096,25.44874753,25.56510691,25.54212801,25.54513479,24.85848302,25.10087191,25.15553397,24.98066537
NADP+,22.67250732,22.18022993,21.02335961,22.49297062,22.34729035,22.49612266,20.56162177,20.54608384,19.57639967,20.878036,21.13826613,22.46783849,21.8890065,23.37516514,22.42874958
Flavin_adenine_dinucleotide_oxidized,18.67040998,18.51637125,17.52373201,18.33639925,17.61628857,18.50097746,17.61379472,17.59885345,17.46370891,17.95869067,17.49962531,17.77903487,17.28789703,18.19176461,17.88425628
13-carboxy-gama-tocopherol,23.21456371,22.81509983,23.55153693,22.88184342,23.03232542,23.15618705,22.99439,22.72133527,23.7677771,23.53788169,22.78865144,22.7618074,22.73988511,22.92251378,22.70989901
bilirubin,14.6261449,15.49364389,15.22755612,15.18016018,15.58647801,14.86096823,14.4637953,13.77308304,9.965784285,13.49296737,12.99277781,9.965784285,9.965784285,9.965784285,11.14671631
C4H9NO2(4),25.13284982,25.08731156,25.04644543,25.03142536,25.42313101,25.31722736,25.39732445,24.70173123,24.6478346,24.69619655,24.69014066,24.43450434,24.52273112,24.54492887,24.51516357
Ureidopropionic_acid/Glycyl-glycine,27.65546646,27.65274485,27.54685274,27.4514017,27.48412393,27.66426074,27.36468455,27.58996077,27.51037957,27.5263466,27.53691506,28.10019508,28.13443776,28.08691289,28.09929575
histamine,24.35938793,24.81625401,25.07148307,24.83204498,23.79833284,24.28406091,24.68884481,25.10870922,24.40532395,23.77720615,24.42227828,25.14385384,25.23322042,24.63750783,25.36909891
acetamidopropanal,31.45986597,31.53079091,31.45929108,31.43462888,31.36063545,31.18994445,31.26398842,29.87529764,29.98210645,29.99646947,29.92171834,30.55004628,30.57257586,30.55345073,30.5188684
Ornithine,22.59362616,16.70401048,22.65161078,22.46393373,22.12977683,22.22296592,22.32365642,22.28248498,22.17451877,21.76218756,21.98782709,22.19078593,22.1529399,21.98878891,22.31944065
3-Ureidoisobutyrate/Glycylsarcosine,30.14174465,30.05346443,30.00881499,29.95336172,29.51322836,29.91879032,29.41368475,30.32551113,30.12126469,30.15600423,30.228122,29.07054856,29.18908192,29.18094114,29.08241948
C6H11NO3(4),22.39970434,22.54733806,22.47929696,22.60127227,23.08761258,22.94066274,22.74822765,22.5436634,22.63075391,22.75872187,22.76701562,22.3016906,22.35956723,22.5761279,22.43844275
(R)-mevalonate,22.53748953,22.40253471,22.49922617,22.40775988,21.84181115,22.38882232,21.83345678,22.82196704,22.59861172,22.64571892,22.67204219,21.40171508,21.65901619,21.53664396,21.50496517
spermidine_dialdehyde-2,21.98573216,21.61714077,21.9857761,21.60885904,21.13906948,21.43734184,21.25202295,21.40643513,22.50212975,21.64357757,21.67033246,20.97350405,21.18554534,21.95481482,21.08512842
acetylcholine/4-(trimethylammonio)butanoate,27.07566778,27.11119543,26.92894808,26.84533206,26.86107944,27.01918202,26.82679121,27.02684363,27.04815941,27.07031502,27.04330593,26.77158099,26.783046,26.82161902,26.76577059
isoputreanine/putreanine,23.63462386,22.88426254,23.55523042,23.38150781,22.94084355,23.03699906,22.87890796,23.89484278,23.85980101,23.38891608,23.75147161,23.81087722,23.84602163,23.62865493,23.85468438
Glycylproline/L-Prolinylglycine,19.25060075,19.96815194,19.83707213,19.29687829,19.2944581,19.00533828,18.94890028,18.03657671,18.18107598,16.82799289,18.39138975,17.75017244,17.2007581,18.36225148,18.44095534
Pyridoxine/Norepinephrine-1,27.67847118,27.67306215,27.61763274,27.6228151,27.354448,27.64026714,26.97495549,27.33882579,26.83632232,26.74717207,27.02707843,26.97659389,26.92776081,26.9802562,27.169722
C9H8O3(3),23.88932423,23.86658653,23.71918284,23.62820899,23.51504631,23.67875545,23.3894548,23.36844139,23.14219638,22.9247826,23.00656138,23.14669488,23.0690572,23.06392812,23.15359391
pseudoecgonine/ecgonine,19.75623676,19.79012091,19.89631384,19.35985964,19.20476655,19.47548502,19.63959242,19.69888391,20.13220431,19.86612361,19.83054418,19.19290608,19.57200653,19.39674715,19.48002357
indole-3-acetate/(5-hydroxyindol-3-yl)acetaldehyde,25.11358168,24.72495673,25.02630936,25.58160448,24.11540797,24.84816354,23.64110581,24.10307203,23.87661739,22.61552526,23.05585743,21.45088539,21.49900588,21.78716546,21.6492306
(-)-Salsolinol/NN-dimethyldopaminequinone-1,21.11688301,21.16855624,21.16999448,21.20702836,21.28641805,21.34080776,21.07206942,20.44516097,20.6918752,19.97340195,20.19594549,19.67053995,19.82254218,19.75945744,19.68122039
L-kynurenine/Formyl-5-hydroxykynurenamine,20.93272837,20.96834604,20.7496268,20.73088076,20.73320919,21.10156608,20.40701912,20.08954773,19.755058,19.52284119,19.74619473,20.40429834,20.41060372,20.30457118,20.57728201
methyl_indole-3-acetate,16.83345668,17.35262317,16.95776939,17.02531444,16.40689868,17.42114546,16.76584827,15.88755552,15.79369533,15.03056002,16.13372193,15.21922813,16.03600731,16.17814473,16.06404745
sphingosine/(2S)-1-hydroxy-3-oxooctadecan-2-aminium,22.84043356,23.01147348,23.31339654,22.36030755,23.42180415,22.93801171,24.27697345,23.65778473,23.7536509,22.99449444,22.91363859,22.50463473,22.88377317,21.96878448,23.05695473
3-oxo-10(R)-hydroxy-octadeca-6E8E12Z-trienoate/3-oxo-10(S)-hydroxy-octadeca-6E8E12Z-trienoate,20.29064584,20.24812931,19.69053962,20.69070105,20.12268566,19.8036037,20.31509644,19.79573578,20.58045928,19.93818259,20.56332673,20.21036206,20.4009624,20.47186155,19.94298207
C18H32O4(3),20.35106044,20.47977133,18.68869588,20.17296364,19.85827172,20.33074089,20.37626597,20.06762694,20.20248253,18.81806127,21.21084501,19.86979373,20.17760613,20.57145765,20.09100596
C20H28O(5),15.81317671,16.04387889,14.37504031,16.36952297,16.6154258,15.05979815,15.73258505,17.58722291,11.7367224,15.01103891,17.49084535,18.36289492,16.90796288,18.67532668,18.42056724
C20H28O2(7),18.57702489,19.10362521,16.90998642,18.96460252,18.96906019,18.93086871,18.57643799,19.34528095,16.40599118,17.89745563,19.53554374,20.07749482,19.44620218,20.12597192,19.51771121
C27H44O2(5),22.63896828,21.15025526,22.63048038,21.18084588,23.30044974,21.16699261,21.49344019,23.83385655,23.77491847,20.88987576,23.14219114,24.51289387,24.73876726,24.21195163,25.03546133
5-guanidino-2-oxopentanoic_acid,24.37710395,24.8069015,24.96973872,24.73833494,23.89007855,24.41253452,24.56894315,24.64727774,24.03379296,23.67612338,24.22165782,24.68635992,24.69874418,24.39194538,24.98264764
L-serine,26.42961905,26.42783391,26.40795527,26.25469013,26.01614093,26.18432391,25.99045748,25.84897831,25.85732987,25.88144444,25.90039763,25.90702055,25.92013063,25.91778127,25.94762812
L-asparagine,27.62701931,27.6271101,27.5226182,27.423078,27.45251337,27.63356195,27.32468099,27.55356116,27.48309766,27.49327488,27.50488661,28.08200479,28.10976333,28.06869469,28.08421833
choline,31.81980904,31.83451681,31.7796917,31.69739255,31.44090982,31.55413737,31.43246307,30.89045014,30.83686263,30.79311137,30.78388374,32.10419579,32.1652994,32.15176216,32.15127212
L-methionine,26.12805691,26.12967417,25.98215929,25.91422898,25.75403745,26.10303166,25.56366885,25.62969076,25.20342675,25.01883585,25.22777706,25.4831091,25.40232175,25.44497762,25.52646273
L-histidine,21.37708269,21.27424119,21.27053818,21.04892769,21.30501391,21.63509765,21.22263528,20.80403503,20.83341417,20.84678834,20.70107847,19.75622508,19.70056033,18.00605747,19.46287369
L-phenylalanine,29.29719426,29.25409987,29.16528849,29.14661787,28.82826433,29.31226771,28.65762394,28.3853675,27.96750762,27.83324087,27.97719008,28.17451615,28.1520034,28.15029437,28.37472561
Biotin,21.52206782,21.38547489,21.61848038,21.02887898,21.60600669,22.07793069,21.9549521,21.54769661,21.27784132,21.33350203,20.87180121,22.27986995,22.57911594,22.39529806,22.47716167
S-Adenosyl-L-homocysteine,22.35235416,21.91919878,22.32862892,20.71844792,21.34441902,21.4223197,20.83600287,21.04509508,21.24316408,21.43983888,21.28117881,21.65537406,21.534127,21.8437556,21.7353654
S-adenosyl-L-methionine,24.60267143,15.06580356,24.50867968,24.58831522,23.2028897,23.47026824,23.36766657,23.10233402,22.53177369,21.87871825,22.7762333,23.64975867,23.31424328,23.18172629,23.78196576
Riboflavin,22.14059459,22.28300591,22.01185273,21.90835551,21.14888118,21.86566677,21.35385812,21.65138208,21.13015468,20.9428002,21.17949269,20.92573713,20.8225655,20.45150931,20.9814054
Folate,17.5967623,16.84449059,17.48945671,17.0477625,17.14627799,17.57828535,13.44549549,16.65473972,14.38597561,14.76111882,16.24828088,14.85048379,14.87046673,15.53226959,15.44453611
Coenzyme_A,20.40465051,17.42094999,16.6738782,14.82357936,21.5651848,21.0126929,16.47786704,13.44362737,17.63342253,17.61842854,16.47656016,9.965784285,9.965784285,17.46378182,9.965784285
L-threonine,25.65706967,25.60038747,25.65767506,25.54037833,25.35157456,25.63583972,25.32871756,25.23931156,25.03881243,25.04351353,25.18015836,25.94000546,26.03588533,25.99864097,26.0243551
glycine_betaine,31.07962588,31.12782599,30.99257353,31.00709911,30.73478179,30.81920541,30.66054254,30.80634232,30.73269659,30.67689621,30.73519618,30.85908031,30.80265959,30.87030783,30.88120917
L-glutamine,30.12553616,30.03647824,29.99349342,29.9387782,29.48731652,29.90437809,29.39487165,30.30336293,30.10025978,30.13831442,30.21594205,29.05336435,29.16963459,29.16444343,29.06852379
L-tyrosine,25.86965158,25.86814075,25.75122859,25.63216547,25.54210565,25.73559786,25.34707671,25.35755924,25.12299449,24.92680463,24.99464501,25.17574335,25.08764393,25.02561996,25.13932862
L-alanine,26.92197164,26.95927195,26.96610073,26.88818832,26.92847812,26.95550525,27.04977538,26.49246906,26.55719064,26.62497932,26.58430889,26.20240104,26.31351663,26.23095233,26.24518632
L-proline,31.45986597,31.53079091,31.45929108,31.43462888,31.36063545,31.18994445,31.26398842,29.87529764,29.98210645,29.99646947,29.92171834,30.55004628,30.57257586,30.55345073,30.5188684
inosine,22.3456621,22.15354253,22.00749682,21.90759519,23.0573082,23.1047436,22.91624207,22.09514131,21.1415705,21.09600106,22.18375538,25.58708659,25.28312372,25.81138902,25.92917446
_adenosine_,20.1567149,21.50011842,23.75249188,20.96406276,21.50541251,20.55749215,23.55692653,24.35198956,28.29978651,25.97249396,24.06028629,26.46697558,27.97254154,22.87769124,26.90479282
2-deoxycytidine,20.90944549,21.24660689,20.9001876,21.17034301,20.11229017,20.74688304,20.45264005,20.33247542,19.91104892,20.29387406,20.09078123,17.98768343,17.94827735,18.01173417,18.0057574
adenine,26.1818267,27.4658037,27.24060675,27.11812157,24.90789628,25.90918663,26.85051715,26.59263264,26.54608449,26.16962496,26.52119174,26.88838687,26.78450098,25.79680297,27.03636468
Guanine,26.00324197,25.97195675,26.09017588,25.64081359,26.22451005,26.65824683,26.60051311,25.70935458,25.39778204,25.86287698,25.18769033,26.60106782,26.64396881,26.46492025,26.67463231
cytosine,24.70441172,24.98556683,24.65752503,24.92769527,24.09986984,24.51279869,24.28564151,24.21453576,24.022346,24.36942634,24.26716568,23.44792216,23.07867627,23.3608393,23.23348085
thymine/imidazol-4-ylacetate,24.49886616,24.50707942,24.20064044,24.2807814,23.69220552,23.70838678,23.25339399,22.98823327,22.52175107,22.5288052,22.5972292,21.49179021,22.20571763,21.30564828,21.60615122
(R)-carnitine,29.95900511,29.97198647,29.92972987,29.93269797,29.52414175,29.53775605,29.45689818,29.89280599,29.9741335,30.05739896,30.04467229,29.258342,29.28546621,29.33708207,29.25998836
O-acetylcarnitine,27.53607086,27.60927517,27.47888772,27.54780232,26.25996738,26.17135498,26.21304483,27.5916131,27.79332906,27.83629402,27.66275133,27.71820631,27.85503784,27.71349909,27.68170278
propionyl-carnitine,25.22785917,25.19156713,25.09017587,25.04583391,24.01149201,24.17549514,23.77697079,24.80829935,24.62148967,24.5715947,24.52648453,25.30901786,25.10037229,25.21142964,25.16092911
butyryl_carnitine,27.62340876,27.66021104,27.46275291,27.49492961,26.4837969,26.65690203,26.4182955,26.52187588,26.47484137,26.49943602,26.52252722,24.38288268,24.44545764,24.46542141,24.42585892
3-Hydroxybutyrylcarnitine,23.24828585,23.29840202,23.16531031,23.17664659,21.74145574,21.66161192,21.55245283,22.45208637,22.48690161,22.45848136,22.5037798,22.40597139,22.35552384,22.37275982,22.37288641
succinyl_carnitine,19.35621866,20.01709983,20.03256479,19.83309821,19.48646462,19.57481991,18.47814872,19.95830457,19.12475581,19.38266503,19.57883531,18.35919155,18.89872235,18.16941629,18.67257389
tiglyl_carnitine,20.66288843,20.87600648,20.74098454,20.92672477,19.53393322,19.84989309,19.82834122,20.51542517,20.34747943,19.98412004,20.25846887,20.60063007,20.61946599,20.40047332,20.64965871
3-hydroxy-isovaleryl_carnitine,22.33542417,22.40699468,22.25685573,22.27486641,21.72569929,21.60622979,21.62052072,22.03944335,22.28214578,22.21377203,22.19522921,22.24447409,22.27227085,22.23809316,22.17459114
glutaryl_carnitine,22.32667723,22.31306714,22.24227474,22.27254895,21.97856351,22.64960937,21.55126501,21.80957634,20.46289767,20.67388711,20.88941164,17.27622705,18.28242334,17.98776147,18.12830965
octenoyl_carnitine,17.92742829,18.0669052,17.49989338,18.17543942,16.89723499,16.45147489,15.01696655,17.92800817,17.85188162,18.05449898,18.41949919,17.9774628,17.66680355,17.78821133,18.10771469
octanoyl_carnitine/L-Octanoylcarnitine,20.25952096,20.27744955,20.17786867,20.23453793,19.23461002,19.21904841,18.7844269,20.09483409,20.29688233,20.21602943,20.30531677,21.11295964,21.17237038,21.16639106,21.30652666
decenoyl_carnitine,14.15686182,15.96196027,14.59208966,15.56038195,12.95629157,14.41141168,12.99462286,15.08482632,13.34374827,12.42746842,14.66902843,15.84841679,14.46115097,16.04754165,15.71570583
decanoyl_carnitine,19.47067639,19.62736611,19.35954431,19.43240852,18.26137119,18.08304333,17.67610783,19.24372962,19.16349572,19.14492622,19.19677049,20.10178571,19.62610746,20.0544376,20.12066904
tetradecenoyl_carnitine,22.82373316,20.95338347,22.90842681,20.56173722,20.64256499,22.13082104,22.65761105,20.8552404,22.96972502,22.76891028,22.11848862,21.72351648,22.35946352,21.63734658,22.21561717
pendtadenoyl_carnitine,20.58259204,20.71637868,20.39479644,20.50481203,20.04197762,19.92240566,19.6133753,20.88122085,20.72309602,20.61668734,20.53297711,21.73761099,21.62317987,21.59412144,21.77561653
L-palmitoylcarnitine,25.58438109,25.8345531,25.7153826,25.41024189,25.34789801,25.3993577,24.99213347,26.28921925,26.18713046,26.0529551,25.8892431,27.26279663,27.18047295,27.15010378,27.41501528
3-hydroxyhexadecenoylcarnitine,23.66875864,22.06034676,23.88261161,21.76279419,21.68356085,23.23436527,23.40338526,22.02673068,23.98169799,23.92253961,23.13416742,23.10499037,23.50678676,22.83183298,23.3125007
3-hydroxyhexadecanoylcarnitine,20.12591628,20.35974506,20.15479964,20.02008733,17.96112912,18.20185727,17.72502995,19.29190009,18.96577799,18.88696796,18.9483076,19.92302381,19.6575163,19.70372926,19.83507417
heptadecanoyl_carnitine,20.16758946,20.28723392,20.06594451,20.12527807,19.93803922,20.08700025,19.60632365,20.93895697,20.77959699,20.66662071,20.68195979,21.68352113,21.55458272,21.58315541,21.9382519
stearoylcarnitine,21.61723571,21.86792214,21.70990041,21.50125094,22.29401766,22.41333778,22.10589059,23.45543572,23.28110775,23.08623741,23.1097526,23.9299872,24.08279105,23.99687393,24.39531874
tetradecanoyl_carnitine(myristoyl_carnitine),24.4607339,24.71951876,24.51017825,24.35055535,23.78546713,23.74130109,23.32896392,24.80659914,24.71965362,24.62259885,24.46168233,25.22122703,25.02472774,25.03328508,25.31171052
trans-Hexadec-2-enoyl_carnitine,23.89270963,24.11229294,23.93284041,23.74793463,23.02896288,23.02633813,22.57426408,23.8848276,23.70035316,23.69470167,23.49203037,24.3387098,24.0355647,24.07140236,24.35992446
alpha-linolenyl_carnitine/gamma-linolenyl_carnitine,15.88749333,16.8463529,16.07533821,16.29359923,15.53027903,15.60151027,15.19923271,16.67678165,16.16182212,16.01286194,16.21092339,17.24854854,16.62762825,16.77081271,17.50701815
Linoleyl_carnitine/Linoelaidyl_carnitine,19.9413643,20.24111512,19.95760746,19.97720649,19.44028196,19.4369149,18.80308363,20.06027077,20.03212729,20.05046528,19.7112087,21.25084619,20.86057255,20.9270458,21.34855287
Elaidic_carnitine/Vaccenyl_carnitine,24.94758245,25.20560249,25.08078657,24.85278016,24.76683667,24.80717861,24.37302064,25.47933148,25.33382129,25.20622312,25.06412714,25.87020424,25.6712877,25.69410636,26.01095338
lauroyl_carnitine,21.29488027,21.51359331,20.79116587,21.25632413,20.40071288,20.05969469,19.59264979,21.43988765,21.02234987,21.08804918,21.12563832,22.10359096,20.76023943,21.8171154,22.17930104
1-methylpyrrolinium,23.94565492,19.28374511,23.91764328,23.7534047,23.44911017,23.69389702,23.41626445,23.15152008,22.84935113,22.43052733,22.71834785,23.34567284,23.31839293,23.0942427,23.4197235
glycine,25.65723093,25.63071483,25.64845638,25.56790752,25.51249015,25.49696487,25.52229181,23.87480936,24.1460474,23.94825225,23.90732355,24.66392704,25.00053838,24.80361746,24.69791686
sarcosine,26.87646571,26.91332816,26.92677875,26.84854395,26.87737486,26.90316742,27.00154127,26.42857164,26.51521416,26.58122538,26.5473175,26.15928097,26.26855958,26.19662987,26.20939749