"","C2_B6.1_Tfh_007","C2_B6.2_Tfh_008","C2_B6.4_Tfh_009","C2_B6.6_Tfh_010","C2_B6.7_Tfh_011","C2_B6.8_Tfh_012","C2_B6.1_Tn_001","C2_B6.2_Tn_002","C2_B6.4_Tn_003","C2_B6.6_Tn_004","C2_B6.7_Tn_005","C2_B6.8_Tn_006","C1_B6.1_Tfh_004","C1_B6.1_Tn_001","C1_B6.2_Tfh_005","C1_B6.2_Tn_002","C1_B6.3_Tfh_006","C1_B6.3_Tn_003","C1_TC.1_Tfh_010","C1_TC.1_Tn_007","C1_TC.2_Tfh_011","C1_TC.2_Tn_008","C1_TC.2_Tn_009","C1_TC.3_Tfh_012","C2_TC.1_Tfh_018","C2_TC.2_Tfh_019","C2_TC.3_Tfh_020","C2_TC.4_Tfh_021","C2_TC.1_Tn_013","C2_TC.2_Tn_014","C2_TC.3_Tn_015","C2_TC.4_Tn_016","TC_Tfh_geoMean","B6_Tfh_geoMean","TC_Tn_geoMean","B6_Tn_geoMean","log2FC_Tfh_TCvsB6","log2FC_Tn_TCvsB6","log2FC_TC_TfhvsTn","log2FC_B6_TfhvsTn"
"MID_1",6.97727992349992,5.24792751344359,6.4594316186373,8.51963625284321,5.64385618977472,6.16992500144231,6.16992500144231,5.58496250072116,6.5077946401987,4.58496250072116,4.8073549220576,5.7279204545632,6.89481776330794,6.53915881110803,6.68650052718322,6.75488750216347,6.6724253419715,5.39231742277876,5.90689059560852,6.24792751344359,5.49185309632967,6.18982455888002,6.44294349584873,6.08746284125034,5.12928301694497,5.7279204545632,8.4262647547021,5.7279204545632,5.78135971352466,4,5.58496250072116,5.24792751344359,6.071085030566,6.58575557023375,5.64213504226596,5.7854759728616,-0.514670539667746,-0.143340930595636,0.428949988300038,0.800279597372147
"MID_2",9.04439411935845,9.16490692667569,9.1006623390052,9.12928301694497,8.97727992349992,8.96000193206808,8.2667865406949,8.82336724004623,8.24792751344359,8.49585502688717,8.2807707701306,8.43462822763673,8.82336724004623,8.81378119121704,9.39231742277876,8.79116288855502,9.14720492494223,8.35314682549808,9.27146302790437,8.1548181090521,9.34429590791582,8.7714894695006,7.81378119121704,8.85798099512757,8.62935662007961,8.82336724004623,8.6582114827518,9.31288295528435,8.34429590791582,7.4093909361377,8.38370429247405,7.52356195605701,8.98536546130139,9.08215753836884,8.05729169462205,8.50082513601215,-0.0967920770674429,-0.443533441390105,0.928073766679347,0.581332402356685
"MID_3",12.6512759733466,13.198598511485,12.424953571261,12.7338627196785,12.3888245380236,12.9888621727834,12.3108967487977,13.5421854875022,12.146250445886,11.9214690605314,12.8678578639728,12.596888567028,11.0794847838268,11.3236177632916,11.5617652636277,11.0478055540076,11.4377520723236,11.9173720794768,12.3818132959883,10.5018371849023,12.3542493819452,10.2021238238305,11.0593444608244,11.7821791938312,12.298062567719,12.0583300262057,12.5323559252888,12.9518310868882,12.6354914062517,12.2567983860794,11.8372337003391,11.7523806465529,12.3369744968381,12.2739310673729,11.4636013726829,12.1860381744993,0.0630434294651376,-0.72243680181645,0.873373124155181,0.0878928928735938
"MID_4",8.64385618977473,5.39231742277876,6.4757334309664,8.4757334309664,6.55458885167764,8.58120058192496,9.18239435340453,9.21674585819531,9.88264304936184,9.13699111208023,8.96289600533726,9.25738784269265,7.8703647195834,7.55458885167764,8.05528243550119,8.67948009950545,7.70735913208088,8.6724253419715,6.33985000288462,7.34872815423108,8.8008998999203,8.62935662007961,7.40087943628218,8.18487534290828,8.16992500144231,8.14974711950468,7.93073733756289,6.52356195605701,9.94104760634058,9.86263735755879,10.0430272835945,8.57742882803575,7.72851380861144,7.52849291058382,8.82901504087465,8.94950583491404,0.200020898027627,-0.120490794039394,-1.10050123226321,-1.42101292433023
"MID_5",8.90086680798075,6.33985000288462,7.73470962022584,6.83289001416474,8.05528243550119,7.53915881110803,9.31741261376487,8.44708322620965,8.57364718749332,7.23840473932508,7.01122725542325,7.07681559705083,7.76818432477693,8.19967234483636,8.12412131182919,7.90086680798075,7.60733031374961,7.4178525148859,7.52356195605701,6.97727992349992,7.66533591718518,7.27612440527424,7.52356195605701,7.45121111183233,9.04712391211403,9.36850646150769,9.23122118071119,9.467605550083,7.03342300153745,6.64385618977472,9.03342300153745,7.97154355395077,8.53636658421292,7.65582151580232,7.49417314737594,7.90922025410778,0.880545068410596,-0.415047106731842,1.04219343683698,-0.253398738305458
"MID_6",6.8703647195834,6.89481776330794,6.4594316186373,6.64385618977472,6.33985000288462,7.23840473932508,7.59245703726808,8.08214904135387,5.64385618977472,6.90689059560852,6.8073549220576,7.2667865406949,7.4757334309664,6.10852445677817,6.95419631038687,6.82017896241519,7.17990909001493,6.90689059560852,6.28540221886225,6.44294349584873,6.93073733756289,6.70043971814109,6.4757334309664,6.82017896241519,6.61470984411521,6.75488750216347,7.16992500144231,6.32192809488736,7.03342300153745,6.83289001416474,6.32192809488736,6.4594316186373,6.69968128020695,6.89517376276459,6.60954133916901,6.90389870461773,-0.195492482557633,-0.294357365448721,0.0901399410379442,-0.00872494185314387
"MID_7",14.4697054043009,15.3287099846159,14.3037807481771,14.8875062316717,14.3891607600394,14.4225904338926,13.6554189166658,15.2483723549213,14.0083410772396,14.0339391407264,14.6355480881117,14.5780778004003,13.9057630496028,13.1653781133461,13.4459201271752,13.1479998420602,13.1876613657391,13.0334230015375,12.891403996665,12.7427304765192,13.800394382889,12.2960558380788,12.9509203520301,12.5919897676151,14.0136716140586,13.5573440304899,13.8900742361803,14.4567394246843,14.164985468475,13.798977992132,13.3927199043104,13.3749036291121,13.6002310646546,14.2600886783572,13.2458990943797,13.9451664816677,-0.659857613702563,-0.699267387287998,0.354331970274952,0.314922196689517
"MID_8",9.03617361255349,8.67948009950545,8.81698362325538,9.1548181090521,9.12928301694497,8.63299519714296,9.3264294871223,9.23122118071119,9.0389189892923,8.62570884306447,8.8008998999203,9.18239435340453,9,7.23840473932508,7.51569983828404,9.08746284125034,8.57364718749332,8.54689445988764,6.5077946401987,8.74146698640115,8.7176764230664,8.15987133677839,8.77478705960117,8.29001884693262,8.56224242422107,8.49185309632967,8.53138146051631,8.64745842645492,8.98299357469431,8.27612440527424,7.83289001416474,8.4262647547021,8.24977504538853,8.72656452047019,8.45634259023087,8.78648164377535,-0.476789475081663,-0.330139053544478,-0.206567544842345,-0.0599171233051603
"MID_9",7.74146698640115,6.65821148275179,6.64385618977472,7.40087943628218,7.01122725542325,7.45121111183233,7.83289001416474,7.83920378809694,7.62205181945638,7.17990909001493,7.74146698640115,7.61470984411521,8.73470962022584,9.04712391211403,9.14974711950468,9.42206476617281,8.82654848729091,9.1548181090521,8.73470962022584,7.88264304936184,8.60733031374961,9.18982455888002,8.59245703726808,8.08214904135387,7.54689445988764,7.467605550083,7.13955135239879,8.23840473932508,8.02790599656988,7.31288295528436,7.93073733756289,7.55458885167764,7.97380643957483,7.7353175210541,8.07014854094353,8.16158203662092,0.238488918520736,-0.0914334956773928,-0.0963421013686974,-0.426264515566826
"MID_10",11.3208005488816,11.7694246415528,11.3404064908533,11.6541884730595,11.2276159434142,11.724087461794,11.4491486453754,11.9177450134432,11.286557761608,11.1273495410591,11.1780423288648,11.3128829552844,9.78953364497036,9.34872815423108,9.83605035505807,9.95710204156229,9.54882190845875,9.7279204545632,9.59432460392485,9.34429590791582,10.0633950812885,9.34207466799914,8.90388184573618,9.74819284958946,11.4858293087019,11.118292233027,11.6008421143873,11.7202442582876,11.2443638351205,10.981567281903,11.5220910688871,10.8494051009478,10.7615886356009,10.9123254964492,10.3125256726442,10.8117196551102,-0.150736860848239,-0.499193982465952,0.449062962956729,0.100605841339016
"MID_11",9.90839262077375,10.103287808412,9.77807712953536,10.4584066132365,9.92777796208234,10.2021238238305,10.1686721181322,10.6891244049133,10.0484868739923,9.8376279331714,10.0457596613827,10.0967151544885,7.76155123244448,6.88264304936184,7.22881869049588,8.79116288855502,7.19967234483636,7.08746284125034,7.17990909001493,7.21916852046216,7.66533591718518,7.67948009950545,7,7.70043971814109,9.97441458980553,9.90989308377004,10.4532706340106,9.98013957763916,10.0579917227592,9.88417051910844,10.1484765821783,9.70563238736142,8.98048608722379,9.17423424729413,8.8135599759107,9.29418388058307,-0.193748160070339,-0.48062390467237,0.166926111313092,-0.11994963328894
"MID_12",8.37937836707126,9.22881869049588,8.2336196767597,8.64745842645492,8.61102479730735,8.33985000288462,8.4594316186373,9.23840473932508,8.98299357469431,8.58120058192496,8.4178525148859,8.25738784269265,8.60733031374961,7.54689445988764,7.4262647547021,8.06608919045777,7.33091687811462,7.23840473932508,7.12928301694497,6.39231742277876,6.85798099512757,7.92481250360578,7.54689445988764,6.95419631038687,8.8703647195834,8.35314682549808,8.7279204545632,8.79116288855502,8.91587937883577,8.44708322620965,9.29920801838728,8.4797802640291,7.95486503009416,8.31162910083778,8.14371075339057,8.3098510290923,-0.356764070743624,-0.166140275701729,-0.188845723296408,0.00177807174548761
"MID_13",8.7515440590891,9.2336196767597,8.85486838326024,9.25266543245025,8.89178370321831,9.18487534290828,9.16239132875691,9.4797802640291,8.86418614465428,8.38801728534514,9.11634396123747,8.90689059560852,8.64745842645492,9.14465824283188,8.4178525148859,9.4262647547021,8.4262647547021,9.36632221424582,9.30606168942834,8.25738784269265,9.17492568250068,8.5077946401987,8.27146302790437,8.87958324961278,9.2644426002266,9.11634396123747,9.39660478118186,9.07681559705083,9.52160043972373,9.30149619498255,9.56795607541547,8.65105169117893,9.17353965160551,8.8512146993032,8.8683928445852,9.09498386571236,0.32232495230231,-0.226591021127158,0.305146807020311,-0.243769166409157
"MID_14",10.5980525001616,10.9950604670327,10.8887432488983,10.9992953870234,10.7788984760084,10.7185328760692,9.15734693536284,9.27844945822048,8.9915218460757,8.06069593168755,7.98868468677217,7.52356195605701,8.12412131182919,9.02236781302845,8.29920801838728,8.70735913208088,9.85953478638265,8.82017896241519,8.94544383637791,8.36632221424582,9.69174351917128,8.38370429247405,8.06608919045777,9.32418054661874,10.8963324039099,10.0195907283579,10.7151040092362,11.3431857154479,9.44501484586842,7.99435343685886,8.05528243550119,8.25266543245025,10.13365439416,10.1401607857547,8.36620454969377,8.61668519130003,-0.00650639159477251,-0.250480641606265,1.76744984446621,1.52347559445471
"MID_15",12.4343676016689,11.0566377151132,11.4314976042581,11.8703647195834,12.1746136472359,12.1260591160707,12.5164387346079,12.5000949496718,11.4241662888181,7.88264304936184,10.8695938432408,11.3960695576399,7.25738784269265,6.39231742277876,7.49185309632967,7,5.85798099512757,5.70043971814109,6.58496250072116,5.83289001416474,4.8073549220576,5.78135971352466,6.16992500144231,5.49185309632967,13.1275107630564,13.2875681028314,12.8205778826558,12.1608168496735,13.1656921523201,12.9238845463853,12.5008418795569,12.914571997649,9.7543777310465,10.18897359312,9.89845218643473,9.52019595158447,-0.434595862073508,0.378256234850259,-0.144074455388223,0.668777641535543
"MID_16",5.24792751344359,6.70043971814109,8.91587937883577,8.90689059560852,6.44294349584873,7.48381577726426,7.58496250072116,7.02236781302845,7.8008998999203,8.28540221886225,7.79441586635011,7.53138146051631,11.6142497276894,8.10328780841202,8.44708322620965,8.25738784269265,8.27612440527424,5.7279204545632,8.10328780841202,7.14974711950468,7.22881869049588,9.09011241966429,7.48381577726426,7.85174904141606,6.94251450533924,5.97727992349992,13.2137117981057,8.34872815423108,6.94251450533924,6.58496250072116,8.37068740680722,5.61470984411521,8.23801284592855,8.00392820425725,7.31950708191658,7.56755842945183,0.234084641671302,-0.24805134753525,0.918505764011973,0.436369774805422
"MID_17",10.6293566200796,11.3162815317462,10.9038818457362,11.2749604721406,10.8902642770211,10.8129794712515,10.8368393597487,11.5072991241228,10.7380922596205,10.8073549220576,10.8415643477306,10.8049376720519,10.958552715431,10.7944158663501,10.515699838284,10.8399910705399,10.6537407787066,10.61194694182,9.95128471496697,10.1421070573025,10.2033480029798,9.85174904141606,10.4614794472862,9.96434086779242,10.4696418172395,9.868822554775,10.1137421660492,11.1312139050863,10.6786001390995,10.0993478104032,10.5274770060604,10.4125698468052,10.2431991469842,10.8839686167108,10.3104757640533,10.864715729338,-0.640769469726598,-0.554239965284715,-0.0672766170691279,0.0192528873727547
"MID_18",8.76818432477693,8.2045711442492,8.34872815423108,8.43879185257826,8.54689445988764,7.58496250072116,8.33985000288462,8.77478705960117,7.58496250072116,8.29462074889163,9.12670447284319,10.3003525603282,8.66177809777199,8.4797802640291,8.00562454919388,10.4019461239765,8.01122725542325,7.57742882803575,8.49984588708321,7.69348695749933,6.65821148275179,7.62935662007961,8,7.04439411935845,7.4262647547021,7.13955135239879,7.3037807481771,7.74146698640115,7.93073733756289,8.37068740680722,8.31288295528435,7.62935662007961,7.40193076155323,8.28564025987038,7.938072556759,8.76449250681237,-0.883709498317149,-0.826419950053373,-0.536141795205773,-0.478852246941997
"MID_19",13.8211760562699,14.6681093715379,14.1581362854076,14.4136279290242,14.1590040719246,13.7962424482032,13.478390445167,14.5553081014013,13.4947306054951,13.8958592495189,13.8088636491874,13.9210040800134,12.8356556908398,11.7611356498286,12.911017407797,11.427312844135,12.7304701371842,11.4858293087019,11.4863322527687,12.1876613657391,12.5437568533759,11.7519624134609,11.9668659003875,11.7108064336994,13.4885933338354,13.1844104822499,13.4386619210214,13.9357175593599,13.2446611447642,13.0539258815311,12.6624458575807,12.9003007862482,12.8268969766158,13.7214932664654,12.5382604785302,13.0920482148276,-0.894596289849581,-0.553787736297373,0.288636498085552,0.629445051637759
"MID_20",10.2094533656289,10.604553229079,9.75822321472672,10.1228279948077,9.467605550083,10.6229669447905,10.1848753429083,11.4878400338231,10.0552824355012,9.36632221424582,10.9366379390026,10.1382718001722,9.88569637333939,10.2215871212648,9.40087943628218,10.4878400338231,9.35093918154643,10.3793783670713,11.2732128098543,9.18239435340453,10.5097750043269,9.05528243550119,9.54882190845875,10.3869402453243,10.1799090900149,9.84705734609134,10.4419067045422,10.6856248397264,10.9957671508778,10.6438561897747,10.8241632097442,9.75488750216347,10.4749180056972,9.93590503225377,10.0007389642749,10.362003920868,0.539012973443441,-0.361264956593082,0.474179041422261,-0.426098888614263
"MID_21",7.6724253419715,7.53138146051631,7.85174904141606,7.6724253419715,7.91288933622996,8.04439411935845,7.74146698640115,8.01680828768655,7.74819284958946,7.44294349584873,7.82654848729092,7.92481250360578,9.59991284218713,7.32192809488736,7.67948009950545,8.76818432477693,8.92481250360578,8.83605035505807,6.02236781302845,8.10328780841202,7.65105169117893,8.51569983828404,8.5077946401987,8.31741261376487,7.48381577726426,7.25738784269265,7.25738784269265,8.93957921431469,7.82017896241519,7.20945336562895,8.10852445677817,7.18982455888002,7.56128611356236,8.09883000964024,7.9221090900853,7.95854837612722,-0.537543896077879,-0.0364392860419178,-0.36082297652294,0.140281633513021
"MID_22",11.2585660338899,11.1724275086455,11.078817949962,11.4958550268872,10.9285183752579,7.88874324889826,12.2842457498297,9.33315535031062,7.22881869049588,7.59245703726808,7.33091687811462,8.33091687811462,12.0323901688665,11.3409627642517,12.195679785496,10.9936460600166,10.8564255286255,11.6013065261218,9.6582114827518,10.3987436919382,9.75822321472672,11.1000052244227,11.3454052467178,11.0887882387169,8.78135971352466,8.01122725542325,11.0188956211216,12.3356694869461,8.04439411935845,7.32192809488736,10.4231159101471,7.6724253419715,10.0931964304587,10.989713736281,9.47228823277759,9.55960288161373,-0.896517305822245,-0.0873146488361467,0.620908197681139,1.43011085466724
"MID_23",8.19967234483636,5.52356195605701,7.35755200461808,7.10852445677817,7.12928301694497,6.93073733756289,7.11894107272351,5.97727992349992,6.02236781302845,6.52356195605701,6.56985560833095,6.16992500144231,7.62205181945638,6.82017896241519,6.95419631038687,7.03342300153745,7.467605550083,6.58496250072116,5.75488750216347,6.24792751344359,8.64024493622235,6.3037807481771,7.10852445677817,7.97727992349992,7.49185309632967,8.45532722030456,7.89481776330794,7.64385618977472,6.52356195605701,6.14974711950468,5.78135971352466,6.08746284125034,7.69403809022895,7.14368719963597,6.31462347839079,6.53561064886177,0.550350890592978,-0.220987170470979,1.37941461183815,0.608076550774198
"MID_24",8.94251450533924,9.17990909001493,9.19475685442225,9.06877827798541,9.14720492494223,8.85798099512757,8.31741261376487,9.32867492732795,8.08746284125034,8.7176764230664,8.6582114827518,8.7176764230664,8.34429590791582,8.4262647547021,8.53138146051631,7.51569983828404,8.2045711442492,7.31288295528436,8.37068740680722,7.90086680798075,7.19967234483636,7.65821148275179,7.54689445988764,7.15987133677839,8.99717948093762,8.6582114827518,9.82654848729091,9.34207466799914,8.24792751344359,7.8008998999203,7.89481776330794,7.97727992349992,8.50774931534306,8.83015479561255,7.86098540725599,8.34244025105536,-0.32240548026949,-0.481454843799369,0.646763908087072,0.487714544557193
"MID_25",9.41151098801207,9.94982671075911,9.49385544924082,10.1959872980285,9.59058704991503,9.36194377373524,9.1873520732005,9.95419631038687,9.08746284125034,9.28771237954945,9.19967234483636,9.32867492732795,9.19721669311005,8.39231742277876,9.55074678538324,8.37068740680722,9.15987133677839,8.90989308377004,9.29001884693262,8.66533591718518,9.33091687811462,8.7279204545632,8.4178525148859,9.02513956227851,9.36413465500805,9.15228484230658,9.05256805080415,9.59432460392485,9.04984854945056,8.79116288855502,8.64024493622235,8.52356195605701,9.25848391990991,9.54572734277361,8.68798960241703,9.07977430998972,-0.287243422863696,-0.391784707572691,0.570494317492882,0.465953032783887
"MID_26",12.7471439981867,12.413363481211,12.8759412884976,13.4179843340683,13.380731612683,13.3572770746428,14.0400328080091,14.8243124051845,13.8593406539675,13.8173834278972,13.5386739530827,13.6281037367695,12.8452940192788,14.3019248243616,13.2743781532464,14.7601481610649,12.9670460908631,14.456931890949,13.2091487103557,13.1425857483563,12.8645730817736,11.7047682393626,13.1541852092653,12.4178525148859,12.9621730311097,13.4338462084428,13.6249096608902,12.6066365435795,15.2833054356638,15.283884163061,14.1578995257385,14.7684945039534,13.0170199644339,13.0310177836308,13.927874689343,14.1363168734762,-0.0139978191969057,-0.208442184133258,-0.910854724909035,-1.10529908984539
"MID_27",9.92925840863697,10.3955341354623,10.5117526537674,10.1823943534045,10.0457596613827,10.140829770773,9.08480838780436,10.2288186904959,8.60733031374961,9.39874369193819,9.04165915163721,9.53915881110803,9.83130724380205,7.99435343685886,10.4470832262097,10.6978363579624,10.0389189892923,9.41996017784789,11.6987046667703,9.75488750216347,10.8826430493618,9.56033283421244,9.75488750216347,10.7185328760692,9.63662462054365,9.29462074889163,10.7372473430277,8.87958324961278,8.78463484555752,8.876516946565,9.04439411935845,8.74483383749955,10.2639937934682,10.1692042714145,9.21721251250284,9.33474100215582,0.094789522053631,-0.117528489652981,1.04678128096533,0.834463269258718
"MID_28",8.19967234483636,8.34872815423108,8.13955135239879,8.70043971814109,8.23840473932508,7.95419631038687,7.76818432477693,8.56605403817109,7.39231742277876,8.16992500144231,8.00562454919388,7.40087943628218,7.4178525148859,7.93663793900257,7.63662462054365,7.96000193206808,7.20945336562895,8.38801728534514,7.10852445677817,7.2667865406949,6.88264304936184,6.90689059560852,7.09803208296053,6.6724253419715,7.8008998999203,7.31288295528436,7.96000193206808,8.27146302790437,7.49185309632967,7.24792751344359,7.15987133677839,7.25738784269265,7.4298343804698,7.98276923559753,7.20410700121546,7.95418243656233,-0.552934855127728,-0.750075435346863,0.225727379254339,0.028586799035204
"MID_29",11.1305705628054,11.0478055540076,9.65284497300198,10.4210128557792,9.41996017784789,11.2743781532464,10.4460494067166,12.4141566792741,11.12153351734,9.44086916761087,11.9719027460455,10.2384047393251,9.70043971814109,7.55458885167764,7.43462822763672,10.2807707701306,10.0593444608244,10.9351650496037,11.5401280385821,9.25029841790633,11.2057932493972,9.77643303244473,9.18239435340453,9.98013957763916,11.5598550415136,11.7090838125503,12.3381792499001,10.6573184495813,12.2270141936491,11.7936033092794,12.4141566792741,10.6635581042173,11.2843567741663,10.0156649648101,10.7582082985965,10.4892712141916,1.26869180935618,0.268937084404943,0.526148475569748,-0.473606249381485
"MID_30",11.1072170755914,10.8177831217745,11.1780423288648,10.9643408677924,10.5459297690855,11.1045987535644,10.8478403556307,10.7287708495427,10.6339034093485,10.4481163054095,10.6402449362223,10.4314976042581,13.2724839919349,12.9188632372746,12.6418259720418,12.656871725614,12.5910547740368,12.9828153651899,11.998237821888,11.5245417150358,11.8029201985853,11.0586682503406,12.9856640790187,12.9057630496028,10.6715410667119,10.3487281542311,10.2992080183873,11.3269911749008,10.4888443464573,9.81378119121704,10.616548843779,10.0265234425198,11.3361984977582,11.5803640727429,10.9306531240526,11.3654359764989,-0.244165574984775,-0.434782852446315,0.405545373705564,0.214928096244025
"MID_31",13.8101699376647,11.8435285346111,13.0129736483745,13.6371908940686,13.6139045440436,13.3951324383858,14.5332080423694,15.1133352113651,15.3027817012671,14.1760952140379,14.6768936869377,14.6271348538961,12.8751733869274,15.8052400498867,14.0179393014958,15.7612395567062,14.4187091243578,15.6770038415564,14.8076064861729,15.2094152872379,15.9003715511104,16.0273660940731,15.1486354605487,15.1791315663955,14.078734574053,14.7821279899469,14.1600289652998,13.5412176417361,15.4217361265575,15.1526809585719,14.6353213473088,15.1995189889988,14.6356026821021,13.4027468677699,15.2563820376138,15.0747702397803,1.23285581433218,0.181611797833519,-0.620779355511706,-1.67202337201037
"MID_32",18.3022149698841,18.6818800739602,18.576262894536,18.1279087027366,18.6786998490751,18.5633824970611,18.6561664578354,16.8229690904533,18.5724744917055,18.8506202746449,18.7168495975259,18.6916344842892,18.4922365743147,18.5245646701587,18.8366113324151,18.2134792397016,18.6100407667727,18.5390679126396,18.2350231950408,19.0729045669494,18.2173519052703,18.6576708451015,18.5553455525019,18.4840204048119,18.4590152980197,18.5680748695232,18.3179557481,17.9628000061839,18.0270744626912,18.6121521828546,18.5972232939925,18.7947997673103,18.3206059181357,18.5410264067506,18.6167386673431,18.3986473576616,-0.220420488614938,0.218091309681473,-0.296132749207377,0.142379049089033
"MID_33",10.9270371687203,11.3695973462787,10.8795832496128,11.1972166931101,10.9008668079807,11.1522848423066,10.7895336449704,11.6537407787066,10.7287708495427,10.9255544398736,10.7829982089204,10.8587580999354,10.243173983473,8.65463602852797,9.53915881110803,9.64385618977473,9.78135971352466,9.65463602852797,8.44294349584873,9.60917873814198,9.4858293087019,9.44501484586842,8.86418614465428,9.01959072835788,11.0498485494506,10.5362472156881,11.4008794362822,11.1331422124006,10.6679985356725,10.6110247973074,10.800090987625,10.5077946401987,10.1526401352471,10.6655865129016,10.0721840984955,10.4102760298644,-0.512946377654501,-0.33809193136894,0.0804560367516771,0.255310483037238
"MID_34",13.4849487344682,12.1247675358225,12.7315311764619,13.6914163898004,13.2933279469564,12.8780509127285,13.3392933001801,13.6780498911654,12.9710045980734,12.76673593953,13.1449768240501,12.6792601597168,15.2975611469307,13.9435221339049,13.8704610501708,13.9224914904585,13.3281138948337,14.8317525735046,13.3118901938506,12.9812104882717,12.047123912114,13.735344469539,14.2942617534333,13.8815919750067,13.1788204395794,12.6479080742818,12.5107641679179,13.4100537870756,12.9695663972905,11.6595499968799,12.8925428166486,13.0103532655493,12.998307507118,13.4111309764637,13.0775470268017,13.4752318789538,-0.412823469345668,-0.397684852152009,-0.0792395196837496,-0.0641009024900914
"MID_35",9.81217730551445,8.7515440590891,9.08746284125034,9.02513956227851,8.96866679319521,9.20212382383046,10.4807902010958,9.51175265376738,8.95710204156229,8.27146302790437,9.42836017270429,9.58683978796183,9.03342300153745,9.15987133677839,9.49185309632967,9.58871463558226,9.24555270625568,8.63662462054365,9.38370429247405,8.42206476617281,8.97727992349992,8.11374216604919,8.01680828768655,8.75488750216347,9.13442632022093,9.07681559705083,9.23601419190008,9.21674585819531,9.09803208296053,8.92777796208234,8.2045711442492,8.82654848729091,9.11141052650066,9.17977146547565,8.51564927092736,9.29127983087781,-0.0683609389749957,-0.775630559950445,0.595761255573292,-0.111508365402157
"MID_36",14.9887290603221,14.4099875156848,14.6344140275723,14.6679431145465,14.1767185767441,14.8249587405285,14.3744961456915,14.7136550082363,14.3629026937047,14.1852626124032,14.1157752193448,14.0809007832301,13.5958402237282,14.8009504418825,14.8199295812386,14.831109275357,14.5261324056284,13.1077074823858,15.3033169910046,14.4382720561248,14.7553570530353,14.6581556843708,14.3826240265749,14.7346037848415,14.8112241540367,14.8647181564423,14.7419935750995,14.9949279252659,14.911345170656,14.5712786185146,15.035830072835,14.1126838450057,14.8865916628179,14.5160725828882,14.5871699248688,14.2858621846929,0.370519079929769,0.301307740175934,0.299421737949126,0.230210398195291
"MID_37",9.56414948998573,8.8703647195834,8.65105169117893,8.90989308377004,9.29232163280204,8.54303182025524,9.64205169292798,9.51175265376738,8.04984854945056,7.59245703726808,8.43045255166553,8.29920801838728,6.61470984411521,7.43462822763672,7.25738784269265,7.39231742277876,7.66533591718518,8.66888498426625,8.35314682549808,10.6220518194564,6.28540221886225,7.40087943628218,6.59991284218713,8.35755200461808,9.56605403817109,8.55458885167764,8.56605403817109,10.8025163651212,8.55074678538324,8.1548181090521,7.98868468677217,8.31288295528435,8.64075919173135,8.37424956017427,8.23285380491679,8.33573345979428,0.266509631557083,-0.102879654877489,0.407905386814559,0.0385161003799865
"MID_38",11.0980320829605,12.0944076330812,11.3896313392605,11.5439984501345,10.9665054519057,11.5703301010308,11.1705510353167,11.7151040092362,11.1478408936723,11.3837042924741,11.43410692861,11.4767462039395,9.73131903102506,9.07948478382682,10.4335854411505,9.33315535031062,9.5352753766208,9.16741814583174,11.4599438483749,8.74146698640115,9.8811139606751,9.33315535031062,9.07146236255662,9.80574387215162,10.7846348455575,10.3944626946103,10.9046346216682,10.6555307231556,11.1357092861044,10.471675214392,10.7548875021635,10.211888294546,10.5551520808848,10.9292316563522,9.96003499949633,10.6564568492464,-0.374079575467434,-0.696421849750099,0.595117081388425,0.27277480710576
"MID_39",10.1959872980285,9.06608919045777,9.43879185257826,9.77643303244473,9.56033283421244,10.129283016945,9.84235034341381,10.4878400338231,10.0457596613827,9.43462822763673,9.82972273508606,9.70217268536555,7.88264304936184,9.48381577726426,9.37068740680722,9.4178525148859,9.39231742277876,9.14720492494223,9.95710204156229,8.66533591718518,9.2240016741981,8.83605035505807,8.58120058192496,9.70043971814109,9.96866679319521,10.1331422124006,9.76487159073609,10.3140167039014,10.4231159101471,10.0953970227926,10.5166849493096,9.82017896241519,9.86603439059068,9.42361834484606,9.56256624269038,9.71014965597781,0.442416045744622,-0.147583413287427,0.303468147900297,-0.286531311131752
"MID_40",14.7196561996038,13.2462952535163,14.6362280967849,14.7466192864003,13.2739412597768,13.8147827150621,14.4411934780631,14.227239879225,14.4649285803855,13.7412562970921,13.9684868050419,14.1841779957389,13.4348888065304,12.6411485974112,12.6752954990941,12.5294305541462,12.3567270574646,12.9574648468052,11.8447057644119,11.6497052654714,11.1273495410591,12.0728025345442,12.5355183977687,12.2626821423622,14.5274159150379,13.7032547337481,13.645095473397,14.5817890287418,14.5176078803833,13.5322341531815,13.7781798234202,13.4411286218047,13.0988989426797,13.6560482415815,13.0753109537963,13.6839252259899,-0.557149298901754,-0.608614272193616,0.0235879888834418,-0.0278769844084206
"MID_41",16.5906747597391,15.7771782460907,16.1848753429083,16.4124706118002,16.3356520427625,16.3591489986192,16.1487744647715,16.5570448092836,16.2872253877887,15.871809003457,15.9917432643491,15.9670460908631,15.7640422173066,17.0803803567521,16.9346353624594,16.945043692732,17.0473156564509,16.7131045431843,17.1545412495585,16.4195652255141,17.6775957785767,17.0918485647326,16.3721678882865,17.2196223170712,16.8026551956249,16.954275841849,16.4991918931408,16.8343599400156,16.7573118716874,16.3672611632154,16.9606807515606,16.6164914105084,17.0203203165481,16.3784436931263,16.6550466965007,16.395796845909,0.641876623421794,0.259249850591672,0.365273620047383,-0.0173531527827393
"MID_42",11.0457596613827,10.4314976042581,10.9578275608337,11.129283016945,10.7582232147267,10.8818787076004,11.0620461377205,10.90989308377,11.2015113445001,11.1586096882145,10.9091430473399,10.7968507952672,7.14974711950468,10.6856248397264,10.7698378436294,6.62935662007961,6.39231742277876,10.3890935219045,10.1472049249422,6.74146698640115,10.5137275959524,6.04439411935845,6.3037807481771,9.89178370321831,10.8407779235951,10.8533095554037,10.9643408677924,11.410451351504,11.0525680508042,10.4367115421372,10.6564248632778,10.6474584264549,10.6602279889154,9.94626357240661,8.84040067665868,10.4157921198358,0.713964416508833,-1.57539144317717,1.81982731225676,-0.469528547429238
"MID_43",10.1510165388922,9.40726776424473,9.70735913208088,10.5830827675029,9.67948009950545,10.0768155970508,10.3641346550081,10.2667865406949,9.94836723158468,10.2070143201775,10.3955341354623,9.80413102118332,10.0539258815311,10.5736471874933,9.77643303244473,10.3454052467178,8.94251450533924,10.2288186904959,9.30606168942834,10.403012023575,8.2667865406949,10.6917435191713,10.1072170755914,9.5980525001616,9.57931593758001,9.61286849729104,12.5110113528822,10.0647427647503,9.96434086779242,10.0014081943928,10.2888660741658,10.3509391815464,9.84840561182691,9.81976614651024,10.2582181337479,10.2370932254242,0.0286394653166742,0.021124908323678,-0.409812521920962,-0.417327078913958
"MID_44",14.1272689233037,10.8368393597487,11.6626683755175,13.6696601802386,11.9581901836937,12.7563478255166,13.2134080408583,12.6341303730933,11.7151040092362,14.1292025071628,10.6987046667703,13.7026056021102,11.5891829670394,12.9918760990034,11.9865531497567,13.3030672138429,13.3391540909321,11.2963426846929,13.3441571805691,13.381407759783,10.7372473430277,13.4696418172395,12.7479831403019,12.9190495236769,11.8057438721516,12.5584207132687,12.283088353024,10.9657842846621,12.4296682651331,14.7886163862508,12.804736051614,11.8384160757973,12.0876416100543,12.4362072284163,13.0657813565885,12.6316045774189,-0.348565618362018,0.434176779169588,-0.978139746534218,-0.195397349002612
"MID_45",11.9690267021508,11.8004955004668,11.4199601778479,11.8887432488983,11.4817994316658,11.2378074737231,11.1529185761366,12.0667619323869,11.0647427647503,11.2877123795494,11.2638560195961,11.4439795426013,10.2934716488381,9.42206476617281,10.0552824355012,8.96866679319521,9.85486838326024,8.04984854945056,9.67948009950545,9.62205181945638,9.283088353024,8.99717948093762,8.90086680798075,9.2045711442492,11.1104833098162,10.7788984760084,11.179287104646,11.5435152161522,11.2360141919001,10.7380922596205,10.609178738142,10.6429542234803,10.3970462433431,11.1112727780391,10.1066196459311,10.5245057026488,-0.714226534696071,-0.417886056717705,0.290426597411971,0.586767075390336
"MID_46",8.53138146051631,8.33985000288462,8.69348695749933,8.12412131182919,7.56224242422107,8.57742882803575,8.97727992349992,9.25029841790633,9.00281501560705,8.08214904135387,8.27146302790437,8.10328780841202,7.38370429247405,7.25738784269265,7.07681559705083,8.02236781302845,7.59991284218713,8.16490692667569,6.4093909361377,6.65821148275179,7.3037807481771,7.43462822763672,6.95419631038687,7.33985000288462,8.51569983828404,7.31288295528436,8.56605403817109,8.08214904135387,8.97441458980553,8.53915881110803,8.43045255166553,6.8073549220576,7.64711536575611,7.98766041296648,7.68548812791601,8.34799509078671,-0.340545047210363,-0.662506962870695,-0.0383727621598995,-0.360334677820231
"MID_47",6.49185309632967,6.44294349584873,6.98868468677217,4.8073549220576,5.7279204545632,5.08746284125034,6.4093909361377,6.22881869049588,5.95419631038687,5.32192809488736,5.55458885167764,6.58496250072116,6.90689059560852,6.61470984411521,7.07681559705083,6.95419631038687,6.59991284218713,6.96578428466209,6.55458885167764,6.33985000288462,6.4262647547021,6.88264304936184,6.3037807481771,6.24792751344359,5.75488750216347,5.12928301694497,5.24792751344359,7.17990909001493,6.76818432477693,4.58496250072116,4.8073549220576,5.4594316186373,6.07725546319861,6.23664872574091,5.87802959523094,6.2876195359412,-0.159393262542299,-0.409589940710262,0.199225867967675,-0.0509708102002886
"MID_48",10.5859014496908,10.3049216695817,10.6339034093485,10.3409627642517,9.56985560833095,10.6934869574993,9.68474862042163,9.99435343685886,9.68825030913318,10.0539258815311,9.94251450533924,9.4898479604393,11.4252159032994,11.4130989849153,12.5933911227917,11.3077700318907,11.6851867965953,11.3140167039014,11.4455322190283,10.6608872703026,10.129283016945,12.0112272554233,11.1382718001722,10.9801395776392,10.120237877342,9.15228484230658,9.46964181723952,10.6759570329417,9.93073733756289,9.29232163280204,10.4573808790725,9.10852445677817,10.2818680547775,10.8703139645988,10.3713358045877,10.3209473816034,-0.58844590982136,0.0503884229842644,-0.0894677498102041,0.54936658299542
"MID_49",12.0801513096141,12.7931968590609,11.8860775848731,12.3936585914548,11.963618617444,12.5608104687279,11.943613701614,13.0513788996875,11.9373738201921,11.714674827308,12.5092801680879,12.1789760113745,11.6541884730595,8.88569637333939,8.96866679319521,11.6974020075027,11.7477734005268,11.9545598469998,7.81378119121704,11.9665054519057,12.2479275134436,11.8719052376592,11.7026056021102,12.0426853722194,12.0944076330812,12.0028150156071,12.4194335507054,12.3660489506706,12.158294103604,12.0122753448561,11.8929222236306,11.8125784441354,11.5695856038492,11.7831268997729,11.9167266297002,11.7636617395673,-0.213541295923752,0.153064890132848,-0.347141025851009,0.0194651602055913
"MID_50",12.5994479815287,12.0549434165733,12.8540891798706,12.780539767472,12.2336196767597,11.9851303734669,13.5431526844149,12.107544031976,12.5117526537674,11.6899979714194,12.5989829710361,11.9483672315847,17.1107483668141,8.43462822763673,9.11634396123747,15.6776645927031,15.3302516625233,16.4858135888743,8.12928301694497,14.9505103337004,14.2211339423571,15.4625661751083,16.3935077722057,15.9528777217202,11.8757493514201,11.9432473959016,12.3525952311343,13.1267044728432,11.8265484872909,11.2002856052243,12.4419067045422,11.6657800283295,12.5145130189031,12.896123820694,13.4201578723431,12.7775448837125,-0.381610801790954,0.642612988630551,-0.905644853440002,0.118578936981503
"MID_51",15.140869703099,15.9019981856685,15.2832692574921,15.6285309783275,15.2287435481723,15.0512514324851,14.9283333075851,15.7774351270858,14.6152847833652,15.0713785604573,15.2400459459191,15.2908468337787,14.7972562175098,14.1516508299734,14.5888902776953,13.9004894848346,14.1568731179496,13.5654591369046,15.6259941580146,14.1287998908454,13.0887882387169,13.9174653220066,14.1933713498215,13.7763302141401,14.5796694959793,14.2351167143963,14.5496041994759,15.1796370044111,14.7666841845824,14.3331553503106,14.2110517511816,14.3012103712984,14.433591432162,15.0864091909332,14.2645340314352,14.7267693344338,-0.652817758771217,-0.462235302998556,0.169057400726807,0.359639856499468
"MID_52",8.95419631038687,9.96578428466209,9.58308276750293,9.78626962764847,9.51569983828404,9.16992500144231,9.12412131182919,9.93221475196838,8.74483383749955,9.0389189892923,8.97441458980553,9.20701432017753,8.96000193206808,7.09803208296053,7.31288295528436,8.2807707701306,8.71080643369935,7.82017896241519,5.64385618977472,8.22881869049588,8,7.78790255939143,7.96578428466209,8.30833903013941,8.88874324889826,8.64385618977473,8.79116288855502,9.44914864537544,8.69696752623429,8.5274770060604,8.30833903013941,8.30833903013941,8.24644374178822,9.10651657233094,8.2605183038747,8.69116662400875,-0.86007283054272,-0.430648320134056,-0.0140745620864742,0.41534994832219
"MID_53",15.5291254865759,14.6555866231514,15.5495440383016,15.5986341147798,15.2206806210522,15.1827822893667,15.4868350215631,15.3040304018441,15.2345929279075,15.2458868998192,15.1647105534682,15.2833416129283,10.7219536128014,8.98013957763916,10.0084286220706,10.0292872269682,10.2854022188622,9.868822554775,8.7279204545632,9.92481250360578,11.0660891904578,10.3365065598103,9.34872815423108,9.32192809488736,15.1728181335743,14.9358556537436,14.6806891693602,15.3581017074408,15.1459719371694,14.4335854411505,14.6923975554685,14.8148327730084,12.7519146291468,13.6391264029958,12.6709764177777,13.3997385307681,-0.887211773848998,-0.728762112990379,0.0809382113690607,0.239387872227679
"MID_54",11.7125270004398,12.2470374187886,11.7444134105577,11.9808536063797,11.5947911180893,12.0254856568084,11.5048189876328,12.3426302986784,11.4189067312579,11.3020676725265,11.8540891798706,11.7219536128014,10.9693865213423,11.3630396302565,13.1122765916393,11.3281138948337,10.9381093262192,10.9447120610435,12.6077926419192,9.99859042974533,11.6947931549999,10.3320365483617,10.2679570844028,11.0334230015375,11.6952282914958,11.5058115539196,11.9395792143147,12.1199137854523,11.5435152161522,11.2620948453702,11.4737057496194,11.2021238238305,11.7995059490913,11.8138756278071,10.868574813926,11.5311480076557,-0.014369678715866,-0.662573193729692,0.930931135165267,0.282727620151441
"MID_55",7.65821148275179,7.17990909001493,7.96578428466209,8.56224242422107,8.65105169117893,8.97727992349992,7.13955135239879,7.85174904141606,7.44294349584873,8.21916852046216,8.29462074889163,8.35755200461808,7.48381577726426,7.20945336562895,7.18982455888002,8.07681559705083,7.74819284958946,7.57742882803575,6.62935662007961,7.39231742277876,7.94836723158468,8.40514146313634,8.25738784269265,8.16992500144231,7.86418614465428,7.93073733756289,8.54689445988764,8.16992500144231,8.19967234483636,7.85174904141606,8.40087943628218,8.92184093707449,7.89419882809339,7.93514578689583,8.20414121260241,7.79658699492789,-0.0409469588024418,0.407554217674519,-0.309942384509019,0.138558791967943
"MID_56",7.59245703726808,6.6724253419715,8.07681559705083,7.76155123244448,7.68650052718322,8.13955135239879,8.06069593168755,8.2240016741981,7.03342300153745,6.52356195605701,7.24792751344359,7.75488750216347,9.46352437327118,11.0140204703149,10.612868497291,9.75488750216347,9.8376279331714,8.42206476617281,10.4594316186373,9.93221475196838,10.2045711442492,10.4210128557792,9.7515440590891,10.2360141919001,8.00562454919388,7.52356195605701,7.21916852046216,8.62570884306447,8.49984588708321,6.61470984411521,8.10328780841202,7.06608919045777,8.89629726050916,8.42703576578339,8.62695777098642,8.2261633686376,0.469261494725766,0.400794402348819,0.269339489522741,0.200872397145794
"MID_57",7.64385618977472,4.64385618977472,7,7.5077946401987,6.85798099512757,7.55458885167764,8.35314682549808,10.2057932493972,9.23122118071119,8.65463602852797,8.01680828768655,7.4757334309664,7.17990909001493,7.38370429247405,7.4093909361377,7.35755200461808,6.58496250072116,7.03342300153745,5.85798099512757,6.20945336562895,6.35755200461808,6.8073549220576,6.53915881110803,6.53915881110803,7.04439411935845,6.88264304936184,7.01122725542325,6.14974711950468,6.84549005094437,7.73470962022584,5.04439411935845,7.43462822763672,6.5489576220717,6.93137104371413,6.65931273099428,8.19022425571299,-0.382413421642426,-1.53091152471871,-0.11035510892258,-1.25885321199886
"MID_58",11.2324209271761,8.71424551766612,9.81378119121704,9.77643303244473,10.1484765821783,9.64565843240871,7.85798099512757,7.55458885167764,6.98868468677217,6.88264304936184,7.54689445988764,7.12928301694497,8.31288295528435,6.95419631038687,9.4594316186373,7.56985560833095,9.50977500432694,6.02236781302845,10.3966047811819,6.70043971814109,11.6943578872215,6.91886323727459,6.18982455888002,10.609178738142,11.726643921484,12.1270270430046,11.5684311931675,12.7298331388484,6.91886323727459,6.71424551766612,7.18982455888002,7.76818432477693,11.5502966718642,9.62367836237106,6.91432073612762,7.16738831016868,1.92661830949318,-0.253067574041054,4.63597593573662,2.45629005220238
"MID_59",12.0617087046606,10.5127404628035,10.9628960053373,11.0484868739923,11.0416591516372,10.6786001390995,10.2772874001304,10.6891244049133,9.97010589061218,9.9469062744564,10.0647427647503,9.92925840863697,8.48784003382305,7.75488750216347,9.4262647547021,7.78790255939143,9.64205169292798,7.62205181945638,10.3509391815464,7.18982455888002,11.5147140541385,8.24317398347295,8.10328780841202,10.8305152069768,12,12.4566110995749,11.8093662078161,12.8724825081067,9.48179943166575,9.44914864537544,9.80574387215162,10.0265234425198,11.6906611797371,10.4291386465537,8.89992882035394,9.33802966939008,1.26152253318334,-0.438100849036141,2.79073235938313,1.09110897716365
"MID_60",10.9068905956085,9.86727873970966,10.6733090755617,10.5933911227917,10.9772799234999,10.3674147512468,11.6073303137496,11.1605017475557,11.4093909361377,10.0347989625773,10.9395792143147,11.1497471195047,11.4455322190283,11.2737955992143,12.0728025345442,11.958552715431,10.3663222142458,11.0821490413539,11.1305705628054,11.1078709142796,10.7919768208987,11.9861975872063,11.2644426002266,9.72962074355304,10.8486229404293,10.8265484872909,10.6137894644726,11.4003457965347,11.1137421660492,10.429406741514,9.38801728534514,10.8008998999203,10.763067830855,10.8078023529152,10.870082456363,11.1795384055376,-0.0447345220602333,-0.309455949174628,-0.107014625508061,-0.371736052622456
"MID_61",7.88264304936184,5.39231742277876,6.68650052718322,6.98868468677217,6.4093909361377,5.4262647547021,5.52356195605701,6.06608919045777,5.55458885167764,5.20945336562895,5,5.32192809488736,6.4594316186373,7.20945336562895,7.25738784269265,7.04439411935845,6.16992500144231,6.70043971814109,5.93073733756289,5.90689059560852,8.60362634498619,6.04439411935845,6.33985000288462,7.60733031374961,8.71080643369935,9.33091687811462,8.86418614465428,9.13185696060879,6.02236781302845,5.08746284125034,6.39231742277876,6.10852445677817,8.3113514876251,6.51917175996756,5.98597246452676,5.95887874020414,1.79217972765754,0.027093724322623,2.32537902309835,0.560293019763424
"MID_62",12.6334493747135,12.4059391933424,12.5171772526895,12.3589258691547,12.4210128557792,12.4136279290242,13.3188252203997,13.8506752080647,13.4539136322122,12.1767964781476,12.1910592145317,12.3893624556439,12.3753109974731,12.9799610152228,13.4555840875786,13.920073669146,13.0478055540076,13.4963544885646,13.791061114717,13.3768036981141,14.0077281146323,13.706064267335,13.2505945071923,13.6664459388148,13.727814119937,13.1234747982441,12.8951965725633,12.815183130008,13.7848392946531,13.3709597932974,13.6628908591391,13.0176783769964,13.4324148269881,12.6254259015292,13.4528329709611,13.0863357091037,0.806988925458871,0.366497261857369,-0.020418143972984,-0.460909807574486
"MID_63",11.6402449362223,10.0967151544885,10.9808536063797,11.9395792143147,11.9027519448502,11.9527412471865,10.6926155016946,10.7473538294781,10.6952282914958,11.3247431104944,11.5483402876761,11.0126245388651,11.0354864512922,12.6926155016946,11.5313814605163,11.6379833037779,12.5957236941016,11.7215264640075,12.4838157772643,11.6586577921261,13.1924469403233,11.6943578872215,11.929258408637,12.7883105037009,11.7544699952756,11.9729797860663,11.0620461377205,12.3613955331659,11.1516508299734,11.2997804028585,11.3701424794954,11.7355560239115,12.2307806676452,11.5194975232613,11.5484862606033,11.3414478699093,0.711283144383907,0.207038390694018,0.682294407041903,0.178049653352014
"MID_64",14.2675913915057,14.3460288751403,14.4501157936592,14.135148128912,14.4626939716396,14.1770301571224,14.1587674546361,16.7509293810794,15.8968763396896,14.0911874224671,14.3871422515846,14.3626287816019,16.5891975999479,15.0218475166806,15.3553166805792,15.9391889213327,16.461143674662,14.9228631035821,16.4404961204417,14.8172834871233,13.2150779148228,14.920213269034,16.740176031193,14.3574145461795,14.2756880403848,13.5387951828664,13.9034111612385,14.673585131329,16.0020458302335,15.9223985722193,13.6940313501856,13.791162888555,14.3434954424661,14.9160295859076,15.1267587755063,15.0590479080727,-0.572534143441468,0.0677108674335827,-0.783263333040132,-0.143018322165082
"MID_65",9.47167521439204,9.09803208296053,9.48381577726426,9.66888498426625,9.10328780841202,8.37068740680722,6.35755200461808,6.98868468677217,8.19967234483636,8.1548181090521,8.04439411935845,8.12928301694497,9.91438513215544,9.07414146275251,9.93663793900257,9.27146302790437,9.2336196767597,9.41996017784789,8.97154355395077,8.4093909361377,8.467605550083,9.07414146275251,9.34651373316563,8.43462822763673,9.54109661534952,8.55074678538324,9.09011241966429,10.9476369379518,8.51175265376738,7.52356195605701,8.14465824283188,8.2336196767597,9.14333858428848,9.36455844689111,8.46337695163883,8.18221877223188,-0.221219862602632,0.281158179406953,0.67996163264965,1.18233967465924
"MID_66",10.2656150464845,11.3320365483617,10.3465137331656,10.9008668079807,10.0687782779854,10.4665863377192,10.047123912114,11.1749256825007,10.3376219019925,10.1972166931101,10.5333297323058,10.6082548219779,7.62205181945638,8.37937836707126,9.08214904135387,7.82654848729092,7.56985560833095,7.34872815423108,8.2667865406949,8.63299519714296,7.2667865406949,7.56985560833095,7.7279204545632,7.5077946401987,10.1811522568656,9.69522829149575,10.3597495603223,10.6082548219779,10.3772105303886,9.90388184573618,9.72451385311995,9.2045711442492,9.12653609317858,9.73938369120426,9.02013551907586,9.60590308362158,-0.612847598025681,-0.585767564545728,0.106400574102723,0.133480607582676
"MID_67",13.7341803656468,12.9338750367073,13.527965641134,13.3763967510828,11.8910241901495,13.3181190899755,13.0213270326244,13.4198285390832,13.1966021265232,12.4233785765185,12.6856248397264,12.5915223465707,10.4398308839814,10.3858624006415,10.8305152069768,10.6008421143873,10.6156296369681,10.6750749203854,13.4164017083962,10.6934869574993,12.9288884393976,11.5230718269404,11.9016211583461,12.9776376904059,13.6408097907932,13.4665863377192,14.6850772650278,13.880348808156,13.5278434978802,13.2271646546224,13.7463043677013,12.6997893183821,13.5708214342709,12.2963929780691,12.4741831116246,12.1111180996067,1.27442845620172,0.363065012017831,1.0966383226463,0.185274878462415
"MID_68",8.11894107272351,7.77478705960117,8.80413102118332,9.04165915163721,8.58496250072116,9.08746284125034,7.77478705960117,9.47370574961942,6.04439411935845,8.17492568250068,8.25266543245025,8.82017896241519,6.95419631038687,7.51569983828404,7.04439411935845,6.96578428466209,7.08746284125034,6.78135971352466,6.3037807481771,9.05799172275918,5.52356195605701,6.89481776330794,7.49984588708321,6.35755200461808,9.94397991434374,7.70735913208088,8.06608919045777,5.78135971352466,9.39874369193819,8.61838550225861,7.91886323727459,8.43462822763673,7.09766895132275,8.05533299090138,8.26046800460835,7.75594453804622,-0.957664039578624,0.504523466562133,-1.1627990532856,0.299388452855159
"MID_69",8.12412131182919,7.49984588708321,8.01122725542325,8.3264294871223,7.70735913208088,8.47167521439204,8.60733031374961,8.09803208296053,7.83920378809694,7.63662462054365,7.33985000288462,8.21431912080077,8.56224242422107,8.71424551766612,9.29691620687929,9.1548181090521,8.88569637333939,8.43879185257826,8.70390357344466,8.44294349584873,8.17990909001493,8.86727873970966,8.76818432477693,8.13955135239879,8.06608919045777,7.18982455888002,8.59991284218713,7.75488750216347,8.44294349584873,7.52356195605701,8.58496250072116,7.22881869049588,8.09058258707811,8.32061258804118,8.26552760049401,8.22702393425918,-0.230030000963071,0.0385036662348348,-0.174945013415904,0.0935886537820014
"MID_70",10.7507069862249,12.0157634873699,11.2848241002246,11.7456743240021,11.1861142395416,10.7481928495895,10.3641346550081,11.5072991241228,10.3162815317462,10.8008998999203,10.7490313820402,11.0105281058865,10.0306671362469,8.2045711442492,8.33985000288462,8.54689445988764,8.83605035505807,8.32192809488736,8.60733031374961,5.85798099512757,7.78790255939143,8.17492568250068,8.53915881110803,8.27146302790437,10.0265234425198,9.76155123244448,12.4008794362822,11.1724275086455,10.1045987535644,9.5077946401987,9.3264294871223,9.84392105128904,9.71829678870533,10.5486492756825,8.76497277441581,9.98017426641647,-0.830352486977148,-1.21520149200066,0.953324014289521,0.56847500926601
"MID_71",5.8073549220576,5.12928301694497,4.90689059560852,7.44294349584873,5.61470984411521,6.06608919045777,5.8073549220576,5.08746284125034,6.3037807481771,5.78135971352466,6.98868468677217,5.20945336562895,6.94251450533924,6.20945336562895,6.74146698640115,6.75488750216347,6.53915881110803,6.28540221886225,5.6724253419715,6.52356195605701,5.4262647547021,6.20945336562895,6.22881869049588,5.97727992349992,5.4594316186373,5.4262647547021,10.0660891904578,6.62935662007961,4.90689059560852,4,5.55458885167764,5.55458885167764,6.37958745772147,6.13226792976458,5.56827175873509,6.04753770711839,0.24731952795689,-0.479265948383297,0.811315698986379,0.0847302226461917
"MID_72",8.57742882803575,9.52160043972373,9.66533591718518,10.2033480029798,9.5352753766208,9.7262181593322,10.5166849493096,10.2203783276952,10.2419831496943,10.0741414627525,10.3174126137649,10.1573469353628,10.4978518369511,10.3858624006415,9.56795607541547,10.6456584324087,10.2191685204622,9.9957671508778,6.06608919045777,10.1823943534045,10.0940776856719,10.496853777388,10.6706562491184,9.48179943166575,9.67771964164101,9.49185309632967,9.67595703294175,10.1497471195047,9.89481776330794,9.96289600533726,10.1241213118292,10.0953970227926,9.23389188545893,9.72379812852291,10.203876640454,10.2839150469453,-0.489906243063972,-0.0800384064912674,-0.96998475499506,-0.560116918422356
"MID_73",7.32192809488736,7.64385618977472,7.76818432477693,7.90086680798075,7.8073549220576,7.88264304936184,6.7279204545632,8.4093909361377,6.90689059560852,7.85174904141606,7.27612440527424,8.14974711950468,7.57742882803575,11.0140204703149,10.6456584324087,7.24792751344359,7.78135971352466,7.19967234483636,10.567005370247,8.20945336562895,6.4757334309664,7.98868468677217,8.70390357344466,7.20945336562895,8.99435343685886,6.98868468677217,6.97727992349992,7.09803208296053,7.78790255939143,7.17990909001493,7.22881869049588,7.66533591718518,7.75864889956198,8.0365867069787,7.82342969756189,7.86482698678881,-0.277937807416724,-0.0413972892269232,-0.0647807979999069,0.171759720189894
"MID_74",15.54791873756,16.4930579697778,15.8854818975774,16.2584924251223,15.906773184008,15.4727542920627,15.1640819795222,16.323652943682,15.1631386048059,15.6838170539399,15.6149110989165,15.7300985890029,14.2800457613004,12.606173844717,13.6157445698533,12.4833119549994,13.1799090900149,12.8201789624152,12.7592640451888,13.5224589312938,10.0512089409148,12.8071536391775,13.4596877562395,12.7615512324445,15.2129522850369,14.7123657844479,15.975064265759,15.6697985642699,14.9452609273392,14.7777690040138,14.3841091837366,14.6598286977483,13.8774578740088,15.1822419919196,14.0794668770784,14.6210405591112,-1.30478411791083,-0.541573682032844,-0.202009003069561,0.561201432808422
"MID_75",12.0254856568084,12.120237877342,12.3928540398729,12.6020028635374,12.3630396302565,12.182704710519,12.3272719368052,12.6997893183821,12.2240016741981,12.334831928118,12.6812384117778,12.6250238568804,13.055451915095,13.2304708322047,13.1930632791304,13.3199543106869,12.8786257298054,13.2535520626375,12.4560976849642,13.0279059965699,12.5357613779867,12.935349243034,12.9051989459628,12.7838167593202,12.1315354686763,12.4762399063239,13.5867225290484,12.064405961891,12.1532353386894,12.2091487103557,12.192909219112,12.4194335507054,12.5763685268872,12.5348295224852,12.5490258577756,12.7440149257434,0.0415390044020221,-0.194989067967809,0.027342669111631,-0.2091854032582
"MID_76",7.4178525148859,6.4262647547021,7.12928301694497,7.08746284125034,7.39231742277876,6.65821148275179,6.61470984411521,6.71424551766612,5.32192809488736,5.08746284125034,6.32192809488736,5.7279204545632,7.70735913208088,7.21916852046216,7.65105169117893,7.98868468677217,7.82017896241519,7,7.17990909001493,7.05528243550119,8.01122725542325,7.05528243550119,6.82017896241519,7.94251450533924,6.7279204545632,6.96578428466209,6.83289001416474,6.28540221886225,3.58496250072116,5.28540221886225,4.58496250072116,5.7279204545632,7.1350925461471,7.25444242433209,5.73057021546933,6.44400533940044,-0.119349878184995,-0.713435123931103,1.40452233067777,0.810437084931659
"MID_77",13.0438817076887,13.8677613594047,13.3297963382207,13.5975870395862,13.3971398062356,12.9885071789232,12.7817695118631,13.8651532929381,12.7679775016039,13.1750816748283,13.1126024035288,13.2550285698187,12.3213644320394,10.8933015308606,11.9516489859046,11.0491678723722,11.3320365483617,11.1692986957928,7.40087943628218,11.7189609119842,10.1045987535644,11.0546043179607,11.631177055704,10.9136374280491,12.7002229507993,12.3060616894283,12.5959567439432,13.2096056691436,12.6261653199045,12.4494066149856,12.0748104611605,12.3176952457652,11.31870895303,12.8699692662628,11.9818314182092,12.4521534504007,-1.55126031323276,-0.470322032191511,-0.663122465179224,0.417815815862028
"MID_78",7.62935662007961,6.6724253419715,7.57742882803575,7.48381577726426,6.90689059560852,7.4093909361377,7.76818432477693,6.90689059560852,6.55458885167764,7.57742882803575,7.67948009950545,7.34872815423108,8.77478705960117,7.48381577726426,7.67948009950545,9.15734693536284,8.71080643369935,8.92777796208234,6.08746284125034,7.96578428466209,7.14974711950468,9.10852445677817,8.51963625284321,7.83289001416474,7.63662462054365,6,6.98868468677217,7.88874324889826,7.33091687811462,6.58496250072116,6.90689059560852,6.82017896241519,7.08345036159055,7.64937574354481,7.60527056159185,7.71158239206053,-0.565925381954264,-0.106311830468684,-0.521820200001302,-0.0622066485157218
"MID_79",12.2455527062557,10.8025163651212,11.526988205432,12.4075333316713,12.429406741514,12.4486325677306,11.4330637651221,11.3559016383284,11.3168471836025,11.8101699376647,12.1642784383012,11.5938579388582,12.1016474500308,13.4702775617705,12.4043432915858,13.0373753577632,13.4032783754711,13.1939872939192,13.4384020227968,12.4144209817464,13.9068905956085,11.8181827049486,12.7844303674846,13.53065017975,12.2891543537234,12.4210128557792,11.5947911180893,12.8550631183676,11.7702509273949,11.856814552503,11.8989792046225,12.2164427391605,12.8622806063021,12.1966554483125,12.1085030682658,12.1528621239256,0.665625157989629,-0.044359055659756,0.753777538036315,0.0437933243869306
"MID_80",12.3706874068072,13.1492707991215,12.6666678406904,12.9886846867722,12.5767205250802,12.2553236900081,12.0351427478859,13.0084286220706,12.0038692319791,12.3704149688797,12.3151495622563,12.4691330198296,11.9381093262192,9.92481250360578,12.7964452590618,11.2215871212648,12.3381792499001,10.2479275134436,13.7506023179592,11.2131042196419,13.7889222039606,10.8579809951276,10.9772799234999,13.1341054004018,9.81378119121704,10.8719052376592,12.6823362697114,12.4473415653707,11.7406240444894,8.90689059560852,9.16239132875691,11.3810021095509,12.35557059804,12.5644543092956,10.605610459525,11.7329405879128,-0.208883711255664,-1.12733012838779,1.74996013851496,0.831513721382832
"MID_81",9.12670447284319,8.23840473932508,8.81057163474115,8.77807712953536,8.23840473932508,8.58120058192496,8.89178370321831,8.34429590791582,8.40514146313634,7.67948009950545,8.67595703294175,8.55842071326866,9.34207466799914,6.75488750216347,7.63662462054365,9.30833903013941,9.08214904135387,8.77478705960117,6.06608919045777,8.64024493622235,8.43045255166553,9.48381577726426,8.96000193206808,8.5274770060604,8.43462822763673,8.16490692667569,8.14465824283188,9.05256805080415,8.37503943134693,7.84549005094437,8.09275714091985,7.63662462054365,8.11725431373316,8.64824573639905,8.43342484132993,8.37701027909893,-0.530991422665887,0.0564145622309962,-0.316170527596762,0.27123545730012
"MID_82",11.6434052771157,12.0188956211216,11.9472716524603,12.1289609508557,11.634357301138,12.0457596613827,10.7039035734447,11.8876014245087,10.9657842846621,11.2567983860794,11.2538474849874,11.2894425756883,8.90388184573618,8.76155123244448,9.08214904135387,9.19229281447077,9.52160043972373,8.77478705960117,9.78299820892041,8.49185309632967,10.120237877342,8.12928301694497,8.73470962022584,9.05528243550119,11.9869086246977,12.2067091493586,11.7772553151919,11.4403501192006,11.0828143376723,10.9901039638575,10.9693865213423,10.7780771295354,10.9099631043161,10.9918090878764,9.88231824084398,10.4540009817652,-0.0818459835603669,-0.571682740921238,1.02764486347207,0.5378081061112
"MID_83",5.97727992349992,6.18982455888002,7.98299357469431,10.5526690975143,5.78135971352466,6.24792751344359,8.48784003382305,7.04439411935845,6.4262647547021,7.52356195605701,9.27844945822048,5.4594316186373,6.53915881110803,6,6.39231742277876,7.35755200461808,7.62205181945638,6.91886323727459,6.52356195605701,6.88264304936184,6.96578428466209,7.53138146051631,7.5077946401987,7.35755200461808,5.08746284125034,5.49185309632967,14.1742235082247,8.21916852046216,4.90689059560852,3.4594316186373,8.33091687811462,6.4262647547021,7.68851517308629,7.03173138165555,6.43504614244848,7.1662619091879,0.656783791430746,-0.731215766739414,1.25346903063781,-0.134530527532349
"MID_84",8.44294349584873,8.23840473932508,7.876516946565,8.48381577726426,8.3037807481771,8.33091687811462,8.29462074889163,8.93957921431469,8.75488750216347,7.876516946565,8.08214904135387,8.21431912080077,8.3037807481771,13.6543003749437,9.28771237954945,8.18982455888002,8.6724253419715,7.88874324889826,9.07681559705083,7.58496250072116,8.46352437327118,7.98868468677217,7.97154355395077,8.12928301694497,8.35755200461808,8.76155123244448,8.44294349584873,8.15987133677839,8.37503943134693,8.32192809488736,8.3037807481771,7.64385618977472,8.48450586527952,8.43781078388809,8.02711360080431,8.87721563964571,0.0466950813914302,-0.850102038841397,0.457392264475208,-0.439404855757619
"MID_85",12.4637797853354,12.2711711911398,12.734074491428,14.0009682812804,13.4491486453754,14.104762537982,12.6174674652942,12.9844184588011,12.8197799318385,13.7073591320809,13.9811212760748,13.8319999195097,11.2650289424582,12.3342732853072,12.3097605447296,12.6575417597034,11.8684367558582,12.2237000759863,12.5408545321136,12.4530133544663,11.5985178106126,12.7157475428314,12.6110247973074,12.4220647661728,12.6984876385577,12.8690154155521,14.4303872107366,12.5591380556424,13.7520669831011,13.1225044843139,13.894912474947,14.5740612875592,12.7312093470554,12.7185701306208,13.303332989218,13.0175179227329,0.012639216434625,0.285815066485114,-0.572123642162619,-0.298947792112131
"MID_86",15.0187217919702,13.8199794609227,14.6759570329417,14.7216866596261,14.5834354040894,14.9641603391003,15.0729281118643,15.3626630234589,15.2254334053112,14.7941112110769,14.8518954113285,14.9776824050316,14.6893428461342,16.4666819194717,15.6994097830703,16.6781186836353,15.7104835988699,16.1297861013176,15.6971033156872,15.4690694075347,16.2345367966458,16.2110327331939,15.6389166568074,15.9603640088778,15.3588572069916,15.3591661609948,15.0335090375598,15.8238896446913,15.6565924528744,15.1571890135149,15.8917837032183,15.540339970322,15.6382037387783,14.8759085463028,15.6521319910665,15.5065889191662,0.762295192475568,0.145543071900283,-0.0139282522881796,-0.630680372863464
"MID_87",11.6969675262343,11.8474489039824,11.8622499008515,11.8525295094042,11.9826371336694,11.8513586490335,11.9861975872063,12.6144798042453,11.8336807486547,12.0247933847025,12.017852331906,11.9173720794768,14.5196362528432,13.1449768240501,13.3360880840884,13.2400459459191,12.9153192176791,13.9926728501891,12.8734441125154,13.2749604721406,12.44759985828,12.9076418036655,13.5380676513125,13.1527601687754,11.7108064336994,11.7915699121269,11.5343028824546,11.8579809951276,11.9344280406268,11.7582232147267,11.7731392067197,11.9822806045583,12.195494908997,12.4293594641985,12.4526772848214,12.5302301729278,-0.233864555201432,-0.0775528881063376,-0.257182375824424,-0.10087070872933
"MID_88",10.0980320829605,9.34429590791582,9.89481776330794,10.18982455888,9.92184093707449,9.97727992349992,10.6582114827518,9.98156728190301,9.93810932621924,9.70908381255034,9.81698362325538,9.86573327085176,12.7915699121269,11.8149829364268,11.6763978870448,11.4988492065317,10.9277779620823,12.2825093062408,10.8649599151426,10.7984718011016,9.7431513941125,11.3009244909763,11.9679467058127,11.5082899861403,9.70217268536555,9.35093918154643,9.34207466799914,11.0175044011094,9.89935692292311,9.15734693536284,9.52160043972373,9.4241662888181,10.2184417473451,10.5357596594325,10.2956876549598,10.6184478051923,-0.317317912087381,-0.322760150232547,-0.0772459076146319,-0.0826881457597981
"MID_89",9.11634396123747,8.24792751344359,8.3037807481771,8.7176764230664,8.24792751344359,8.13955135239879,8.77807712953536,9.07414146275251,8.68299458368168,7.33091687811462,7.86418614465428,8.14974711950468,8.9915218460757,9.40726776424473,9.11894107272351,9.44914864537544,9.3264294871223,7.14974711950468,9.36413465500805,8.31741261376487,9.81378119121704,8.68650052718322,8.2045711442492,9.04165915163721,8.69348695749933,8.7515440590891,8.77807712953536,8.16992500144231,8.88264304936184,8.01122725542325,7.35755200461808,7.72109918870718,8.94465830648977,8.69001110196538,8.16871511190109,8.43180298304089,0.254647204524389,-0.263087871139792,0.775943194588677,0.258208118924497
"MID_90",13.5381889320524,12.3069161135225,13.0068520017488,12.8659265450219,12.8027182959832,13.1806861948228,11.6506030222153,11.930367747439,11.8853150610494,10.8360503550581,11.4655664048094,10.9621730311097,10.631177055704,12.5800229677539,12.1764848472919,13.3302166426784,11.7452541419573,13.3303567169579,15.3138396143998,11.7452541419573,15.8149579102758,12.0406322005623,12.3818132959883,14.9083926207737,14.2571668246852,14.5677184578508,14.0720488409924,14.250372445925,12.9183042336999,12.7168194613299,13.3630396302565,12.240791332162,14.7406423878432,12.4726893475672,12.4866648994223,11.9967413276746,2.26795304027604,0.489923571747751,2.25397748842092,0.47594801989263
"MID_91",7.27612440527424,6.4093909361377,6.79441586635011,7.60733031374961,6.62935662007961,6.85798099512757,6.4594316186373,6.79441586635011,6.4594316186373,6.61470984411521,7.5077946401987,6.04439411935845,7.53138146051631,6.35755200461808,6.98868468677217,7.19967234483636,5.8073549220576,6.74146698640115,6.3037807481771,6.4093909361377,5.95419631038687,6.74146698640115,6.8073549220576,5.61470984411521,6.7279204545632,6.4594316186373,9.17242750864548,7.29462074889163,7.38370429247405,6.89481776330794,6.91886323727459,6.18982455888002,6.78958389048811,6.87800224511832,6.76363181379044,6.68654100479474,-0.0884183546302113,0.0770908089956972,0.025952076697676,0.191461240323584
"MID_92",10.429406741514,9.56224242422107,10.2796105810525,10.2772874001304,10.2167458581953,10.3060616894283,11.2306209331299,10.8281364841941,10.4008794362822,9.88874324889826,10.0168082876866,10.3331553503106,11.4757334309664,11.6017707884077,11.958552715431,11.1592406504117,11.5933911227917,11.6763978870448,10.9765641234153,10.8033239190415,9.70390357344466,11.334831928118,9.99435343685886,10.7673568541257,10.403012023575,10.2360141919001,10.3674147512468,11.0105281058865,10.6768386064742,9.92481250360578,10.4553272203046,10.61194694182,10.4949705176563,10.6776702181923,10.5430620794604,10.7928614518184,-0.182699700536004,-0.249799372358011,-0.0480915618041085,-0.115191233626115
"MID_93",12.0684424160258,11.9169990490828,11.581200581925,11.9207250197512,11.5689061545021,11.3020676725265,11.192909219112,11.9277779620823,11.1189410727235,11.1885888457073,11.3236177632916,11.3810021095509,10.1885888457073,10.0292872269682,10.9708249013626,10.0265234425198,10.9628960053373,10.3706874068072,10.2384047393251,10.2644426002266,9.74651432113846,10.0848083878044,10.1749256825007,10.4093909361377,11.1623913287569,10.8933015308606,11.2185632361903,11.5994479815287,11.2934716488381,10.8672787397097,10.4918530963297,10.7364019313183,10.752573439134,11.3867389606912,10.5590260123896,10.9510372276403,-0.63416552155722,-0.392011215250699,0.193547426744329,0.43570173305085
"MID_94",7.89481776330794,7.39231742277876,7.65105169117893,7.59245703726808,7.97727992349992,7.79441586635011,8.22881869049588,8.98584193700334,8.21916852046216,7.70735913208088,7.45121111183233,7.91288933622996,8.28540221886225,8.61102479730735,8.46352437327118,9.19721669311005,7.89481776330794,8.78135971352466,8.21431912080077,7.82017896241519,8.50382573799575,8.39660478118186,8.18982455888002,8.19475685442225,8.85798099512757,8.18487534290828,8.09275714091985,8.33985000288462,8.51569983828404,8.49185309632967,8.87344411251538,8.2045711442492,8.34119502786559,7.88289822886946,8.35602521340791,8.34387665911629,0.45829679899613,0.0121485542916169,-0.0148301855423227,-0.460978430246835
"MID_95",7.97154355395077,8.84235034341381,8.17492568250068,8.89178370321831,8.36194377373524,7.66533591718518,7.58496250072116,8.81378119121704,8.0389189892923,7.88264304936184,7.88264304936184,8.11374216604919,6.89481776330794,6.4594316186373,7.64385618977472,7.7279204545632,7.17990909001493,7.31288295528436,6.35755200461808,6.39231742277876,6.62935662007961,6.59991284218713,6.76818432477693,6.68650052718322,7.78790255939143,7.29462074889163,7.76155123244448,8.08214904135387,7.65105169117893,7.76155123244448,6.89481776330794,7.31288295528436,7.22851896199462,7.9584962241224,7.05438831885122,7.75743621938758,-0.729977262127782,-0.703047900536363,0.1741306431434,0.201060004734819
"MID_96",13.9244413923392,14.5871328935562,13.4718022066056,13.3100446796475,13.2047239640196,14.1850302631813,13.1352283075899,15.1595560280588,13.232570825357,12.1494295900567,14.3844465063412,13.8052400498867,13.2488170592785,13.5247865508516,12.3616696794928,13.6316318059176,13.2285180977162,13.2992080183873,14.1784314366809,12.4961047793401,14.3290955585689,12.6750749203854,13.1758613835653,13.6793701338024,13.2976327891425,12.9870863293282,13.8342735152347,13.646333693381,14.4588551427103,14.2691266791494,13.3578268822108,11.7427304765192,13.7074604937341,13.5024644706485,13.1679400376972,13.5913441869385,0.204996023085538,-0.423404149241309,0.539520456036843,-0.0888797162900037
"MID_97",14.5517082616207,13.6958807502576,14.1841779957389,14.1702380523366,13.8227699744443,14.54791873756,12.1683587272239,12.199365616858,11.7502882675917,12.2943335596718,12.0911047583765,11.5588989811467,13.0686103567793,12.7225940989566,13.9431558049393,12.4138923283726,13.752589717641,12.0983611273321,13.943613701614,11.5722265127937,13.4316281826209,12.427312844135,11.7372473430277,13.4356702609366,14.4120405145517,14.3650921203465,14.2703683355073,14.6298119443822,12.0590063952011,11.2306209331299,12.5724633890837,11.3955341354623,14.069746437137,13.9707832945908,11.8563445075476,12.1441330517255,0.0989631425461699,-0.28778854417792,2.2134019295894,1.82665024286531
"MID_98",11.8564255286255,10.4542992936199,11.5693809595223,11.9476369379518,11.5439984501345,12.6190736468177,12.9494619793602,12.7905521378054,13.2132561382479,12.3097605447296,12.2237000759863,12.2390017577656,8.01122725542325,12.9019981856685,11.0947375050481,12.9666856874036,11.334831928118,11.4660764613963,12.1671044823799,12.0122753448561,11.9833499276765,12.3548003443506,12.0927571409199,11.0484868739923,12.1873520732005,11.3060616894283,11.5938579388582,11.1984450414524,13.1168312758987,13.0911047583765,13.5556675918407,13.0537562225621,11.6406654324269,11.159067945029,12.7538846684007,12.5622769964848,0.481597487397858,0.191607671915847,-1.11321923597379,-1.4032090514558
"MID_99",11.6843103111243,7.54689445988764,10.3901689562002,10.2550285698187,9.66355810421727,8.33091687811462,6.4093909361377,6.28540221886225,6.3037807481771,6.68650052718322,6.8073549220576,6.88264304936184,10.5497846679479,7.52356195605701,9.2644426002266,8.29001884693262,9.15734693536284,6.98868468677217,10.9964734887332,6.61470984411521,11.8807314351417,7.49984588708321,8.59245703726808,11.103287808412,11.1452953349336,12.0867996856235,11.2124963851939,9.59058704991503,6.95419631038687,6.4093909361377,7.38370429247405,7.05528243550119,11.1450958839933,9.64916127587779,7.21565524899519,6.90859309906017,1.49593460811549,0.307062149935019,3.92944063499809,2.74056817681762
"MID_100",9.63481105017172,7.99435343685886,8.34872815423108,9.27379559921426,9.18239435340453,8.94836723158468,8.81378119121704,9.56795607541547,9.22881869049588,8.64024493622235,8.73809225962049,9.03617361255349,9.77807712953536,10.5526690975143,10.2550285698187,10.4429434958487,10.0209799389042,10.0741414627525,9.7176764230664,9.12153351734003,10.4136279290242,9.54689445988764,10.2179576978641,9.84077792359505,9.20945336562895,9.37721053038855,8.95419631038687,9.62570884306447,9.06608919045777,9.03342300153745,8.6724253419715,9.01402047031493,9.59123590359349,9.27072616263594,9.23890623991049,9.45498009129336,0.320509740957558,-0.216073851382868,0.352329663683005,-0.184253928657421
"MID_101",15.4051082148034,14.7766386470736,15.4120405145517,15.4752584487821,15.3538360220147,15.3013532902188,15.6122637929149,15.4124706118002,15.3664929777,15.3790060018886,15.2739048460149,15.405905963389,10.7219536128014,10.3976746329483,10.6183855022586,10.0292872269682,11.0848083878044,9.7714894695006,9.87805091272854,9.92481250360578,8.71080643369935,10.3365065598103,9.34872815423108,9.32192809488736,15.3006028078858,15.0562990145503,14.8085117539546,15.490788214893,15.2690170699127,14.5401885936847,14.820278702817,14.9427435736366,12.6524267475142,13.7943758489232,12.7403250225283,13.6276106136805,-1.14194910140903,-0.887285591152224,-0.0878982750141493,0.166765235242652
"MID_102",8.93663793900257,9.19967234483636,8.88874324889826,9.33985000288462,9.21431912080077,8.89784545600551,8.51963625284321,9.98726401207254,8.71080643369935,9.13699111208023,9.02513956227851,9.45532722030456,7.876516946565,6.83289001416474,7.78135971352466,8.5274770060604,8.32192809488736,7.44294349584873,7.12928301694497,7.72109918870718,6.74146698640115,7.15987133677839,7.71424551766612,6.97727992349992,9.43254190038826,8.76818432477693,8.80413102118332,8.17990909001493,8.85798099512757,8.64024493622235,8.59618975614441,8.62935662007961,8.00468518045849,8.71743031860057,8.18842690724652,8.62649723437247,-0.712745138142074,-0.438070327125955,-0.183741726788025,0.0909330842280944
"MID_103",7.59245703726808,5.83289001416474,7.22881869049588,7.91886323727459,7.48381577726426,7.29462074889163,7.28540221886225,7.27612440527424,7.49984588708321,7.07681559705083,7.86418614465428,6.93073733756289,6.76818432477693,6.82017896241519,7.14974711950468,7.34872815423108,7.876516946565,6.62935662007961,6.4757334309664,5.7279204545632,7.62935662007961,6.84549005094437,5.90689059560852,7.467605550083,7.96578428466209,6.94251450533924,6.76818432477693,7.62205181945638,7.6724253419715,6.96578428466209,7.4178525148859,6.78135971352466,7.26731864790909,7.2384348773562,6.75967470802289,7.19237503635706,0.0288837705528913,-0.432700328334172,0.5076439398862,0.0460598409991366
"MID_104",7.90689059560852,6.93073733756289,7.63662462054365,7.76155123244448,7.61470984411521,7.62205181945638,7.18982455888002,8.09275714091985,7.63662462054365,7.33985000288462,7.28540221886225,7.91288933622996,10.7151040092362,10.7030383889864,10.6934869574993,11.0552824355012,10.3465137331656,10.6917435191713,9.91288933622996,10.2021238238305,9.54109661534952,10.1661630826461,10.3320365483617,9.67948009950545,7.89481776330794,7.04439411935845,6.8703647195834,8.61838550225861,7.72109918870718,6.95419631038687,7.56224242422107,7.2667865406949,8.50877545079905,8.58085223884803,8.60066398840689,8.65637913577547,-0.0720767880489799,-0.0557151473685771,-0.0918885376078453,-0.0755268969274425
"MID_105",8.88874324889826,7.60733031374961,8.8008998999203,7.58496250072116,7.58496250072116,8.08214904135387,8.52356195605701,9.4241662888181,8.17990909001493,9.17492568250068,9.44914864537544,8.67948009950545,7.13955135239879,7.37503943134692,8.04984854945056,7.02236781302845,7.08746284125034,7.83920378809694,6.33985000288462,6.59991284218713,6.93073733756289,7.61470984411521,7.70735913208088,7.56985560833095,7.77478705960117,7.91288933622996,6.83289001416474,7.35755200461808,8.02790599656988,8.68299458368168,7.59991284218713,8.47167521439204,7.24550876619892,7.86954558316267,7.81492435074485,8.40753364386044,-0.624036816963756,-0.592609293115585,-0.569415584545935,-0.537988060697764
"MID_106",7.33985000288462,6.55458885167764,7.2667865406949,6.90689059560852,6.24792751344359,7.29462074889163,6.56985560833095,6.98868468677217,7,6.56985560833095,7.01122725542325,5.32192809488736,7.16992500144231,5.61470984411521,8.24317398347295,7.55458885167764,7.45121111183233,6.64385618977472,6.76818432477693,6.32192809488736,7.16992500144231,7.09803208296053,7.12928301694497,6.74146698640115,6.96578428466209,6.58496250072116,6.10852445677817,7.37503943134692,6.53915881110803,5.78135971352466,5.49185309632967,6.12928301694497,6.81626956944696,7.16388603888316,6.3558425475286,6.58607845992358,-0.347616469436205,-0.230235912394985,0.460427021918361,0.577807578959582
"MID_107",8.56605403817109,7.14974711950468,8.42206476617281,8.20945336562895,8.33091687811462,8.47167521439204,8.75488750216347,8.42206476617281,9.04439411935845,8.86108690599539,8.29001884693262,7.96000193206808,8.12928301694497,9.84235034341381,9.34872815423108,9.64205169292798,9.17242750864548,9.00281501560705,8.18982455888002,9.1548181090521,9.9957671508778,9.58871463558226,8.70735913208088,9.43879185257826,9.27612440527424,9.95128471496697,9.01122725542325,9.14720492494223,9.70390357344466,9.70390357344466,10.1711767976518,9.36632221424582,9.2871749804204,8.42226111797841,9.48517114792888,8.86885234718219,0.864913862441982,0.616318800746695,-0.197996167508485,-0.446591229203772
"MID_108",10.6017707884077,8.76487159073609,9.97727992349992,10.2900188469326,10.5323559252888,10.6537407787066,10.1922928144708,10.0084286220706,10.5166849493096,9.93516504960369,10.1972166931101,9.86108690599539,9.90237511448603,14.1345065390227,11.0953970227926,10.9715435539508,11.8814963848101,10.2550285698187,10.7952279660287,9.62388149001346,11.6537407787066,10.7304701371842,9.83605035505807,11.2027360432502,10.9031286768123,11.0606959316876,10.3185428097027,11.8513586490335,11.078817949962,10.3837042924741,11.6519486107234,10.8955752823807,11.1122044078888,10.41103404174,10.600064016828,10.674661521928,0.701170366148741,-0.0745975051000514,0.512140391060802,-0.26362748018799
"MID_109",9.70217268536555,8.84549005094438,9.41996017784789,9.67065624911844,9.27612440527424,9.2644426002266,9.55650605467193,9.25029841790633,9.18982455888002,9.20945336562895,9.19967234483636,9.3151495622563,8.11374216604919,8.28540221886225,8.58496250072116,8.75488750216347,7.77478705960117,8.01680828768655,7.48381577726426,6.28540221886225,9.09803208296053,8.2240016741981,7.86418614465428,7.33985000288462,9.31288295528435,8.76487159073609,8.82017896241519,9.66355810421727,9.53332973230583,8.53915881110803,8.68650052718322,8.71424551766612,8.64045563939462,8.96137087723874,8.26383208942541,8.97533359032135,-0.320915237844119,-0.711501500895945,0.37662354996921,-0.0139627130826163
"MID_110",8.52356195605701,7.82654848729092,8.87958324961278,8.89784545600551,8.86108690599539,7.97727992349992,8.55074678538324,9.43671154213721,8.70735913208088,8.43045255166553,8.47167521439204,8.70043971814109,8.1548181090521,8.39231742277876,8.75488750216347,8.39231742277876,8.04439411935845,8.19475685442225,8.75488750216347,8.12412131182919,8.35755200461808,8.8073549220576,8.29920801838728,8.22881869049588,8.63299519714296,8.65463602852797,9.98156728190301,9.35974956032233,8.75822321472672,8.48784003382305,8.91886323727459,8.5077946401987,8.85288660931053,8.43555618989284,8.55762933975673,8.58630851597553,0.41733041941769,-0.0286791762187981,0.295257269553796,-0.150752326082692
"MID_239",7.02236781302845,6.97727992349992,7.16992500144231,7.44294349584873,7.09803208296053,8.33091687811462,7.44294349584873,8.51175265376738,9.32192809488736,8.25266543245025,7.60733031374961,7.467605550083,6.85798099512757,6.7279204545632,7.48381577726426,8.62205181945638,7.11894107272351,8.6724253419715,6.4093909361377,7.34872815423108,8.8008998999203,8.62935662007961,7.40087943628218,8.18487534290828,7.69348695749933,7.53138146051631,7.38370429247405,7.7279204545632,8.64024493622235,8.95710204156229,9.68299458368168,8.16992500144231,7.67595133485988,7.2780225600011,8.40417582478593,8.06962479519749,0.397928774858784,0.334551029588441,-0.728224489926046,-0.791602235196389
