metabolite,new_name,HMDB,KEGG,pathway,II_SC_1_Tcells,II_SC_2_Tcells,II_SC_3_Tcells,II_SC_4_Tcells,II_SC_6_Tfhcells,II_SC_7_Tfhcells,II_SC_8_Tfhcells,II_SC_9_Th1cells,II_SC_10_Th1cells,II_SC_11_Th1cells,II_SC_12_Th1cells,II_SC_13_Th17cells,II_SC_14_Th17cells,II_SC_15_Th17cells,II_SC_16_Th17cells,ttest_pval_TactvsTfh,ttest_tscore__TactvsTfh,padj_lim_ttest_tscore__TactvsTfh,ttest_pval_Th17vsTfh,ttest_tscore__Th17vsTfh,padj_lim_ttest_tscore__Th17vsTfh,ttest_pval_Th1vsTfh,ttest_tscore__Th1vsTfh,padj_lim_ttest_tscore__Th1vsTfh,ftest_pval,ftest_fscore,padj_lim_ftest_fscore
Glycerol_3-phosphate,Glycerol_3-phosphate,HMDB00126,C00093,Glycerolipid metabolism,25.0176261,25.16150333,25.20865793,25.03100677,24.38682581,24.45464961,24.57728167,24.50980414,24.84456959,24.9505356,24.85006716,24.88783159,25.17971436,24.98419138,25.02232464,0.000340439,8.653883078,0.004072177,0.001410791,6.369358022,0.003510048,0.050068397,2.569455428,0.099186019,0.000358764,14.75375697,0.000684513
3-methyl-2-oxobutanoate,3-methyl-2-oxobutanoate,HMDB00019,C00141,Methionine Metabolism,23.52814356,23.63423255,23.3981834,23.49734998,23.03642403,22.95975406,23.10021824,22.97338177,23.11404221,23.02445347,23.01741957,23.14028273,23.08921449,22.95822917,23.05570927,0.000793972,7.221619719,0.006673653,0.633997314,0.506571253,0.675250564,0.997004553,0.003945474,0.997004553,5.40E-06,36.2052196,1.45E-05
N-Carbamoyl-L-aspartate,N-Carbamoyl-L-aspartate,HMDB00828,C00438,Pyrimidine metabolism,20.83065634,20.96190806,20.98049143,20.61386156,19.22157873,19.16485697,19.35760702,24.6301059,24.7365209,24.67474493,24.61993572,24.06771885,24.22235987,24.16508852,24.09568894,2.89E-05,14.42606901,0.000802549,6.82E-09,77.40494491,1.06E-06,2.50E-09,94.64354749,7.76E-07,2.11E-15,2059.092246,3.63E-13
(R)-2-hydroxy-4-methylpentanoate,(R)-2-hydroxy-4-methylpentanoate,HMDB00624,C03264,,20.77068497,20.38539819,20.52058182,20.17142099,19.68438906,19.86355451,19.67738823,19.39744241,20.08828161,19.41711721,19.17388387,18.57641787,18.85579741,18.79545965,18.6942887,0.00590762,4.587389276,0.030621162,9.02E-05,-11.41784884,0.000406675,0.394863282,-0.930411087,0.51597681,1.20E-05,30.77925704,3.03E-05
2-aminomuconate,2-aminomuconate,HMDB01241,C02220,Tryptophan metabolism,17.76020787,17.25297686,18.01253605,17.26375089,19.86282621,19.64935319,19.20409907,18.08963704,18.5709161,17.89334201,17.96322414,17.28243681,17.42341398,18.73159549,17.06979867,0.000779964,-7.249465563,0.006673653,0.009230419,-4.113705082,0.018520389,0.001931498,-5.939641347,0.011123995,0.000895875,11.87595015,0.001592098
2-oxoadipate,2-oxoadipate,HMDB00225,C00322,Tryptophan metabolism,17.08647181,17.40637619,17.35941481,16.4730899,19.02848508,19.15342184,19.11622206,18.34486695,18.80417037,18.65518892,18.62729824,17.7145845,17.23783352,17.65815038,17.44834324,0.000526955,-7.886740801,0.00499432,7.13E-05,-11.98599567,0.000341134,0.008661672,-4.179196965,0.031323023,2.43E-06,42.48253918,7.00E-06
L-cystathionine,L-cystathionine,HMDB00099,C02291,Methionine Metabolism,19.50072792,19.63179557,19.41006949,19.41927204,17.65817115,18.13041943,17.39358742,17.38718945,17.23801241,16.91785096,17.28707814,17.67819662,17.61800467,17.7318275,17.66567185,0.00024599,9.266898032,0.003194927,0.779236532,-0.295851714,0.805124789,0.061605443,-2.400201496,0.116824957,2.88E-08,100.0860516,1.66E-07
N2-Formyl-N1-(5-phospho-D-ribosyl)glycinamide,N2-Formyl-N1-(5-phospho-D-ribosyl)glycinamide,METPA0491,C04376,Purine metabolism,21.75279325,21.86285682,21.97374287,22.15785864,21.14827456,21.15939544,20.58353965,18.3409935,18.83064031,19.07774378,19.15167467,20.36032247,20.41568323,20.52356499,20.67028658,0.003626018,5.146332741,0.021277202,0.045892979,-2.641505149,0.069285031,0.000534375,-7.863207782,0.004887962,3.84E-08,94.80333796,2.13E-07
(4-hydroxy-3-methoxyphenyl)acetaldehyde,(4-hydroxy-3-methoxyphenyl)acetaldehyde,HMDB05175,C05581,Tyrosine metabolism,19.07890264,18.89754886,18.75509269,18.78612503,18.08947628,18.5106743,18.23028834,18.04328053,17.74614329,17.21089931,17.76700931,17.58524249,17.28786517,17.30787716,17.24299721,0.006619241,4.463455455,0.032675936,0.001157837,-6.6523195,0.003051587,0.052021702,-2.537978868,0.101753141,8.42E-06,33.09579172,2.20E-05
(R)-Pantothenate,(R)-Pantothenate,HMDB00210,C00864,Pantothenate and CoA biosynthesis,27.20775474,27.2275263,26.98914028,26.9935971,26.27818806,26.65396018,26.01384071,26.45142241,26.03927359,25.97404871,26.02970464,26.56583499,26.40513444,26.40039259,26.54211577,0.006136897,4.545646186,0.031288114,0.365383603,0.99508189,0.413215638,0.388000449,-0.945108006,0.513481445,0.000139863,18.25854354,0.000284297
3-Deoxy-D-glycero-D-galacto-2-nonulosonic_acid,3-Deoxy-D-glycero-D-galacto-2-nonulosonic_acid,HMDB00425,,Sialic acid metabolism,21.99589261,22.03855443,22.14787693,22.09759961,22.92488817,22.96536675,22.8333395,22.17402771,22.52549264,22.41516438,22.54123029,22.22013172,22.35877801,22.32484318,22.44078147,1.55E-05,-16.36926033,0.000689621,0.000275129,-9.051430668,0.000910266,0.005421392,-4.682504647,0.023417401,7.78E-06,33.63405403,2.07E-05
N(omega)-(L-Arginino)succinate,N(omega)-(L-Arginino)succinate,HMDB00052,C03406,Arginine and Proline Metabolism,25.46912448,25.50506365,25.43511356,25.39009582,23.47947634,23.53067731,23.31818451,22.86894903,22.91869928,22.95766057,22.94340461,22.53385529,22.54784235,22.49851474,22.52733726,4.84E-07,32.94926341,7.29E-05,1.42E-05,-16.66515324,0.000108029,0.000293842,-8.926894635,0.00336878,2.71E-15,1967.669127,3.63E-13
3(S)6(R)-dihydroxy-tetradec-8Z-enoate/3(S)6(S)-dihydroxy-tetradec-8Z-enoate,3(S)6(R)-dihydroxy-tetradec-8Z-enoate/3(S)6(S)-dihydroxy-tetradec-8Z-enoate,,,,25.54113925,25.58605604,25.35539867,25.43805775,24.67225777,24.80516469,24.22147408,24.2393575,23.55708805,23.56812035,23.7707553,21.50054957,21.33555985,21.26062642,21.17517379,0.002299421,5.711257993,0.014898332,7.01E-06,-19.23248801,7.54E-05,0.022364152,-3.263285018,0.060480445,2.85E-10,236.9293405,4.22E-09
C4H8O3(3),C4H8O3(3),,,,24.21536587,24.17531617,24.13152125,24.04356149,23.50691639,23.59709736,23.43092483,23.55963536,23.60194356,23.45385146,23.35859489,23.29610229,23.36777402,23.21717379,23.19624821,0.000127892,10.62223683,0.002281471,0.010884631,-3.946882947,0.02051588,0.821243482,-0.238113502,0.883760287,1.54E-07,72.77547601,6.30E-07
itaconate/Mesaconate,itaconate/Mesaconate,HMDB02092,C00490,cis-Aconitate derivatives,24.44134712,24.35239621,24.27021109,24.26488663,24.64432739,24.68907084,24.51751181,24.036436,24.07349102,24.03741564,23.99476313,23.62392916,23.65034342,23.68074363,23.58593376,0.007278389,-4.361732897,0.034824293,5.81E-06,-19.97882916,7.22E-05,6.12E-05,-12.36723539,0.001190226,2.73E-09,155.6797203,2.29E-08
L-arabinitol/xylitol/D-ribitol,L-arabinitol/xylitol/D-ribitol,,,Ascorbate and aldarate metabolism/Pentose and glucuronate interconversions,23.68694612,23.61574078,23.55108227,23.4946303,24.11225923,24.20717088,23.95536032,23.58183544,23.4323413,23.37531872,23.50843337,22.54723348,22.64597695,22.56583512,22.62961363,0.001364116,-6.416827555,0.010347316,3.54E-06,-22.0828802,5.00E-05,0.000629455,-7.592136945,0.005151596,1.19E-09,181.8444016,1.19E-08
L-xylonate/L-lyxonate,L-xylonate/L-lyxonate,HMDB60256,C05411,Ascorbate and aldarate metabolism/Pentose and glucuronate interconversions,24.78746224,24.92240371,24.80700376,24.78144586,25.19689322,25.31806828,25.07073184,24.6613825,24.60434127,24.44131331,24.51175726,23.73083893,23.70581132,23.8252559,23.62843055,0.003494541,-5.190513576,0.021217898,7.04E-06,-19.21478825,7.54E-05,0.000585328,-7.711433029,0.00505658,1.67E-09,170.7478335,1.48E-08
3-methyl-2-oxopentanoate/4-methyl-2-oxopentanoate(ketoleucine),3-methyl-2-oxopentanoate/4-methyl-2-oxopentanoate(ketoleucine),HMDB00491,C03465,,26.38216412,26.53814249,26.21026808,26.34727131,24.9801171,25.09906931,24.87186066,24.94955188,24.36700736,24.44346682,24.38952967,24.95013774,24.63251695,24.42169319,24.81481435,2.99E-05,14.31909263,0.000802549,0.114960119,-1.906099089,0.154106022,0.049113419,-2.585337335,0.099186019,2.71E-07,65.27977604,1.04E-06
N-acetyl-L-aspartate/2-Amino-3-oxoadipate,N-acetyl-L-aspartate/2-Amino-3-oxoadipate,HMDB00812,C01042,Aspartate Metabolism,23.45092173,23.37461225,23.50950487,23.20928859,26.46621616,26.49577613,26.26028128,24.82442317,24.30304485,24.11703735,24.37644834,24.01210505,24.04805888,24.01183243,23.93604468,7.03E-07,-30.56779487,7.29E-05,3.39E-07,-35.39624089,1.63E-05,0.000126311,-10.64969524,0.002032294,1.64E-09,171.1448743,1.48E-08
3-Keto-beta-D-galactose/L-Gulonolactone,3-Keto-beta-D-galactose/L-Gulonolactone,HMDB01385,C05394,Ascorbate and aldarate metabolism/Pentose and glucuronate interconversions,19.06699509,19.68422947,19.34626035,19.43576808,20.35555439,20.33848543,20.02349954,19.43327313,19.83756107,19.70145505,19.87332532,19.01484091,19.25717287,19.5150111,19.16587165,0.004590005,-4.870715485,0.025526592,0.001268962,-6.519826401,0.003288725,0.016397607,-3.549420217,0.047660334,0.000435188,14.10620489,0.000815322
C6H12O6(5),C6H12O6(5),,,,28.59475321,28.5698568,28.48770771,28.39042849,29.07339071,29.18909204,29.02115075,28.14982978,28.07393364,28.0932216,28.08945551,27.88147425,27.91833605,27.90116207,27.89637214,0.000368194,-8.51158557,0.004241048,1.06E-06,-28.13765422,3.00E-05,3.93E-06,-21.618067,0.000163362,3.07E-10,233.6539409,4.34E-09
gulonate,gulonate,HMDB03290,C00800,Ascorbate and aldarate metabolism/Pentose and glucuronate interconversions,25.61502866,25.87700274,25.76862697,25.80829009,26.73554143,26.93970163,26.50754718,25.93483101,25.95490665,25.76102614,26.0570077,25.12348749,25.05494228,25.15055543,25.18188525,0.000559328,-7.786829808,0.005116207,2.68E-05,-14.64861112,0.000157167,0.001490241,-6.292668327,0.009087551,5.57E-08,88.33204805,2.67E-07
Methylisocitric_acid/2-methylcitrate,Methylisocitric_acid/2-methylcitrate,HMDB06471,C04593,,21.9706503,21.94247436,21.8743202,21.77307692,21.32770649,21.58139709,21.39301684,21.19109129,21.04866229,21.08847579,21.05616704,20.54586833,20.42227319,20.59260871,20.52624551,0.002608574,5.550322847,0.01655646,7.33E-05,-11.91822816,0.000345342,0.006205995,-4.533420232,0.025428,1.84E-09,167.5792811,1.59E-08
D-Glucuronate_1-phosphate,D-Glucuronate_1-phosphate,HMDB03976,C05385,Pentose and glucuronate interconversions,19.70937564,19.85682849,18.8429455,19.40132856,17.84684129,18.3575752,18.09048791,18.39928434,18.29565886,17.41927352,18.28394094,18.81856001,17.69095217,19.24265467,18.46756295,0.005696301,4.627565135,0.030026264,0.313958482,1.11910004,0.362978022,0.996834459,0.004169515,0.997004553,0.008867804,6.444519865,0.013195632
myo-inositol,myo-inositol,HMDB00211,C00137,Inositol Phosphate Metabolism,28.53776286,28.51521913,28.42663993,28.33989159,29.02154078,29.12983251,28.94866071,28.09214917,28.00607423,28.03544246,28.03955695,27.83625812,27.84935438,27.85229866,27.85164478,0.000403349,-8.348633501,0.004338977,1.35E-06,-26.79551861,3.51E-05,5.42E-06,-20.25990395,0.000187225,3.61E-10,226.6722478,4.88E-09
uracil,uracil,HMDB00300,C00106,,23.24885033,23.06133468,23.22352143,22.84348299,24.16804532,24.34525614,24.1733249,24.37834763,24.35774347,24.39423853,23.76823404,25.62941908,25.83627324,25.66776312,25.66758963,0.000229991,-9.398564486,0.003194927,5.65E-06,20.09121196,7.22E-05,0.982781214,-0.022682105,0.992353758,1.26E-08,117.0273391,7.84E-08
aspartate,aspartate,HMDB00191,C00049,Aspartate Metabolism,28.75309011,28.8470987,28.83888882,28.68674515,29.44282421,29.46767307,29.52011533,29.18341669,29.39483965,29.33332853,29.281414,30.60572429,30.70874081,30.5638508,30.56909357,3.10E-05,-14.22115747,0.000802549,1.65E-06,25.73542513,3.63E-05,0.024700758,-3.17411075,0.06479846,8.63E-12,450.8633061,2.22E-10
_guanosine_,_guanosine_,HMDB00133,C00387,Purine metabolism,23.07219505,22.88167157,23.00671774,22.5169426,24.05326915,24.13329138,24.13618145,22.60242464,23.27647269,22.60744532,22.16889349,24.8080071,25.01155655,24.85269821,25.12298232,0.000404599,-8.343154876,0.004338977,0.000222833,9.461049805,0.00076155,0.003144336,-5.318379771,0.016045469,5.42E-07,57.06987778,1.92E-06
_Thymidine_,_Thymidine_,HMDB00273,C00214,Pyrimidine metabolism,20.86407696,20.79031605,20.7251409,20.52963081,19.98585696,20.05373105,19.92918241,19.2649758,19.33255344,19.38987275,19.15648819,17.99596024,18.79807125,18.03491973,18.17395565,0.000441349,8.19047272,0.00457532,0.00055113,-7.811470172,0.001597675,0.000130694,-10.57455485,0.002032294,4.17E-08,93.33491923,2.24E-07
lactate,lactate,HMDB00190,C00186,Glycolysis,33.43898098,33.56072315,33.32084394,33.25354472,33.00864842,33.1292483,32.93858833,32.71442571,32.70095506,32.574115,32.49522273,28.55983846,28.8798672,28.6403793,28.60499338,0.010590305,3.974336014,0.047051213,1.01E-07,-45.10494066,1.05E-05,0.00345572,-5.20393175,0.016792639,3.51E-14,1233.123174,2.65E-12
2-oxoglutarate(2-),2-oxoglutarate(2-),HMDB00208,C00026,TCA cycle,24.59474105,24.50247013,24.5492798,24.15781306,23.17421315,23.51438662,23.82015323,23.71340201,24.26921987,24.03987413,23.60670277,23.25490286,22.91478356,22.30858111,23.17655131,0.004678507,4.848859618,0.025526592,0.104831263,-1.978108844,0.144472674,0.149990756,1.699410373,0.234407663,0.000257865,15.91492663,0.000504377
succinate(2-),succinate(2-),HMDB00254,C00042,TCA cycle,28.70247633,28.66558353,28.60492297,28.56504597,27.95641841,28.04972512,27.81910998,27.32749096,26.76432238,26.42545797,26.55737192,26.47227678,26.60787743,26.43502649,26.6326914,0.000143106,10.37708266,0.002342425,1.14E-05,-17.42916212,0.000101255,0.004677791,-4.84903457,0.020490042,1.07E-07,78.02475655,4.56E-07
fumarate,fumarate,HMDB00134,C00122,TCA cycle,27.3484684,27.3766077,27.27570536,27.26167938,26.53741776,26.60219385,26.46394202,26.03704049,26.0604975,26.0865841,26.12729614,26.13901716,26.17853922,26.06237873,26.1750795,1.43E-05,16.6470751,0.000689621,0.000357665,-8.564018928,0.001135038,9.58E-05,-11.27650255,0.001753191,9.26E-12,445.0747765,2.22E-10
malate(2-),malate(2-),HMDB00156,C00149,TCA cycle,30.05178181,30.11510379,29.95153787,30.0257571,29.16798823,29.29450364,28.99319639,28.53820901,28.53270205,28.58436976,28.67201658,28.11927703,27.9467617,28.03482837,28.19387495,0.000128632,10.60953103,0.002281471,0.000100518,-11.16576905,0.000428235,0.000969086,-6.915973707,0.00704106,9.15E-11,292.0892662,1.67E-09
2-Hydroxyglutarate,2-Hydroxyglutarate,HMDB00694,C02630,TCA cycle,25.23850103,25.18268445,25.31772907,25.2436625,25.70439792,25.76786041,25.58376113,24.86426089,24.99094969,24.95253223,24.95997036,24.36419107,24.41178067,24.44842647,24.32469256,0.000529944,-7.877213849,0.00499432,2.63E-06,-23.44264121,4.16E-05,4.14E-05,-13.40439395,0.000857398,1.69E-10,260.9158853,2.63E-09
2-aminoacrylic_acid,2-aminoacrylic_acid,HMDB03609,C02218,Methionine Metabolism,25.12808431,25.17546271,25.16174565,25.10649078,25.50438642,25.56356395,25.57544114,25.41871007,25.5407649,25.61656463,25.53588179,26.67881894,26.79993276,26.72211264,26.74955763,2.04E-05,-15.48643851,0.000713222,4.26E-07,33.80080011,1.63E-05,0.717249244,-0.383305498,0.796658982,1.49E-12,621.6146555,5.79E-11
N-Methylethanolamine_phosphate,N-Methylethanolamine_phosphate,,C01210,Phosphatidylethanolamine Biosynthesis,19.74624455,19.58205482,19.53969916,19.54585266,19.0040012,18.95494687,19.06699013,21.3699317,21.26592246,21.36089297,21.41058629,22.42982533,22.44911809,22.48662081,22.54979961,0.000233313,9.370348236,0.003194927,4.58E-09,83.82181856,1.06E-06,5.08E-08,51.78183379,7.90E-06,3.50E-15,1878.169402,3.63E-13
2-keto-4-methylthiobutyrate,2-keto-4-methylthiobutyrate,HMDB01553,C01180,,20.90663449,20.9211865,20.72753121,20.64996777,20.19876085,20.34685134,20.18354233,20.33276341,19.92756057,19.66840647,19.75082567,21.11150651,20.9805853,21.03545125,21.13990374,0.00162406,6.173808403,0.011746109,4.03E-05,13.47519371,0.000212445,0.133052703,-1.79240279,0.211119339,7.91E-06,33.51843956,2.08E-05
choline_phosphate,choline_phosphate,HMDB01565,C00588,Phosphatidylcholine Biosynthesis,32.04483171,32.06186067,31.89092157,31.91106681,31.58523894,31.66679627,31.47881854,31.14930192,31.15927662,31.19449155,31.24545822,31.15893598,31.17637334,31.20857717,31.19313269,0.002208335,5.763577787,0.0146126,0.000412432,-8.309267522,0.00127572,0.00068501,-7.455326673,0.005462517,7.30E-09,129.5958807,4.83E-08
citr_L[e],citr_L[e],,,,23.65643909,23.61878428,23.58678154,23.47796319,22.20020401,22.47845478,22.08397478,23.7756501,23.42960851,23.64671145,23.53125514,23.30864201,23.25978691,23.30291057,23.34371315,6.22E-05,12.32758057,0.001289562,0.000135587,10.49413906,0.00051424,0.000157018,10.17868917,0.002219664,7.11E-08,84.32443984,3.11E-07
sn-Glycero-3-phosphocholine,sn-Glycero-3-phosphocholine,HMDB00086,C00670,Phosphatidylcholine Biosynthesis,32.30252236,32.31979573,32.11197596,32.13715564,32.77991479,32.87052848,32.61845992,31.9845979,31.71580698,31.93191718,31.97114631,32.07782231,32.03758781,32.11943699,32.05213672,0.00177863,-6.05011129,0.012571679,0.000135542,-10.49486763,0.00051424,0.000303299,-8.867502137,0.00336878,2.66E-06,41.73020244,7.59E-06
5-Methylthioadenosine,5-Methylthioadenosine,HMDB01173,C00170,Methionine Metabolism,25.170203,25.62140886,25.1482978,25.31535649,24.12096461,24.37520933,24.33566401,24.58150534,23.71425256,23.51237157,24.3605318,24.98053228,24.60379629,24.80499258,25.18425992,0.000830642,7.151394837,0.006798151,0.012194032,3.83431248,0.022708647,0.480915096,-0.761129573,0.600661023,0.000730847,12.47565779,0.001321473
NeuNGc,NeuNGc,,C03410,Sialic acid metabolism,19.95500613,20.2506239,20.31047658,20.2941127,19.40833421,19.41844693,19.54684384,19.03002371,18.69267765,19.16902467,19.0652219,18.95834981,19.00295684,18.59606283,18.89262943,0.000885286,7.053288162,0.007059592,0.003491917,-5.191414974,0.008044343,0.014417337,-3.671729288,0.044393978,1.08E-06,49.84973389,3.33E-06
CDP-ethanolamine,CDP-ethanolamine,HMDB01564,C00570,Phosphatidylethanolamine Biosynthesis,16.95418652,15.60354356,17.1330624,16.52010821,18.8448776,18.73160854,18.30454131,19.62969409,20.03646417,20.30340132,19.98545248,22.1070334,22.02531613,22.18052864,22.04933291,0.004639167,-4.85851473,0.025526592,2.28E-06,24.12182205,4.16E-05,0.001417467,6.36272038,0.008882104,6.90E-09,130.9681785,4.77E-08
C4H9NO2(4),C4H9NO2(4),,,,25.13284982,25.08731156,25.04644543,25.03142536,25.42313101,25.31722736,25.39732445,24.70173123,24.6478346,24.69619655,24.69014066,24.43450434,24.52273112,24.54492887,24.51516357,0.000481325,-8.040658886,0.004828779,3.30E-06,-22.39738676,4.88E-05,2.96E-06,-22.88970108,0.000163362,1.13E-10,281.046342,1.95E-09
acetamidopropanal,acetamidopropanal,HMDB12880,C18170,,31.45986597,31.53079091,31.45929108,31.43462888,31.36063545,31.18994445,31.26398842,29.87529764,29.98210645,29.99646947,29.92171834,30.55004628,30.57257586,30.55345073,30.5188684,0.008891472,4.152153846,0.04066541,1.42E-05,-16.65800162,0.000108029,1.89E-06,-25.05092527,0.000147062,9.61E-13,673.9033029,4.27E-11
C6H11NO3(4),C6H11NO3(4),,,,22.39970434,22.54733806,22.47929696,22.60127227,23.08761258,22.94066274,22.74822765,22.5436634,22.63075391,22.75872187,22.76701562,22.3016906,22.35956723,22.5761279,22.43844275,0.007619028,-4.313264998,0.035901781,0.005420246,-4.682740388,0.011625493,0.060905136,-2.409453903,0.116205504,0.000948194,11.71265703,0.001666036
L-serine,L-serine,HMDB00187,C00065,Phosphatidylethanolamine Biosynthesis,26.42961905,26.42783391,26.40795527,26.25469013,26.01614093,26.18432391,25.99045748,25.84897831,25.85732987,25.88144444,25.90039763,25.90702055,25.92013063,25.91778127,25.94762812,0.006728971,4.445726793,0.032698594,0.042378061,-2.7079835,0.064605769,0.014984558,-3.634823546,0.04506289,1.07E-06,49.94943453,3.33E-06
choline,choline,HMDB00097,C00114,Phosphatidylcholine Biosynthesis,31.81980904,31.83451681,31.7796917,31.69739255,31.44090982,31.55413737,31.43246307,30.89045014,30.83686263,30.79311137,30.78388374,32.10419579,32.1652994,32.15176216,32.15127212,0.001519595,6.265546685,0.011252236,8.93E-06,18.31334585,8.41E-05,2.49E-05,-14.87290824,0.000594651,7.86E-12,458.6492372,2.22E-10
glycine_betaine,glycine_betaine,HMDB00043,C00719,Methionine Metabolism,31.07962588,31.12782599,30.99257353,31.00709911,30.73478179,30.81920541,30.66054254,30.80634232,30.73269659,30.67689621,30.73519618,30.85908031,30.80265959,30.87030783,30.88120917,0.002072986,5.84619852,0.01401519,0.045827567,2.642690449,0.069285031,0.993966866,-0.007946659,0.997004553,3.26E-05,24.99953516,7.57E-05
L-proline,L-proline,HMDB00162,C00148,,31.45986597,31.53079091,31.45929108,31.43462888,31.36063545,31.18994445,31.26398842,29.87529764,29.98210645,29.99646947,29.92171834,30.55004628,30.57257586,30.55345073,30.5188684,0.008891472,4.152153846,0.04066541,1.42E-05,-16.65800162,0.000108029,1.89E-06,-25.05092527,0.000147062,9.61E-13,673.9033029,4.27E-11
inosine,inosine,HMDB00195,C00294,Purine metabolism,22.3456621,22.15354253,22.00749682,21.90759519,23.0573082,23.1047436,22.91624207,22.09514131,21.1415705,21.09600106,22.18375538,25.58708659,25.28312372,25.81138902,25.92917446,0.00064595,-7.550067883,0.005739727,2.36E-05,15.03090305,0.000141175,0.010727724,-3.961410543,0.035874432,2.87E-08,100.142264,1.66E-07
thymine/imidazol-4-ylacetate,thymine/imidazol-4-ylacetate,HMDB00262,C00178,,24.49886616,24.50707942,24.20064044,24.2807814,23.69220552,23.70838678,23.25339399,22.98823327,22.52175107,22.5288052,22.5972292,21.49179021,22.20571763,21.30564828,21.60615122,0.003187692,5.301667017,0.019827446,0.000778292,-7.252827504,0.002086628,0.004375236,-4.92586273,0.019438548,1.47E-07,73.36526299,6.10E-07
(R)-carnitine,(R)-carnitine[C0],HMDB00062,C15025,Carnitine Synthesis,29.95900511,29.97198647,29.92972987,29.93269797,29.52414175,29.53775605,29.45689818,29.89280599,29.9741335,30.05739896,30.04467229,29.258342,29.28546621,29.33708207,29.25998836,9.00E-06,18.28185182,0.000559978,0.000741567,-7.328934003,0.002005456,0.000185748,9.828225462,0.002511633,8.42E-10,193.8277287,9.35E-09
O-acetylcarnitine,O-acetylcarnitine[C2],HMDB00201,C02571,FA b-oxidation,27.53607086,27.60927517,27.47888772,27.54780232,26.25996738,26.17135498,26.21304483,27.5916131,27.79332906,27.83629402,27.66275133,27.71820631,27.85503784,27.71349909,27.68170278,3.70E-07,34.77470416,7.29E-05,7.30E-07,30.33919225,2.27E-05,4.16E-06,21.36801546,0.000163362,1.27E-10,274.8625923,2.08E-09
propionyl-carnitine,propionyl-carnitine[C3],HMDB00824,C03017,FA b-oxidation,25.22785917,25.19156713,25.09017587,25.04583391,24.01149201,24.17549514,23.77697079,24.80829935,24.62148967,24.5715947,24.52648453,25.30901786,25.10037229,25.21142964,25.16092911,0.000132047,10.55197467,0.002281471,0.000108929,10.98160518,0.000445749,0.003173874,5.306964448,0.016045469,2.20E-07,67.92820626,8.77E-07
butyryl_carnitine,butyryl carnitine[C4],HMDB02013,C02862,FA b-oxidation,27.62340876,27.66021104,27.46275291,27.49492961,26.4837969,26.65690203,26.4182955,26.52187588,26.47484137,26.49943602,26.52252722,24.38288268,24.44545764,24.46542141,24.42585892,5.52E-05,12.63458889,0.001225786,4.72E-07,-33.11871333,1.63E-05,0.815693521,-0.245683335,0.880835712,4.26E-14,1190.755607,2.65E-12
3-Hydroxybutyrylcarnitine,3-Hydroxybutyrylcarnitine[C4-OH],HMDB13127,,FA b-oxidation,23.24828585,23.29840202,23.16531031,23.17664659,21.74145574,21.66161192,21.55245283,22.45208637,22.48690161,22.45848136,22.5037798,22.40597139,22.35552384,22.37275982,22.37288641,1.40E-06,26.6308322,0.000108528,2.19E-05,15.26189436,0.000136232,1.24E-05,17.14562519,0.000384236,6.17E-12,479.511074,2.13E-10
succinyl_carnitine,succinyl carnitine[C4-DC],,,FA b-oxidation,19.35621866,20.01709983,20.03256479,19.83309821,19.48646462,19.57481991,18.47814872,19.95830457,19.12475581,19.38266503,19.57883531,18.35919155,18.89872235,18.16941629,18.67257389,0.130518956,1.807337291,0.281884689,0.121335008,-1.864066711,0.160575266,0.399982155,0.919581341,0.520290325,0.004702405,7.731384398,0.007239841
tiglyl_carnitine,tiglyl carnitine[C5:1],HMDB02366,,FA b-oxidation,20.66288843,20.87600648,20.74098454,20.92672477,19.53393322,19.84989309,19.82834122,20.51542517,20.34747943,19.98412004,20.25846887,20.60063007,20.61946599,20.40047332,20.64965871,0.000213009,9.550811007,0.003194927,0.000605194,7.656449542,0.001682377,0.018408952,3.441329243,0.052047129,2.38E-05,26.71090933,5.78E-05
3-hydroxy-isovaleryl_carnitine,3-hydroxy-isovaleryl carnitine[C5-OH-I],,,FA b-oxidation,22.33542417,22.40699468,22.25685573,22.27486641,21.72569929,21.60622979,21.62052072,22.03944335,22.28214578,22.21377203,22.19522921,22.24447409,22.27227085,22.23809316,22.17459114,4.66E-05,13.08061954,0.00111471,2.73E-05,14.58715809,0.000157469,0.000561431,7.780579202,0.004988713,6.58E-07,54.9424804,2.27E-06
glutaryl_carnitine,glutaryl carnitine[C5-DC],HMDB13130,,FA b-oxidation,22.32667723,22.31306714,22.24227474,22.27254895,21.97856351,22.64960937,21.55126501,21.80957634,20.46289767,20.67388711,20.88941164,17.27622705,18.28242334,17.98776147,18.12830965,0.432850793,0.85252632,0.623224984,0.000106352,-11.03616824,0.000445749,0.054829028,-2.494932143,0.106573924,1.25E-07,75.76739492,5.25E-07
octenoyl_carnitine,octenoyl carnitine[C8:1],,,FA b-oxidation,17.92742829,18.0669052,17.49989338,18.17543942,16.89723499,16.45147489,15.01696655,17.92800817,17.85188162,18.05449898,18.41949919,17.9774628,17.66680355,17.78821133,18.10771469,0.0164057,3.548955588,0.064487982,0.015396354,3.609016294,0.027586339,0.011369297,3.903485905,0.037219487,0.000875485,11.9426645,0.001564804
octanoyl_carnitine/L-Octanoylcarnitine,octanoyl carnitine/L-Octanoylcarnitine[C8],HMDB00791,C02838,FA b-oxidation,20.25952096,20.27744955,20.17786867,20.23453793,19.23461002,19.21904841,18.7844269,20.09483409,20.29688233,20.21602943,20.30531677,21.11295964,21.17237038,21.16639106,21.30652666,0.000256648,9.184722909,0.003194927,1.79E-05,15.89965114,0.000125026,0.000385271,8.430223007,0.003993977,3.18E-09,151.318155,2.54E-08
decenoyl_carnitine,decenoyl carnitine[C10:1],,,FA b-oxidation,14.15686182,15.96196027,14.59208966,15.56038195,12.95629157,14.41141168,12.99462286,15.08482632,13.34374827,12.42746842,14.66902843,15.84841679,14.46115097,16.04754165,15.71570583,0.052217292,2.534898436,0.151602789,0.016636163,3.53583217,0.028904171,0.627079846,0.517191455,0.739757918,0.039024018,3.946037841,0.053464624
decanoyl_carnitine,decanoyl carnitine[C10],HMDB06210,,FA b-oxidation,19.47067639,19.62736611,19.35954431,19.43240852,18.26137119,18.08304333,17.67610783,19.24372962,19.16349572,19.14492622,19.19677049,20.10178571,19.62610746,20.0544376,20.12066904,0.000256827,9.183380108,0.003194927,0.000187444,9.809589722,0.000654999,0.000486783,8.02135683,0.004587557,2.66E-07,65.50387966,1.03E-06
tetradecenoyl_carnitine,tetradecenoyl carnitine[C14:1],HMDB13329,,FA b-oxidation,22.82373316,20.95338347,22.90842681,20.56173722,20.64256499,22.13082104,22.65761105,20.8552404,22.96972502,22.76891028,22.11848862,21.72351648,22.35946352,21.63734658,22.21561717,0.99872338,0.001681505,0.99872338,0.763819764,0.31732526,0.791826489,0.647696624,0.485728446,0.743485225,0.940482799,0.129620127,0.946570066
pendtadenoyl_carnitine,pendtadenoyl carnitine[C15],,,FA b-oxidation,20.58259204,20.71637868,20.39479644,20.50481203,20.04197762,19.92240566,19.6133753,20.88122085,20.72309602,20.61668734,20.53297711,21.73761099,21.62317987,21.59412144,21.77561653,0.003547687,5.172424268,0.021217898,2.13E-05,15.35481537,0.000136232,0.001891594,5.967458779,0.011099728,4.79E-08,90.90659537,2.43E-07
L-palmitoylcarnitine,L-palmitoylcarnitine[C16],HMDB00222,C02990,FA b-oxidation,25.58438109,25.8345531,25.7153826,25.41024189,25.34789801,25.3993577,24.99213347,26.28921925,26.18713046,26.0529551,25.8892431,27.26279663,27.18047295,27.15010378,27.41501528,0.050291489,2.565793047,0.151602789,1.93E-05,15.66318738,0.000130354,0.002163753,5.790119052,0.012235037,4.28E-08,92.85356905,2.26E-07
3-hydroxyhexadecenoylcarnitine,3-hydroxyhexadecenoylcarnitine[C16:1-OH],HMDB13333,,FA b-oxidation,23.66875864,22.06034676,23.88261161,21.76279419,21.68356085,23.23436527,23.40338526,22.02673068,23.98169799,23.92253961,23.13416742,23.10499037,23.50678676,22.83183298,23.3125007,0.93290571,0.088511856,0.973602939,0.434365235,0.849533125,0.485926576,0.517513927,0.695882938,0.633648942,0.825260703,0.299300674,0.849854565
3-hydroxyhexadecanoylcarnitine,3-hydroxyhexadecanoylcarnitine[C16:0-OH],HMDB13336,,FA b-oxidation,20.12591628,20.35974506,20.15479964,20.02008733,17.96112912,18.20185727,17.72502995,19.29190009,18.96577799,18.88696796,18.9483076,19.92302381,19.6575163,19.70372926,19.83507417,2.06E-05,15.44751081,0.000713222,4.17E-05,13.38444248,0.000215914,0.001103803,6.722291047,0.007462667,1.71E-08,110.4093832,1.02E-07
heptadecanoyl_carnitine,heptadecanoyl carnitine[C17],HMDB06210,,FA b-oxidation,20.16758946,20.28723392,20.06594451,20.12527807,19.93803922,20.08700025,19.60632365,20.93895697,20.77959699,20.66662071,20.68195979,21.68352113,21.55458272,21.58315541,21.9382519,0.082266496,2.16881037,0.209712132,8.67E-05,11.51251626,0.00039648,0.001427991,6.35233079,0.008882104,4.68E-08,91.30845784,2.43E-07
stearoylcarnitine,stearoylcarnitine[C18],HMDB00848,,FA b-oxidation,21.61723571,21.86792214,21.70990041,21.50125094,22.29401766,22.41333778,22.10589059,23.45543572,23.28110775,23.08623741,23.1097526,23.9299872,24.08279105,23.99687393,24.39531874,0.003948699,-5.045400746,0.022741582,5.17E-05,12.80503948,0.000259299,0.000618215,7.621560864,0.005151596,3.82E-09,146.2584754,2.90E-08
tetradecanoyl_carnitine(myristoyl_carnitine),tetradecanoyl carnitine(myristoyl carnitine)[C14],HMDB05066,,FA b-oxidation,24.4607339,24.71951876,24.51017825,24.35055535,23.78546713,23.74130109,23.32896392,24.80659914,24.71965362,24.62259885,24.46168233,25.22122703,25.02472774,25.03328508,25.31171052,0.002053188,5.858814491,0.01401519,0.0001453,10.34431121,0.000537955,0.000977625,6.902774909,0.00704106,1.62E-06,46.07066787,4.89E-06
trans-Hexadec-2-enoyl_carnitine,trans-Hexadec-2-enoyl carnitine[C16:1],HMDB06317,,FA b-oxidation,23.89270963,24.11229294,23.93284041,23.74793463,23.02896288,23.02633813,22.57426408,23.8848276,23.70035316,23.69470167,23.49203037,24.3387098,24.0355647,24.07140236,24.35992446,0.001072655,6.764490981,0.008339895,0.000446684,8.169568082,0.001348036,0.003573613,5.163714518,0.017016639,9.99E-06,31.95610152,2.57E-05
alpha-linolenyl_carnitine/gamma-linolenyl_carnitine,alpha-linolenyl carnitine/gamma-linolenyl carnitine[C18:3],HMDB06319,,FA b-oxidation,15.88749333,16.8463529,16.07533821,16.29359923,15.53027903,15.60151027,15.19923271,16.67678165,16.16182212,16.01286194,16.21092339,17.24854854,16.62762825,16.77081271,17.50701815,0.026208412,3.121478435,0.092315234,0.001783096,6.04672772,0.004265713,0.009052157,4.13371935,0.031991144,0.000910373,11.82959478,0.00160867
Linoleyl_carnitine/Linoelaidyl_carnitine,Linoleyl carnitine/Linoelaidyl carnitine[C18:2],HMDB06469,,FA b-oxidation,19.9413643,20.24111512,19.95760746,19.97720649,19.44028196,19.4369149,18.80308363,20.06027077,20.03212729,20.05046528,19.7112087,21.25084619,20.86057255,20.9270458,21.34855287,0.00942799,4.0920375,0.042494273,0.000427959,8.244294102,0.001304855,0.015178763,3.622553105,0.04506289,3.46E-06,39.60127449,9.44E-06
Elaidic_carnitine/Vaccenyl_carnitine,Elaidic carnitine/Vaccenyl carnitine[C18:1],HMDB06464,,FA b-oxidation,24.94758245,25.20560249,25.08078657,24.85278016,24.76683667,24.80717861,24.37302064,25.47933148,25.33382129,25.20622312,25.06412714,25.87020424,25.6712877,25.69410636,26.01095338,0.052715364,2.527110646,0.151602789,0.000563856,7.773405053,0.001608799,0.010546246,3.978521102,0.035650896,2.65E-05,26.11482668,6.39E-05
lauroyl_carnitine,lauroyl carnitine[C12],HMDB02250,,FA b-oxidation,21.29488027,21.51359331,20.79116587,21.25632413,20.40071288,20.05969469,19.59264979,21.43988765,21.02234987,21.08804918,21.12563832,22.10359096,20.76023943,21.8171154,22.17930104,0.006404614,4.499139078,0.03212637,0.011327937,3.907105538,0.021222822,0.003689675,5.125610204,0.017126699,0.002311499,9.356564261,0.003744147
glycine,glycine,HMDB00123,C00037,,25.65723093,25.63071483,25.64845638,25.56790752,25.51249015,25.49696487,25.52229181,23.87480936,24.1460474,23.94825225,23.90732355,24.66392704,25.00053838,24.80361746,24.69791686,0.005395556,4.68783385,0.028931344,0.00049209,-8.002830542,0.001443773,4.20E-06,-21.3269759,0.000163362,5.78E-10,207.8218403,7.19E-09