BinBase name,MID,annotated_KEGG_name,TC_Tfh_geoMean,B6_Tfh_geoMean,TC_Tn_geoMean,B6_Tn_geoMean,log2FC_Tfh_TCvsB6,log2FC_Tn_TCvsB6,log2FC_TC_TfhvsTn,log2FC_B6_TfhvsTn,ttest_pval_B6_TfhvsB6_Tn,ttest_tscore__B6_TfhvsB6_Tn,padj_lim_ttest_tscore__B6_TfhvsB6_Tn,ttest_pval_TC_TfhvsB6_Tfh,ttest_tscore__TC_TfhvsB6_Tfh,padj_lim_ttest_tscore__TC_TfhvsB6_Tfh,ttest_pval_TC_TfhvsTC_Tn,ttest_tscore__TC_TfhvsTC_Tn,padj_lim_ttest_tscore__TC_TfhvsTC_Tn,ttest_pval_TC_TnvsB6_Tn,ttest_tscore__TC_TnvsB6_Tn,padj_lim_ttest_tscore__TC_TnvsB6_Tn,ftest_pval,ftest_fscore,padj_lim_ftest_fscore
xylose,MID_1,C00181,6.071085031,6.58575557,5.642135042,5.785475973,-0.51467054,-0.143340931,0.428949988,0.800279597,0.063974923,1.989882088,0.295884019,0.322851015,-1.024775437,0.62680083,0.42268885,0.830101436,0.732177513,0.727429814,-0.355615328,0.897761537,0.172408222,1.787589495,0.390557401
xylitol,MID_2,C00379,8.985365461,9.082157538,8.057291695,8.500825136,-0.096792077,-0.443533441,0.928073767,0.581332402,1.98E-05,5.965205694,0.000676616,0.434671279,-0.804297005,0.689264456,0.001267823,4.183837224,0.015636485,0.033516144,-2.356953059,0.540475815,1.47E-06,17.34080693,3.26E-05
valine,MID_3,C00183,12.3369745,12.27393107,11.46360137,12.18603817,0.063043429,-0.722436802,0.873373124,0.087892893,0.807467697,0.247765165,0.979256638,0.840239342,0.205369825,0.93841533,0.035496045,2.368533255,0.197003052,0.105005942,-1.733267552,0.688932596,0.104486936,2.249718115,0.257734442
uridine-5-monophosphate,MID_4,C00105,7.728513809,7.528492911,8.829015041,8.949505835,0.200020898,-0.120490794,-1.100501232,-1.421012924,0.004718562,-3.279514221,0.065470054,0.711209669,0.377849078,0.877158592,0.073857122,-1.958253785,0.2826945,0.794329204,-0.265718178,0.952426245,0.009272236,4.648139314,0.042884092
uridine,MID_5,C00299,8.536366584,7.655821516,7.494173147,7.909220254,0.880545068,-0.415047107,1.042193437,-0.253398738,0.492318858,-0.702736282,0.904488031,0.053747893,2.105851516,0.265386423,0.045012621,2.237334349,0.226485079,0.317487806,-1.036618529,0.764977885,0.100929413,2.281973786,0.254617383
uric acid,MID_6,C00366,6.69968128,6.895173763,6.609541339,6.903898705,-0.195492483,-0.294357365,0.090139941,-0.008724942,0.974820024,-0.032060903,0.983682024,0.286403894,-1.108313975,0.611362159,0.570371771,0.583484096,0.815077372,0.326481361,-1.016839495,0.764977885,0.538010673,0.738449784,0.716201383
urea,MID_7,C00086,13.60023106,14.26008868,13.24589909,13.94516648,-0.659857614,-0.699267387,0.35433197,0.314922197,0.367689544,0.927019982,0.832929376,0.06751175,-1.981599801,0.265386423,0.323799583,1.028944803,0.653486431,0.073071006,-1.937911374,0.648639835,0.039455353,3.176056824,0.128810123
uracil,MID_8,C00106,8.249775045,8.72656452,8.45634259,8.786481644,-0.476789475,-0.330139054,-0.206567545,-0.059917123,0.828094858,-0.220729798,0.979256638,0.15940372,-1.486171262,0.431556412,0.545001975,-0.622907201,0.806602923,0.254244815,-1.188925338,0.764977885,0.274898972,1.361256707,0.508563098
UDP-N-acetylglucosamine,MID_9,C00043,7.97380644,7.735317521,8.070148541,8.161582037,0.238488919,-0.091433496,-0.096342101,-0.426264516,0.322640929,-1.020573674,0.761981768,0.573857,0.57585049,0.825885315,0.776374841,-0.290524406,0.95752897,0.810569486,-0.244264443,0.952426245,0.695406959,0.485011866,0.831834251
tyrosine,MID_10,C00082,10.76158864,10.9123255,10.31252567,10.81171966,-0.150736861,-0.499193982,0.449062963,0.100605841,0.816238266,0.236247635,0.979256638,0.749635306,-0.32547455,0.904451294,0.418822524,0.837235404,0.732177513,0.327016902,-1.015674201,0.764977885,0.628141567,0.587687401,0.801421999
tryptophan,MID_11,C00078,8.980486087,9.174234247,8.813559976,9.294183881,-0.19374816,-0.480623905,0.166926111,-0.119949633,0.855960372,-0.184472896,0.979256638,0.78339489,-0.280235775,0.915859731,0.829013698,0.220729881,0.975291111,0.511884945,-0.673031103,0.773482419,0.908227853,0.181248252,0.953844843
trans-4-hydroxyproline,MID_12,C01157,7.95486503,8.311629101,8.143710753,8.309851029,-0.356764071,-0.166140276,-0.188845723,0.001778072,0.99520287,0.00610697,0.99520287,0.366859234,-0.932545622,0.646371031,0.715928957,-0.372620421,0.934918991,0.684233867,-0.415276425,0.883139061,0.777760735,0.36642487,0.88686934
threonine,MID_13,C00188,9.173539652,8.851214699,8.868392845,9.094983866,0.322324952,-0.226591021,0.305146807,-0.243769166,0.139310461,-1.555807574,0.5332228,0.032345578,2.37557454,0.239357275,0.205765317,1.33779267,0.484767117,0.342997517,-0.981514546,0.764977885,0.251215021,1.443528525,0.472822286
threonic acid,MID_14,C01620,10.13365439,10.14016079,8.36620455,8.616685191,-0.006506392,-0.250480642,1.767449844,1.523475594,0.002848863,3.518685514,0.045174827,0.990279827,-0.012402082,0.990279827,0.000595262,4.615043149,0.008259257,0.394707341,-0.878104891,0.764977885,0.000103397,10.21203574,0.001434633
taurine,MID_15,C00245,9.754377731,10.18897359,9.898452186,9.520195952,-0.434595862,0.378256235,-0.144074455,0.668777642,0.600338799,0.534509059,0.958995267,0.792094903,-0.268679727,0.915859731,0.94486494,-0.070618106,0.975291111,0.817916701,0.234598515,0.952426245,0.976531863,0.067892246,0.985409425
sucrose,MID_16,C00089,8.238012846,8.003928204,7.319507082,7.567558429,0.234084642,-0.248051348,0.918505764,0.436369775,0.522187431,0.654340992,0.904488031,0.82527667,0.224939206,0.934752147,0.368778494,0.933877347,0.705765738,0.616797978,-0.511756598,0.834933848,0.692391709,0.489479212,0.831834251
succinic acid,MID_17,C00042,10.24319915,10.88396862,10.31047576,10.86471573,-0.64076947,-0.554239965,-0.067276617,0.019252887,0.878758014,0.155002318,0.979256638,0.003013458,-3.580397942,0.055748973,0.74094472,-0.338351331,0.945343263,0.001075315,-4.103236241,0.059680002,0.000167818,9.527441133,0.00186278
spermidine,MID_18,C00315,7.401930762,8.28564026,7.938072557,8.764492507,-0.883709498,-0.82641995,-0.536141795,-0.478852247,0.207675673,-1.313084802,0.62302702,0.002539422,-3.666697117,0.055748973,0.054619236,-2.129338167,0.251867379,0.060548357,-2.041211504,0.648639835,0.002860519,5.945369945,0.019844851
sorbitol,MID_19,C00794,12.82689698,13.72149327,12.53826048,13.09204821,-0.89459629,-0.553787736,0.288636498,0.629445052,0.195349459,1.351455382,0.619536856,0.048944932,-2.156236343,0.265386423,0.501083608,0.693691267,0.775527057,0.280259565,-1.123164789,0.764977885,0.07746383,2.529882918,0.20971915
serine,MID_20,C00065,10.47491801,9.935905032,10.00073896,10.36200392,0.539012973,-0.361264957,0.474179041,-0.426098889,0.115217115,-1.665753638,0.456753564,0.038868482,2.278962854,0.253788322,0.197897119,1.363046556,0.484767117,0.318017926,-1.035441471,0.764977885,0.214497425,1.587794247,0.449230456
salicylic acid,MID_21,C00805,7.561286114,8.09883001,7.92210909,7.958548376,-0.537543896,-0.036439286,-0.360822977,0.140281634,0.636520192,0.481730647,0.966246682,0.203098523,-1.335255717,0.487909146,0.389378091,-0.893071005,0.726899421,0.894679348,-0.134812224,0.952426245,0.473822605,0.858949795,0.704337912
salicylaldehyde,MID_22,C06202,10.09319643,10.98971374,9.472288233,9.559602882,-0.896517306,-0.087314649,0.620908198,1.430110855,0.089937588,1.80493644,0.383964319,0.210987739,-1.310900716,0.487909146,0.484089451,0.72206302,0.767627558,0.928588313,-0.091247958,0.95469629,0.229813708,1.524813586,0.463805847
ribulose-5-phosphate,MID_23,C00199,7.69403809,7.1436872,6.314623478,6.535610649,0.550350891,-0.22098717,1.379414612,0.608076551,0.044235181,2.183531245,0.258426583,0.208430081,1.318715019,0.487909146,0.004204058,3.522497791,0.042422764,0.309742996,-1.053980513,0.764977885,0.001596935,6.626495713,0.013707603
ribose,MID_24,ribose,8.507749315,8.830154796,7.860985407,8.342440251,-0.32240548,-0.481454844,0.646763908,0.487714545,0.063635769,1.992717118,0.295884019,0.393330925,-0.880733321,0.662517494,0.127500773,1.637320567,0.36471113,0.075966827,-1.916336849,0.648639835,0.03585381,3.269582417,0.124367903
ribitol,MID_25,C00474,9.25848392,9.545727343,8.687989602,9.07977431,-0.287243423,-0.391784708,0.570494317,0.465953033,0.031476508,2.357317887,0.218368272,0.066780423,-1.987589091,0.265386423,0.000184476,5.312711688,0.003412798,0.067017229,-1.985643215,0.648639835,0.000342693,8.559189961,0.003458084
pyrophosphate,MID_26,C00013,13.01701996,13.03101778,13.92787469,14.13631687,-0.013997819,-0.208442184,-0.910854725,-1.10529909,3.64E-05,-5.647083699,0.00080788,0.943791497,-0.071781093,0.978177378,0.110388059,-1.723785973,0.356900376,0.666874753,-0.439687455,0.870859971,0.004332433,5.476098776,0.028288239
putrescine,MID_27,C00134,10.26399379,10.16920427,9.217212513,9.334741002,0.094789522,-0.11752849,1.046781281,0.834463269,0.008790774,2.982710681,0.096682031,0.787693226,0.274521502,0.915859731,0.028004499,2.49826288,0.176646539,0.736002702,-0.343939741,0.897761537,0.006677875,5.000338345,0.035297339
pseudo uridine,MID_28,C02067,7.42983438,7.982769236,7.204107001,7.954182437,-0.552934855,-0.750075435,0.225727379,0.028586799,0.892008692,0.13794026,0.979256638,0.057637663,-2.06801447,0.265386423,0.354805457,0.962475106,0.703275102,0.00040744,-4.606441529,0.045225838,0.002524434,6.089194335,0.018680812
proline,MID_29,C00148,11.28435677,10.01566496,10.7582083,10.48927121,1.268691809,0.268937084,0.526148476,-0.473606249,0.455667419,-0.764551759,0.872053164,0.028300224,2.445268471,0.224380344,0.399467249,0.873626685,0.726899421,0.711684498,0.377195439,0.897761537,0.250990036,1.444346499,0.472822286
phthalic acid,MID_30,C01606,11.3361985,11.58036407,10.93065312,11.36543598,-0.244165575,-0.434782852,0.405545374,0.214928096,0.671314158,0.43227064,0.979256638,0.626412297,-0.497713329,0.847948353,0.472643998,0.741515686,0.767627558,0.447960023,-0.780733487,0.764977885,0.672112713,0.519824783,0.831834251
phosphoethanolamine,MID_31,C00346,14.63560268,13.40274687,15.25638204,15.07477024,1.232855814,0.181611798,-0.620779356,-1.672023372,8.61E-05,-5.209045319,0.001592199,0.006509437,3.193085731,0.103221066,0.088668177,-1.852699863,0.317489278,0.506731406,0.681404599,0.773482419,1.07E-05,13.74446481,0.00019795
phosphate,MID_32,C00009,18.32060592,18.54102641,18.61673867,18.39864736,-0.220420489,0.21809131,-0.296132749,0.142379049,0.521847191,0.654883235,0.904488031,0.05582233,-2.08536949,0.265386423,0.058995963,-2.085964603,0.251867379,0.409932609,0.849430574,0.764977885,0.466066923,0.87445525,0.704337912
phenylalanine,MID_33,C00079,10.15264014,10.66558651,10.0721841,10.41027603,-0.512946378,-0.338091931,0.080456037,0.255310483,0.504184627,0.683313104,0.904488031,0.2810469,-1.121248204,0.611362159,0.880639862,0.153390135,0.975291111,0.442112436,-0.791046875,0.764977885,0.530200875,0.752436913,0.716201383
pelargonic acid,MID_34,C01601,12.99830751,13.41113098,13.07754703,13.47523188,-0.412823469,-0.397684852,-0.07923952,-0.064100902,0.866208497,-0.171205712,0.979256638,0.3142221,-1.043901317,0.62680083,0.841680235,-0.204120418,0.975291111,0.308355663,-1.05712403,0.764977885,0.527106325,0.758026605,0.716201383
parabanic acid ,MID_35,C00802,9.111410527,9.179771465,8.515649271,9.291279831,-0.068360939,-0.77563056,0.595761256,-0.111508365,0.644164455,-0.47076231,0.966246682,0.625024904,-0.499733405,0.847948353,0.00634482,3.299653592,0.058689587,0.015568399,-2.752499013,0.432023083,0.009168549,4.660085351,0.042884092
oxoproline,MID_36,C01879,14.88659166,14.51607258,14.58716992,14.28586218,0.37051908,0.30130774,0.299421738,0.230210398,0.32178126,1.022446073,0.761981768,0.051777401,2.125996368,0.265386423,0.057515898,2.100284269,0.251867379,0.20478995,1.329970672,0.764977885,0.047999344,2.986027623,0.152226491
oxalic acid,MID_37,C00209,8.640759192,8.37424956,8.232853805,8.33573346,0.266509632,-0.102879655,0.407905387,0.0385161,0.929678115,0.089649847,0.979256638,0.656785417,0.45400277,0.870485348,0.570064412,0.583955921,0.815077372,0.84540172,-0.198637901,0.952426245,0.910878859,0.177296634,0.953844843
ornithine,MID_38,C00077,10.55515208,10.92923166,9.960034999,10.65645685,-0.374079575,-0.69642185,0.595117081,0.272774807,0.569695311,0.580452276,0.943823575,0.344458114,-0.978449443,0.62680083,0.172044759,1.452354982,0.444115542,0.201664256,-1.339765172,0.764977885,0.221695888,1.557648992,0.455708214
nicotinamide,MID_39,C00153,9.866034391,9.423618345,9.562566243,9.710149656,0.442416046,-0.147583413,0.303468148,-0.286531311,0.294073071,-1.084829823,0.748834092,0.143191882,1.551068966,0.407546127,0.398107572,0.876227447,0.726899421,0.649751505,-0.464041137,0.858600203,0.504072059,0.800525705,0.716201383
myristic acid,MID_40,C06424,13.09889894,13.65604824,13.07531095,13.68392523,-0.557149299,-0.608614272,0.023587989,-0.027876984,0.944229964,-0.071060865,0.979528281,0.337942782,-0.992194133,0.62680083,0.97129298,0.036744413,0.977151674,0.194701569,-1.362033123,0.764977885,0.462616667,0.881426847,0.704337912
myo-inositol,MID_41,C00137,17.02032032,16.37844369,16.6550467,16.39579685,0.641876623,0.259249851,0.36527362,-0.017353153,0.935145979,-0.082661537,0.979256638,0.008519382,3.057655271,0.118206425,0.065319371,2.028337583,0.265167295,0.205941166,1.326393686,0.764977885,0.01349945,4.253906148,0.055497739
methanolphosphate,MID_42,methanolphosphate,10.66022799,9.946263572,8.840400677,10.41579212,0.713964417,-1.575391443,1.819827312,-0.469528547,0.552736501,-0.606430886,0.929602298,0.334545829,0.999435289,0.62680083,0.066889047,2.014839313,0.265167295,0.117925399,-1.665980759,0.688932596,0.191176373,1.692991327,0.416089753
malic acid,MID_43,C00149,9.848405612,9.819766147,10.25821813,10.23709323,0.028639465,0.021124908,-0.409812522,-0.417327079,0.030489779,-2.373386884,0.218368272,0.951740152,0.061615349,0.978177378,0.428752598,-0.818999212,0.732177513,0.865974242,0.171902565,0.952426245,0.403776154,1.008191528,0.659105193
maleimide,MID_44,C07272,12.08764161,12.43620723,13.06578136,12.63160458,-0.348565618,0.434176779,-0.978139747,-0.195397349,0.717513212,-0.368250429,0.979256638,0.51888342,-0.661737691,0.786805382,0.080171639,-1.911076796,0.296635065,0.433482832,0.806426619,0.764977885,0.383876068,1.054944976,0.635973784
lyxitol,MID_45,C00532,10.39704624,11.11127278,10.10661965,10.5245057,-0.714226535,-0.417886057,0.290426597,0.586767075,0.284629528,1.107072311,0.748834092,0.135156351,-1.585582246,0.407546127,0.579008452,0.570281248,0.815077372,0.498475412,-0.694923354,0.773482419,0.290750453,1.310023402,0.520537101
lysine,MID_46,C00047,7.647115366,7.987660413,7.685488128,8.347995091,-0.340545047,-0.662506963,-0.038372762,-0.360334678,0.226709828,-1.257239546,0.662231341,0.336509102,-0.995243886,0.62680083,0.935349652,-0.082833477,0.975291111,0.113203337,-1.689790121,0.688932596,0.210034647,1.606999865,0.448343189
levoinositol,MID_47,levoinositol,6.077255463,6.236648726,5.878029595,6.287619536,-0.159393263,-0.409589941,0.199225868,-0.05097081,0.882414034,-0.150290132,0.979256638,0.69705673,-0.397411993,0.877158592,0.665284977,0.443513763,0.889718463,0.297225178,-1.082728945,0.764977885,0.726938779,0.438904942,0.858247464
levoglucosan,MID_48,levoglucosan,10.28186805,10.87031396,10.3713358,10.32094738,-0.58844591,0.050388423,-0.08946775,0.549366583,0.185825238,1.382457979,0.606664747,0.196589811,-1.355931101,0.487909146,0.859672208,-0.180630635,0.975291111,0.912931731,0.111334237,0.95469629,0.482249381,0.842354533,0.704337912
leucine,MID_49,C00123,11.5695856,11.7831269,11.91672663,11.76366174,-0.213541296,0.15306489,-0.347141026,0.01946516,0.971588232,0.036177646,0.983682024,0.763393287,-0.306958405,0.911146827,0.592490718,-0.549877487,0.822080872,0.735846769,0.34415166,0.897761537,0.955327081,0.106956477,0.981863944
lauric acid,MID_50,C02679,12.51451302,12.89612382,13.42015787,12.77754488,-0.381610802,0.642612989,-0.905644853,0.118578937,0.913990191,0.109727209,0.979256638,0.748634582,-0.326825933,0.904451294,0.470230828,-0.745654233,0.767627558,0.579902148,0.566682547,0.814389055,0.898179556,0.19607547,0.953844843
lactic acid,MID_51,C01432,14.43359143,15.08640919,14.26453403,14.72676933,-0.652817759,-0.462235303,0.169057401,0.359639856,0.246550867,1.202800984,0.701721699,0.0782874,-1.89957863,0.281960695,0.622382692,0.505472704,0.842493644,0.132831004,-1.595897239,0.737212075,0.070155996,2.623459973,0.194682889
isothreonic acid,MID_52,C00639,8.246443742,9.106516572,8.260518304,8.691166624,-0.860072831,-0.43064832,-0.014074562,0.415349948,0.296835136,1.078423857,0.748834092,0.111914176,-1.696440837,0.36536687,0.977151674,-0.029242788,0.977151674,0.22137108,-1.279935487,0.764977885,0.160152667,1.855217025,0.370353042
isopropylbenzene,MID_53,C14396,12.75191463,13.6391264,12.67097642,13.39973853,-0.887211774,-0.728762113,0.080938211,0.239387872,0.851956233,0.189665872,0.979256638,0.524536921,-0.652678322,0.786805382,0.957718298,0.054135176,0.975291111,0.608639653,-0.523756867,0.834061746,0.865853563,0.242611343,0.942912932
isoleucine,MID_54,C00407,11.79950595,11.81387563,10.86857481,11.53114801,-0.014369679,-0.662573194,0.930931135,0.28272762,0.288157423,1.098700149,0.748834092,0.962468463,-0.047905231,0.980128434,0.01046152,3.030260638,0.089325285,0.023890412,-2.533029181,0.530367153,0.009784962,4.591081405,0.043445231
isocitric acid,MID_55,C00451,7.894198828,7.935145787,8.204141213,7.796586995,-0.040946959,0.407554218,-0.309942385,0.138558792,0.613411387,0.515267886,0.958995267,0.899755764,-0.12827505,0.965060565,0.308234057,-1.064085057,0.633592228,0.110426726,1.704198322,0.688932596,0.541990236,0.731386955,0.716201383
inositol-4-monophosphate,MID_56,C03546,8.896297261,8.427035766,8.626957771,8.226163369,0.469261495,0.400794402,0.26933949,0.200872397,0.753603707,0.319335346,0.979256638,0.491536438,0.706388088,0.762070843,0.730344228,0.352818473,0.942653596,0.586947067,0.55606089,0.814389055,0.797006365,0.339358348,0.893613197
inosine-5'-monophosphate,MID_57,C00130,6.548957622,6.931371044,6.659312731,8.190224256,-0.382413422,-1.530911525,-0.110355109,-1.258853212,0.015331382,-2.713827264,0.130906414,0.336127799,-0.996056564,0.62680083,0.773138776,-0.294861476,0.95752897,0.007488388,-3.122608309,0.277070373,0.002143326,6.279334504,0.016993513
inosine,MID_58,C00294,11.55029667,9.623678362,6.914320736,7.16738831,1.926618309,-0.253067574,4.635975936,2.456290052,1.48E-06,7.409519762,8.20E-05,0.000381826,4.64061244,0.021191322,2.12E-08,12.91894408,2.35E-06,0.352661286,-0.961403368,0.764977885,1.54E-13,75.59104846,1.71E-11
hypoxanthine,MID_59,C00262,11.69066118,10.42913865,8.89992882,9.338029669,1.261522533,-0.438100849,2.790732359,1.091108977,0.062508702,2.002237637,0.295884019,0.024571324,2.518512044,0.209801301,0.000170391,5.361513205,0.003412798,0.467067085,-0.747611625,0.773482419,0.000151253,9.672415444,0.00186278
hydroxycarbamate ,MID_60,hydroxycarbamate ,10.76306783,10.80780235,10.87008246,11.17953841,-0.044734522,-0.309455949,-0.107014626,-0.371736053,0.201732885,-1.331350266,0.62200973,0.884343011,-0.148142286,0.962373277,0.773615906,-0.294221639,0.95752897,0.369628074,-0.927008675,0.764977885,0.526301104,0.759485574,0.716201383
guanosine,MID_61,C00387,8.311351488,6.51917176,5.985972465,5.95887874,1.792179728,0.027093724,2.325379023,0.56029302,0.167254063,1.446822418,0.56258185,0.002912797,3.597517174,0.055748973,0.000380707,4.876594445,0.006036926,0.939004862,0.077906608,0.95469629,2.56E-05,12.31798548,0.000405943
glycine,MID_62,C00037,13.43241483,12.6254259,13.45283297,13.08633571,0.806988925,0.366497262,-0.020418144,-0.460909808,0.096649171,-1.76494549,0.397335481,0.00203529,3.778536226,0.055748973,0.923648379,-0.097873714,0.975291111,0.20670435,1.324031244,0.764977885,0.006197457,5.081488124,0.034395886
glycerol-alpha-phosphate,MID_63,C00623,12.23078067,11.51949752,11.54848626,11.34144787,0.711283144,0.207038391,0.682294407,0.178049653,0.592047594,0.546820123,0.958995267,0.069335192,1.966920306,0.265386423,0.034518455,2.383873062,0.197003052,0.447315648,0.78186578,0.764977885,0.052886299,2.892750813,0.163066089
glycerol,MID_64,C00116,14.34349544,14.91602959,15.12675878,15.05904791,-0.572534143,0.067710867,-0.783263333,-0.143018322,0.756072366,-0.316020117,0.979256638,0.280346451,-1.122953085,0.611362159,0.208772854,-1.328348798,0.484767117,0.898635297,0.129717421,0.952426245,0.467452233,0.871668992,0.704337912
glyceric acid,MID_65,C00258,9.143338584,9.364558447,8.463376952,8.182218772,-0.221219863,0.281158179,0.679961633,1.182339675,0.006274586,3.14393129,0.077386566,0.534397367,-0.637009252,0.789534513,0.120513697,1.671306053,0.36154109,0.529591566,0.644625494,0.773482419,0.012767666,4.311820941,0.054508113
glutamine,MID_66,C00064,9.126536093,9.739383691,9.020135519,9.605903084,-0.612847598,-0.585767565,0.106400574,0.133480608,0.838684117,0.206918198,0.979256638,0.393929321,-0.879589855,0.662517494,0.877081485,0.158003805,0.975291111,0.372115511,-0.922058809,0.764977885,0.644885299,0.561482153,0.813434866
glutamic acid,MID_67,C00025,13.57082143,12.29639298,12.47418311,12.1111181,1.274428456,0.363065012,1.096638323,0.185274878,0.763930906,0.305490843,0.979256638,0.037358669,2.299881486,0.253788322,0.043223914,2.259833053,0.226485079,0.550820354,0.61126615,0.783859734,0.082181918,2.474246974,0.217195069
glucose-6-phosphate,MID_68,C00092,7.097668951,8.055332991,8.260468005,7.755944538,-0.95766404,0.504523467,-1.162799053,0.299388453,0.523918571,0.651585145,0.904488031,0.142475678,-1.554077087,0.407546127,0.113215294,-1.708716586,0.356900376,0.328993708,1.011384699,0.764977885,0.238166187,1.49222264,0.472079406
glucose-1-phosphate,MID_69,C00103,8.090582587,8.320612588,8.2655276,8.227023934,-0.230030001,0.038503666,-0.174945013,0.093588654,0.730408145,0.35067291,0.979256638,0.413615289,-0.842601231,0.675166133,0.580100112,-0.56861992,0.815077372,0.900043975,0.127904085,0.952426245,0.878713892,0.224264644,0.946963515
glucose,MID_70,C00221,9.718296789,10.54864928,8.764972774,9.980174266,-0.830352487,-1.215201492,0.953324014,0.568475009,0.354314953,0.953919734,0.819353328,0.27270868,-1.141755429,0.611362159,0.274704503,1.144568889,0.597402351,0.095951424,-1.784912678,0.688932596,0.110680144,2.19619453,0.267076
gluconic acid,MID_71,C00800,6.379587458,6.13226793,5.568271759,6.047537707,0.247319528,-0.479265948,0.811315699,0.084730223,0.814484784,0.238547608,0.979256638,0.706190298,0.384769171,0.877158592,0.28040437,1.13037794,0.597402351,0.227408615,-1.262458548,0.764977885,0.536051596,0.741942544,0.716201383
fumaric acid,MID_72,C00122,9.233891885,9.723798129,10.20387664,10.28391505,-0.489906243,-0.080038406,-0.969984755,-0.560116918,0.012293504,-2.821121736,0.113714911,0.357701962,-0.951066777,0.6404019,0.102064633,-1.770240188,0.354036697,0.522632259,-0.655724166,0.773482419,0.037375986,3.22889694,0.125719226
fructose-6-phosphate,MID_73,C05345,7.7586489,8.036586707,7.823429698,7.864826987,-0.277937807,-0.041397289,-0.064780798,0.17175972,0.757830266,0.313661622,0.979256638,0.658745669,-0.451213849,0.870485348,0.9147506,-0.109326344,0.975291111,0.9387209,-0.078270094,0.95469629,0.965253323,0.089439718,0.982964393
fructose,MID_74,C02336,13.87745787,15.18224199,14.07946688,14.62104056,-1.304784118,-0.541573682,-0.202009003,0.561201433,0.398238006,0.867978812,0.834045636,0.141344445,-1.558854704,0.407546127,0.818667509,-0.234345402,0.975291111,0.412759644,-0.844184399,0.764977885,0.307344638,1.259249798,0.534755371
ethanolamine,MID_75,C00189,12.57636853,12.53482952,12.54902586,12.74401493,0.041539004,-0.194989068,0.027342669,-0.209185403,0.312077137,-1.043835271,0.761981768,0.860811567,0.178598666,0.946040435,0.912113815,0.112723147,0.975291111,0.364012898,-0.938267764,0.764977885,0.734536118,0.427944797,0.858247464
erythronic acid lactone,MID_76,C02341,7.135092546,7.254442424,5.730570215,6.444005339,-0.119349878,-0.713435124,1.404522331,0.810437085,0.03434597,2.313139139,0.224258979,0.673585414,-0.430218637,0.877158592,0.02783855,2.501502624,0.176646539,0.230297533,-1.254225614,0.764977885,0.008463714,4.745304306,0.042703284
erythritol,MID_77,C00503,11.31870895,12.86996927,11.98183142,12.45215345,-1.551260313,-0.470322032,-0.663122465,0.417815816,0.380014598,0.902816518,0.834045636,0.056324152,-2.080520469,0.265386423,0.423381603,-0.82882777,0.732177513,0.32381845,-1.022654345,0.764977885,0.100288381,2.287911403,0.254617383
enolpyruvate ,MID_78,C00074,7.083450362,7.649375744,7.605270562,7.711582392,-0.565925382,-0.10631183,-0.5218202,-0.062206649,0.867891723,-0.169029732,0.979256638,0.151865651,-1.515617303,0.421427183,0.285246167,-1.118496051,0.597402351,0.817020003,-0.235776931,0.952426245,0.444454326,0.918911175,0.704337912
diglycerol,MID_79,C00165,12.86228061,12.19665545,12.10850307,12.15286212,0.665625158,-0.044359056,0.753777538,0.043793324,0.907683185,0.117811669,0.979256638,0.103733112,1.740284089,0.359140473,0.046929341,2.21414922,0.226485079,0.900943746,-0.12674608,0.952426245,0.182238439,1.736802893,0.404569335
dehydroascorbic acid,MID_80,C05422,12.3555706,12.56445431,10.60561046,11.73294059,-0.208883711,-1.127330128,1.749960139,0.831513721,0.040133942,2.233643008,0.247492644,0.690431688,-0.406624654,0.877158592,0.028645385,2.485923637,0.176646539,0.056719129,-2.076731831,0.648639835,0.005277052,5.25756357,0.032541821
dehydroabietic acid,MID_81,C12078,8.117254314,8.648245736,8.433424841,8.377010279,-0.530991423,0.056414562,-0.316170528,0.271235457,0.391821586,0.880121553,0.834045636,0.178798551,-1.415441167,0.472539028,0.48202873,-0.725544341,0.767627558,0.87695757,0.157683911,0.952426245,0.555118791,0.708383635,0.724919833
creatinine,MID_82,C00791,10.9099631,10.99180909,9.882318241,10.45400098,-0.081845984,-0.571682741,1.027644863,0.537808106,0.392939417,0.877996681,0.834045636,0.90420089,-0.122555647,0.965060565,0.164018256,1.482379426,0.433476819,0.387172699,-0.89256967,0.764977885,0.34452585,1.154546669,0.579429839
conduritol-beta-epoxide,MID_83,conduritol-beta-epoxide,7.688515173,7.031731382,6.435046142,7.166261909,0.656783791,-0.731215767,1.253469031,-0.134530528,0.836375836,-0.209925237,0.979256638,0.580351843,0.566002549,0.825885315,0.361309668,0.949066029,0.703603038,0.327302163,-1.015054058,0.764977885,0.680306379,0.507498676,0.831834251
citrulline,MID_84,C00327,8.484505865,8.437810784,8.027113601,8.87721564,0.046695081,-0.850102039,0.457392264,-0.439404856,0.490285816,-0.706091579,0.904488031,0.802985521,0.25426745,0.918880339,0.023616311,2.59095508,0.174760698,0.247331402,-1.207266583,0.764977885,0.444798208,0.918188756,0.704337912
citric acid,MID_85,C00158,12.73120935,12.71857013,13.30333299,13.01751792,0.012639216,0.285815066,-0.572123642,-0.298947792,0.452714932,-0.769661037,0.872053164,0.978518037,0.027412009,0.987413656,0.217043081,-1.302940555,0.49166902,0.443490411,0.788608796,0.764977885,0.479247344,0.848237147,0.704337912
cholesterol,MID_86,C00187,15.63820374,14.87590855,15.65213199,15.50658892,0.762295192,0.145543072,-0.013928252,-0.630680373,0.058324941,-2.03899567,0.295884019,0.010882788,2.934108783,0.120798947,0.945624269,-0.069643824,0.975291111,0.631167032,0.490806447,0.844090849,0.022818611,3.717933528,0.087340201
caprylic acid,MID_87,C06423,12.19549491,12.42935946,12.45267728,12.53023017,-0.233864555,-0.077552888,-0.257182376,-0.100870709,0.809480192,-0.245119334,0.979256638,0.58936633,-0.552428532,0.828096996,0.505066164,-0.687126464,0.775527057,0.843505319,-0.20110974,0.952426245,0.866460532,0.24174919,0.942912932
capric acid,MID_88,C01571,10.21844175,10.53575966,10.29568765,10.61844781,-0.317317912,-0.32276015,-0.077245908,-0.082688146,0.867988045,-0.168905238,0.979256638,0.540582189,-0.627263755,0.789534513,0.885607488,-0.146955155,0.975291111,0.542730111,-0.623893769,0.782377173,0.841096173,0.277554927,0.933616752
beta-alanine,MID_89,C00099,8.944658306,8.690011102,8.168715112,8.431802983,0.254647205,-0.263087871,0.775943195,0.258208119,0.436757944,0.797639996,0.865716639,0.320836135,1.029207855,0.62680083,0.017731161,2.746061694,0.14058278,0.4880864,-0.712124183,0.773482419,0.127973365,2.061742081,0.302234968
aspartic acid,MID_90,C00049,14.74064239,12.47268935,12.4866649,11.99674133,2.26795304,0.489923572,2.253977488,0.47594802,0.278389432,1.122071376,0.748834092,5.35E-05,5.714482237,0.005935948,1.33E-05,7.053131034,0.000369557,0.234202363,1.243225993,0.764977885,9.10E-07,18.2812527,2.53E-05
asparagine,MID_91,C00152,6.78958389,6.878002245,6.763631814,6.686541005,-0.088418355,0.077090809,0.025952077,0.19146124,0.436627299,0.797871694,0.865716639,0.845419217,-0.198615102,0.93841533,0.956793005,0.055321166,0.975291111,0.720847933,0.364614298,0.897761537,0.949496876,0.116810565,0.981863944
arachidonic acid,MID_92,C00219,10.49497052,10.67767022,10.54306208,10.79286145,-0.182699701,-0.249799372,-0.048091562,-0.115191234,0.743778274,-0.332567409,0.979256638,0.599696355,-0.537003548,0.832078692,0.852674198,-0.189753472,0.975291111,0.418727742,-0.833186329,0.764977885,0.78300176,0.359040176,0.88686934
arabitol,MID_93,C01904,10.75257344,11.38673896,10.55902601,10.95103723,-0.634165522,-0.392011215,0.193547427,0.435701733,0.162012505,1.466047311,0.561980876,0.062533048,-2.023606555,0.265386423,0.523639646,0.656907089,0.785459469,0.195859192,-1.358286482,0.764977885,0.055119247,2.853105918,0.165357741
aminomalonate,MID_94,C00872,8.341195028,7.882898229,8.356025213,8.343876659,0.458296799,0.012148554,-0.014830186,-0.46097843,0.059378205,-2.029521699,0.295884019,0.010126513,2.970495471,0.120798947,0.927445343,-0.092990836,0.975291111,0.962068076,0.04841671,0.962068076,0.063510783,2.717871187,0.180761459
allantoic acid,MID_95,C00499,7.228518962,7.958496224,7.054388319,7.757436219,-0.729977262,-0.703047901,0.174130643,0.201060005,0.529655153,0.642489249,0.904488031,0.052203355,-2.121582263,0.265386423,0.601098829,0.5369761,0.823728026,0.03408406,-2.348139698,0.540475815,0.027679136,3.524922319,0.101130199
alanine,MID_96,C00041,13.70746049,13.50246447,13.16794004,13.59134419,0.204996023,-0.423404149,0.539520456,-0.088879716,0.805022049,-0.25098294,0.979256638,0.494316222,0.701783806,0.762070843,0.209629024,1.325680728,0.484767117,0.36518182,-0.935914078,0.764977885,0.577347158,0.670413873,0.745180634
adipic acid,MID_97,C06104,14.06974644,13.97078329,11.85634451,12.14413305,0.098963143,-0.287788544,2.21340193,1.826650243,5.44E-08,9.518210992,6.03E-06,0.682732553,0.4173771,0.877158592,2.47E-06,8.334521402,9.12E-05,0.199254327,-1.347400979,0.764977885,1.00E-11,53.58712925,5.55E-10
adenosine-5-monophosphate,MID_98,C00020,11.64066543,11.15906795,12.75388467,12.562277,0.481597487,0.191607672,-1.113219236,-1.403209051,0.009581102,-2.941365456,0.096682031,0.37688658,0.912627939,0.653662663,0.0022349,-3.868264555,0.024807391,0.514008611,0.669594791,0.773482419,0.001605395,6.620202047,0.013707603
adenosine,MID_99,C00212,11.14509588,9.649161276,7.215655249,6.908593099,1.495934608,0.30706215,3.929440635,2.740568177,2.44E-05,5.855295135,0.000676616,0.015586275,2.75191464,0.14588034,5.33E-07,9.63703464,2.96E-05,0.385122788,0.896537893,0.764977885,4.35E-10,38.65274505,1.61E-08
adenine,MID_100,C00147,9.591235904,9.270726163,9.23890624,9.454980091,0.320509741,-0.216073851,0.352329664,-0.184253929,0.607518195,-0.523916806,0.958995267,0.342507624,0.982544672,0.62680083,0.202161761,1.349258288,0.484767117,0.51978847,-0.660283628,0.773482419,0.69694221,0.482741465,0.831834251
acetophenone ,MID_101,C07113,12.65242675,13.79437585,12.74032502,13.62761061,-1.141949101,-0.887285591,-0.087898275,0.166765235,0.888070592,0.143006415,0.979256638,0.411680483,-0.846184215,0.675166133,0.956340598,-0.055901068,0.975291111,0.523491198,-0.654349811,0.773482419,0.766683515,0.38207659,0.886477814
5-methoxytryptamine,MID_102,C05659,8.00468518,8.717430319,8.188426907,8.626497234,-0.712745138,-0.438070327,-0.183741727,0.090933084,0.813244205,0.240175632,0.979256638,0.106771492,-1.723657793,0.359140473,0.701866018,-0.392090294,0.92746581,0.323895308,-1.02248603,0.764977885,0.287803831,1.319335565,0.520537101
5'-deoxy-5'-methylthioadenosine,MID_103,C00170,7.267318648,7.238434877,6.759674708,7.192375036,0.028883771,-0.432700328,0.50764394,0.046059841,0.854318572,0.186601503,0.979256638,0.925175402,0.095622822,0.968815751,0.162003468,1.490111485,0.433476819,0.140668726,-1.561724091,0.743534693,0.313145037,1.242132287,0.534755371
4-hydroxybutyric acid,MID_104,C00989,8.508775451,8.580852239,8.600663988,8.656379136,-0.072076788,-0.055715147,-0.091888538,-0.075526897,0.921026706,-0.100716601,0.979256638,0.921373065,-0.100499185,0.968815751,0.905223662,-0.121606057,0.975291111,0.946095422,-0.068833774,0.95469629,0.998007082,0.012649113,0.998007082
3-phosphoglycerate,MID_105,C00597,7.245508766,7.869545583,7.814924351,8.407533644,-0.624036817,-0.592609293,-0.569415585,-0.537988061,0.158288204,-1.480022081,0.561980876,0.063633119,-2.01406807,0.265386423,0.115751473,-1.695480407,0.356900376,0.163673292,-1.470008266,0.764977885,0.028243569,3.504868689,0.101130199
2-hydroxyglutaric acid,MID_106,C02630,6.816269569,7.163886039,6.355842548,6.58607846,-0.347616469,-0.230235912,0.460427022,0.577807579,0.074045439,1.911326196,0.328761747,0.195500055,-1.359446898,0.487909146,0.128141748,1.634285407,0.36471113,0.507260198,-0.68054314,0.773482419,0.06258235,2.731880964,0.180761459
"2,5-dihydroxypyrazine ",MID_107,C01059,9.28717498,8.422261118,9.485171148,8.868852347,0.864913862,0.616318801,-0.197996168,-0.446591229,0.146668711,-1.525453755,0.542674231,0.015770848,2.745918714,0.14588034,0.510031308,-0.678984937,0.775527057,0.04396432,2.213598512,0.610004937,0.005931119,5.12941439,0.034395886
"2,3-bisphosphoglyceric acid",MID_108,C03339,11.11220441,10.41103404,10.60006402,10.67466152,0.701170366,-0.074597505,0.512140391,-0.26362748,0.626174877,-0.496672156,0.965352936,0.07874578,1.896321549,0.281960695,0.149625239,1.539502418,0.415210039,0.896248454,-0.132790957,0.952426245,0.531527413,0.750049112,0.716201383
1-monostearin,MID_109,D01947,8.640455639,8.961370877,8.263832089,8.97533359,-0.320915238,-0.711501501,0.37662355,-0.013962713,0.961564306,-0.048950864,0.983682024,0.428008297,-0.81628539,0.688535086,0.474532803,0.738285573,0.767627558,0.087497914,-1.837194643,0.688932596,0.251319954,1.443147268,0.472822286
"1,2-anhydro-myo-inositol ",MID_110,"1,2-anhydro-myo-inositol ",8.852886609,8.43555619,8.55762934,8.586308516,0.417330419,-0.028679176,0.29525727,-0.150752326,0.433288095,-0.803808683,0.865716639,0.133194167,1.59427613,0.407546127,0.271681427,1.152187665,0.597402351,0.865056021,-0.173092907,0.952426245,0.312744497,1.243304347,0.534755371
84922,MID_239,C00055,7.675951335,7.27802256,8.404175825,8.069624795,0.397928775,0.33455103,-0.72822449,-0.791602235,0.020426451,-2.573079279,0.161952575,0.199683482,1.346035754,0.487909146,0.109646992,-1.727792719,0.356900376,0.432782431,0.807683444,0.764977885,0.022153068,3.747712197,0.087340201